{"type":"FeatureCollection","features":[{"type":"Feature","properties":{"name":"Adana","number":1},"geometry":{"type":"Polygon","coordinates":[[[34.9115,36.7287],[34.9212,36.7353],[34.927,36.738],[34.9259,36.7418],[34.9298,36.7453],[34.9325,36.7407],[34.9385,36.7411],[34.9436,36.7459],[34.9476,36.7405],[34.9579,36.7413],[34.9596,36.7464],[34.9566,36.7518],[34.9607,36.7545],[34.9652,36.7518],[34.97,36.7544],[34.9686,36.7583],[34.9748,36.7577],[34.9816,36.7608],[34.9933,36.7609],[34.9981,36.7597],[35.0029,36.7522],[35.0085,36.7512],[35.0105,36.7559],[35.0043,36.763],[35.0031,36.7674],[35.0084,36.7676],[35.0114,36.7658],[35.0199,36.7577],[35.0256,36.7569],[35.0309,36.7605],[35.0303,36.7642],[35.0244,36.7696],[35.0245,36.7747],[35.0267,36.7784],[35.0341,36.7786],[35.0371,36.7737],[35.0369,36.7666],[35.0422,36.7642],[35.0477,36.7678],[35.0484,36.7764],[35.0496,36.7786],[35.0565,36.7829],[35.0669,36.7857],[35.0693,36.7873],[35.0718,36.7952],[35.0738,36.7986],[35.0817,36.7972],[35.0878,36.7877],[35.0924,36.7844],[35.0986,36.7835],[35.1095,36.7887],[35.1141,36.7892],[35.119,36.7919],[35.1306,36.7926],[35.1294,36.7897],[35.1344,36.7883],[35.1404,36.7908],[35.1445,36.7983],[35.1433,36.8026],[35.1466,36.8045],[35.1465,36.8077],[35.1416,36.8127],[35.1294,36.8155],[35.1254,36.8154],[35.1244,36.8224],[35.1388,36.8306],[35.144,36.8367],[35.1439,36.8401],[35.1464,36.8452],[35.1438,36.8465],[35.1505,36.8544],[35.1515,36.8591],[35.1397,36.8611],[35.1402,36.8709],[35.1438,36.8757],[35.1402,36.8792],[35.1413,36.8848],[35.1379,36.8868],[35.1441,36.8967],[35.1441,36.9034],[35.1453,36.9102],[35.1341,36.9116],[35.1308,36.9076],[35.1279,36.9113],[35.1312,36.9153],[35.1236,36.9164],[35.126,36.9245],[35.12,36.9414],[35.116,36.942],[35.1145,36.947],[35.1109,36.9451],[35.1079,36.9495],[35.0978,36.9505],[35.0994,36.9618],[35.0961,36.9664],[35.0882,36.967],[35.0935,36.9745],[35.0939,36.9804],[35.1208,36.9848],[35.121,36.9919],[35.1173,36.9966],[35.1158,37.0024],[35.1197,37.0058],[35.1172,37.0081],[35.1216,37.0101],[35.1168,37.014],[35.1205,37.0195],[35.1186,37.0285],[35.1213,37.0326],[35.1225,37.0407],[35.0983,37.0436],[35.081,37.0508],[35.0815,37.0646],[35.0661,37.0573],[35.0533,37.0675],[35.0468,37.0658],[35.041,37.0683],[35.0375,37.0683],[35.0328,37.0658],[35.0211,37.0669],[35.0119,37.0648],[35.0066,37.077],[34.9997,37.0841],[34.989,37.1062],[34.9828,37.1164],[34.9816,37.1209],[34.9645,37.134],[34.9577,37.1423],[34.9529,37.1471],[34.9505,37.1546],[34.9546,37.1661],[34.9513,37.1748],[34.9447,37.1798],[34.9378,37.1867],[34.9308,37.1986],[34.9309,37.2054],[34.9375,37.2097],[34.9568,37.2156],[34.9623,37.2189],[34.9638,37.2252],[34.9688,37.2303],[34.9713,37.2379],[34.9691,37.2487],[34.9746,37.2677],[34.9551,37.2832],[34.9349,37.2918],[34.9061,37.2967],[34.8716,37.296],[34.841,37.3031],[34.8174,37.309],[34.8044,37.315],[34.7788,37.3309],[34.7873,37.3493],[34.7875,37.3758],[34.7732,37.4004],[34.7697,37.414],[34.7748,37.4209],[34.7882,37.424],[34.7972,37.4316],[34.7995,37.4464],[34.7963,37.4559],[34.8021,37.4661],[34.8227,37.4735],[34.8321,37.4823],[34.8415,37.4979],[34.8434,37.5038],[34.8499,37.5147],[34.8475,37.5396],[34.8574,37.5497],[34.8695,37.5608],[34.8689,37.5734],[34.8653,37.5821],[34.8548,37.5885],[34.8586,37.6013],[34.8477,37.6087],[34.858,37.623],[34.8552,37.6339],[34.8668,37.6574],[34.8796,37.682],[34.8918,37.6909],[34.9056,37.6948],[34.9365,37.6936],[34.9569,37.6849],[34.9693,37.6743],[34.9897,37.6702],[34.9993,37.6666],[35.0527,37.65],[35.091,37.6496],[35.3111,37.7176],[35.3207,37.7056],[35.3351,37.7039],[35.3589,37.7036],[35.3888,37.6942],[35.3997,37.6935],[35.4051,37.6914],[35.429,37.698],[35.4429,37.7106],[35.4744,37.7242],[35.4808,37.7194],[35.4786,37.7136],[35.4825,37.708],[35.4992,37.7164],[35.5128,37.7183],[35.5166,37.7208],[35.5196,37.7252],[35.5195,37.7299],[35.522,37.736],[35.5227,37.7496],[35.5174,37.7606],[35.5224,37.7631],[35.5262,37.7668],[35.5299,37.7761],[35.5187,37.8],[35.5296,37.7987],[35.5388,37.7995],[35.5611,37.8023],[35.5761,37.7881],[35.5925,37.799],[35.6037,37.8018],[35.6046,37.8106],[35.607,37.8199],[35.61,37.827],[35.616,37.8312],[35.6236,37.8408],[35.6122,37.8428],[35.6167,37.8487],[35.6075,37.8528],[35.604,37.86],[35.5973,37.8601],[35.5981,37.867],[35.5948,37.8704],[35.5961,37.873],[35.5931,37.8782],[35.5906,37.8794],[35.5866,37.8852],[35.5864,37.8913],[35.5908,37.8952],[35.5944,37.9051],[35.5864,37.9211],[35.5767,37.9311],[35.5757,37.9414],[35.584,37.949],[35.5913,37.9593],[35.5982,37.9655],[35.6047,37.968],[35.611,37.9684],[35.6194,37.9718],[35.6276,37.9732],[35.6315,37.9723],[35.6395,37.9737],[35.6476,37.9774],[35.664,37.9813],[35.671,37.9838],[35.69,37.9736],[35.6891,37.9794],[35.693,37.9958],[35.7091,38.0256],[35.712,38.0284],[35.7099,38.0349],[35.7163,38.0448],[35.7197,38.0452],[35.7247,38.0548],[35.7217,38.0603],[35.7225,38.0626],[35.7399,38.0542],[35.7398,38.0477],[35.7411,38.0456],[35.7484,38.0407],[35.7597,38.0416],[35.7639,38.0438],[35.7646,38.0552],[35.766,38.0579],[35.7767,38.0535],[35.7779,38.099],[35.7709,38.1006],[35.7699,38.1024],[35.7777,38.1074],[35.7866,38.1085],[35.7915,38.1148],[35.7963,38.1168],[35.8006,38.1209],[35.8016,38.1143],[35.8158,38.1085],[35.8065,38.0995],[35.7994,38.0982],[35.7897,38.0812],[35.7953,38.0778],[35.8036,38.0759],[35.8177,38.0763],[35.8266,38.0755],[35.8352,38.0761],[35.8517,38.0902],[35.8675,38.0869],[35.8747,38.0845],[35.8881,38.0881],[35.8913,38.0909],[35.8992,38.0912],[35.9065,38.1008],[35.9141,38.1034],[35.9198,38.1099],[35.9296,38.1022],[35.9326,38.1007],[35.9373,38.0955],[35.9452,38.0969],[35.9542,38.1056],[35.9579,38.1061],[35.9635,38.1092],[35.968,38.1159],[35.9745,38.1173],[35.9722,38.1221],[35.971,38.1322],[35.9729,38.139],[35.9828,38.1459],[35.9908,38.1504],[35.9929,38.1543],[35.9916,38.1673],[35.9952,38.1735],[36.0021,38.1764],[36.0054,38.1806],[36.0118,38.1808],[36.0124,38.1848],[36.0209,38.1897],[36.0004,38.195],[35.9962,38.2005],[35.994,38.2073],[35.9945,38.2121],[35.9904,38.2234],[35.9952,38.2277],[36.004,38.2323],[36.0128,38.2422],[36.0247,38.247],[36.0392,38.2566],[36.0455,38.2598],[36.0452,38.2647],[36.0486,38.2684],[36.0497,38.2725],[36.0619,38.2808],[36.078,38.3002],[36.0857,38.306],[36.0927,38.3098],[36.0983,38.3142],[36.1063,38.3254],[36.1086,38.3305],[36.1128,38.3317],[36.1241,38.3407],[36.1347,38.3415],[36.1395,38.3436],[36.1393,38.3379],[36.1356,38.3222],[36.1409,38.3235],[36.1495,38.3239],[36.1518,38.3256],[36.1567,38.333],[36.165,38.3437],[36.1708,38.3461],[36.1846,38.349],[36.1873,38.3595],[36.1795,38.3837],[36.2061,38.3931],[36.2283,38.3996],[36.2562,38.4029],[36.2808,38.4046],[36.2846,38.3999],[36.2853,38.3913],[36.2884,38.3898],[36.292,38.3841],[36.3192,38.3802],[36.3274,38.3799],[36.3358,38.378],[36.3528,38.3831],[36.3622,38.3802],[36.3727,38.3796],[36.3783,38.374],[36.3824,38.3662],[36.3799,38.3606],[36.3842,38.3543],[36.3882,38.3536],[36.3878,38.3486],[36.3794,38.3426],[36.3762,38.3376],[36.3727,38.3376],[36.3674,38.3344],[36.3657,38.328],[36.3694,38.323],[36.3649,38.3086],[36.3563,38.2999],[36.3625,38.2994],[36.3625,38.2947],[36.3691,38.2936],[36.3762,38.2909],[36.3778,38.2878],[36.3854,38.2881],[36.3947,38.2859],[36.4091,38.2809],[36.4062,38.2703],[36.4096,38.2629],[36.4072,38.2556],[36.3977,38.2431],[36.3915,38.2431],[36.3891,38.2416],[36.3856,38.2495],[36.387,38.255],[36.3826,38.2586],[36.3788,38.2572],[36.3824,38.251],[36.3805,38.2452],[36.3778,38.2434],[36.382,38.2374],[36.3805,38.2339],[36.3839,38.2327],[36.3848,38.2269],[36.3835,38.2178],[36.3807,38.2108],[36.3914,38.2158],[36.3941,38.2131],[36.389,38.2085],[36.3909,38.2062],[36.386,38.198],[36.3893,38.1908],[36.3889,38.1862],[36.3852,38.183],[36.3739,38.1764],[36.3722,38.1722],[36.3609,38.1637],[36.3607,38.1596],[36.3517,38.1484],[36.3627,38.1412],[36.348,38.1225],[36.3512,38.1128],[36.3582,38.1047],[36.3571,38.097],[36.3528,38.0915],[36.3463,38.0897],[36.3427,38.0859],[36.3431,38.0825],[36.3517,38.0686],[36.3493,38.0535],[36.3407,38.0582],[36.3322,38.0676],[36.3192,38.0618],[36.2899,38.0545],[36.2741,38.0544],[36.2661,38.0537],[36.2614,38.0485],[36.26,38.0441],[36.2556,38.0417],[36.2537,38.0365],[36.2569,38.0295],[36.2544,38.026],[36.2509,38.0251],[36.247,38.0266],[36.2439,38.0223],[36.2336,38.0204],[36.2338,38.0139],[36.2309,38.0103],[36.2299,38.0059],[36.2262,38.0018],[36.2297,37.9962],[36.2258,37.9929],[36.2261,37.9901],[36.221,37.9865],[36.2157,37.9791],[36.2157,37.975],[36.2118,37.9706],[36.2133,37.9651],[36.2118,37.9623],[36.2057,37.9577],[36.2059,37.9538],[36.2035,37.9456],[36.2015,37.9426],[36.2047,37.9401],[36.2052,37.9369],[36.2104,37.937],[36.2154,37.94],[36.2354,37.9466],[36.268,37.9221],[36.2923,37.9066],[36.2928,37.8944],[36.2832,37.8828],[36.2827,37.8679],[36.271,37.8448],[36.2695,37.8162],[36.2639,37.8055],[36.2611,37.7965],[36.2555,37.7898],[36.2684,37.7778],[36.2698,37.7721],[36.2699,37.7651],[36.2673,37.7557],[36.2612,37.7516],[36.2607,37.7498],[36.2036,37.749],[36.1911,37.7465],[36.174,37.7387],[36.1547,37.7374],[36.1466,37.7327],[36.1372,37.7232],[36.1278,37.7096],[36.1034,37.6861],[36.0872,37.6625],[36.0694,37.6409],[36.0523,37.6273],[36.0372,37.6132],[36.0259,37.6083],[35.9935,37.5875],[35.9839,37.5791],[35.9716,37.5663],[35.9644,37.5494],[35.9616,37.5347],[35.9651,37.5286],[35.9622,37.5169],[35.9568,37.5098],[35.9517,37.5069],[35.9472,37.4886],[35.9377,37.4873],[35.9294,37.4839],[35.9219,37.4755],[35.9211,37.4725],[35.9157,37.4664],[35.9144,37.4617],[35.9173,37.4487],[35.9196,37.444],[35.9225,37.4236],[35.9219,37.4109],[35.92,37.402],[35.9196,37.3948],[35.9175,37.3922],[35.9141,37.384],[35.917,37.3735],[35.9157,37.3637],[35.9167,37.3621],[35.9168,37.3526],[35.916,37.3499],[35.9203,37.3457],[35.9166,37.3381],[35.9128,37.3345],[35.9102,37.3259],[35.9109,37.3179],[35.9092,37.3171],[35.9055,37.2972],[35.905,37.2875],[35.9034,37.2846],[35.9046,37.2811],[35.912,37.2701],[35.9128,37.2584],[35.9173,37.2534],[35.9154,37.2501],[35.9169,37.245],[35.9127,37.2429],[35.9139,37.2343],[35.9101,37.2344],[35.9036,37.2323],[35.893,37.2173],[35.8926,37.2115],[35.8874,37.2084],[35.8845,37.1991],[35.8841,37.1948],[35.8798,37.1914],[35.8803,37.1871],[35.8765,37.185],[35.8819,37.1824],[35.8827,37.1796],[35.8806,37.1757],[35.8842,37.1746],[35.8888,37.1775],[35.9002,37.1762],[35.8955,37.1827],[35.9031,37.1838],[35.9098,37.1877],[35.9238,37.1909],[35.9311,37.1949],[35.931,37.2013],[35.9353,37.2046],[35.9448,37.2041],[35.9471,37.2102],[35.9533,37.2066],[35.9581,37.2062],[35.9636,37.211],[35.968,37.2181],[35.9724,37.2201],[35.9764,37.2198],[35.9845,37.2165],[35.9928,37.2184],[36.006,37.2141],[36.0218,37.2129],[36.0272,37.2109],[36.0354,37.2118],[36.0476,37.2075],[36.0525,37.2071],[36.0737,37.1999],[36.0724,37.179],[36.0729,37.1753],[36.0768,37.1655],[36.0832,37.1617],[36.0856,37.1584],[36.0962,37.155],[36.0965,37.1435],[36.0941,37.1347],[36.0872,37.1279],[36.0773,37.1155],[36.078,37.1055],[36.0881,37.1002],[36.0947,37.0938],[36.0992,37.0845],[36.0895,37.0809],[36.0905,37.0737],[36.0951,37.061],[36.0923,37.0581],[36.0865,37.0573],[36.0825,37.0607],[36.0718,37.0572],[36.0646,37.0569],[36.0629,37.0528],[36.0571,37.0459],[36.0554,37.0185],[36.0576,37.0082],[36.0497,37.0072],[36.0428,37.0043],[36.0306,36.9943],[36.0216,36.9823],[36.0077,36.9712],[35.9844,36.967],[35.9474,36.9336],[35.941,36.9066],[35.9387,36.8987],[35.9397,36.8936],[35.9435,36.8895],[35.9369,36.886],[35.9363,36.8808],[35.9225,36.8762],[35.9179,36.8722],[35.9196,36.8693],[35.9131,36.8656],[35.9106,36.8626],[35.91,36.8582],[35.9055,36.8545],[35.8996,36.8478],[35.9003,36.844],[35.8977,36.84],[35.8852,36.8366],[35.8835,36.8317],[35.8764,36.8286],[35.8697,36.8225],[35.8692,36.8192],[35.8638,36.8162],[35.8555,36.814],[35.85,36.8105],[35.8475,36.8067],[35.8466,36.8015],[35.8431,36.7965],[35.8338,36.7923],[35.8307,36.7889],[35.8206,36.7855],[35.8174,36.7827],[35.813,36.7819],[35.8104,36.7792],[35.8015,36.7784],[35.7961,36.7743],[35.7918,36.7694],[35.7921,36.7667],[35.783,36.7679],[35.7774,36.7677],[35.7706,36.7695],[35.7611,36.7703],[35.7422,36.7682],[35.7279,36.7636],[35.7188,36.7625],[35.7117,36.7591],[35.7048,36.7597],[35.7024,36.765],[35.6983,36.7673],[35.687,36.7678],[35.6816,36.7657],[35.6722,36.7676],[35.6667,36.7669],[35.6579,36.7615],[35.6528,36.7616],[35.6495,36.7582],[35.6467,36.7589],[35.6418,36.7563],[35.6403,36.7505],[35.6354,36.7461],[35.6281,36.7469],[35.6243,36.739],[35.621,36.7378],[35.6178,36.7309],[35.6104,36.7334],[35.6028,36.7277],[35.5997,36.7208],[35.5945,36.7181],[35.5958,36.7121],[35.5986,36.7068],[35.5963,36.7053],[35.5993,36.6997],[35.6039,36.7017],[35.6054,36.7047],[35.6109,36.7036],[35.6103,36.708],[35.6158,36.7091],[35.6149,36.7038],[35.6166,36.7014],[35.6228,36.701],[35.627,36.7032],[35.6278,36.6978],[35.6337,36.6976],[35.6362,36.701],[35.6431,36.702],[35.6456,36.7006],[35.6543,36.704],[35.6609,36.7083],[35.6704,36.7073],[35.6832,36.7075],[35.6945,36.7096],[35.6939,36.7048],[35.6862,36.7042],[35.6852,36.7018],[35.6795,36.7021],[35.6726,36.6982],[35.6747,36.6938],[35.6776,36.6938],[35.6856,36.7001],[35.6984,36.7053],[35.7044,36.7067],[35.7071,36.7036],[35.688,36.6917],[35.6599,36.679],[35.6537,36.6758],[35.6437,36.6675],[35.6383,36.6579],[35.6362,36.6484],[35.6375,36.6343],[35.6366,36.6262],[35.632,36.6143],[35.6258,36.6053],[35.6198,36.6007],[35.6121,36.5974],[35.5964,36.5923],[35.5912,36.5916],[35.5851,36.5891],[35.5805,36.5858],[35.5774,36.5787],[35.5689,36.5666],[35.5641,36.565],[35.558,36.5651],[35.5423,36.5727],[35.5318,36.5767],[35.513,36.5824],[35.4989,36.5856],[35.4815,36.5884],[35.4585,36.5913],[35.4516,36.5908],[35.4381,36.5918],[35.4289,36.5914],[35.4164,36.5896],[35.4068,36.5847],[35.4045,36.5792],[35.4057,36.5756],[35.4044,36.5714],[35.397,36.5695],[35.3865,36.5635],[35.3804,36.5565],[35.3715,36.5514],[35.3629,36.5513],[35.3597,36.5503],[35.3543,36.5445],[35.3469,36.5442],[35.3428,36.5404],[35.3394,36.5432],[35.3336,36.5515],[35.3208,36.559],[35.285,36.5767],[35.2712,36.583],[35.2593,36.5893],[35.2266,36.6053],[35.207,36.6143],[35.186,36.6234],[35.1722,36.63],[35.1454,36.6419],[35.1139,36.6569],[35.0862,36.6716],[35.0365,36.6956],[35.019,36.7035],[34.9994,36.7113],[34.984,36.7166],[34.9749,36.7191],[34.9616,36.7218],[34.9473,36.7238],[34.9246,36.7259],[34.9115,36.7287]]]}},{"type":"Feature","properties":{"name":"Adıyaman","number":2},"geometry":{"type":"Polygon","coordinates":[[[37.6038,37.4835],[37.6033,37.49],[37.5908,37.5089],[37.5814,37.5211],[37.5784,37.5427],[37.5845,37.57],[37.5871,37.5761],[37.5863,37.5832],[37.5807,37.5867],[37.5725,37.5941],[37.5644,37.5988],[37.5632,37.6055],[37.5583,37.6069],[37.5538,37.6104],[37.5498,37.6082],[37.5422,37.6069],[37.5274,37.5907],[37.5175,37.5906],[37.5128,37.5893],[37.5077,37.586],[37.5082,37.5791],[37.4987,37.5755],[37.4942,37.5707],[37.4957,37.5609],[37.4714,37.5626],[37.4584,37.5737],[37.4507,37.574],[37.4496,37.6002],[37.4514,37.6064],[37.4455,37.6163],[37.4484,37.623],[37.4422,37.6349],[37.436,37.6409],[37.4422,37.6499],[37.4468,37.6532],[37.4518,37.6545],[37.4536,37.6598],[37.4542,37.6677],[37.4578,37.6724],[37.4626,37.6747],[37.4694,37.6822],[37.4679,37.6935],[37.4666,37.7131],[37.4591,37.7212],[37.4559,37.7352],[37.4563,37.7429],[37.4533,37.7482],[37.4588,37.7558],[37.467,37.7526],[37.4836,37.7499],[37.4878,37.7543],[37.4901,37.7592],[37.4998,37.7648],[37.5067,37.7716],[37.5152,37.7744],[37.5186,37.7798],[37.5209,37.7868],[37.5197,37.7932],[37.5217,37.7956],[37.5187,37.7985],[37.515,37.7978],[37.5105,37.7939],[37.5082,37.7948],[37.5089,37.8037],[37.5096,37.8252],[37.5108,37.8398],[37.5131,37.8447],[37.5105,37.8581],[37.5126,37.8613],[37.5122,37.8648],[37.5085,37.8676],[37.5081,37.8744],[37.5039,37.878],[37.4878,37.882],[37.4829,37.882],[37.4876,37.8876],[37.4955,37.8919],[37.5093,37.9045],[37.5193,37.9107],[37.5357,37.9196],[37.5378,37.9196],[37.5429,37.9115],[37.5514,37.9081],[37.5586,37.9032],[37.5641,37.9007],[37.5699,37.8999],[37.5829,37.9026],[37.5873,37.9102],[37.6006,37.9147],[37.6079,37.9214],[37.5993,37.9297],[37.598,37.9331],[37.6031,37.9358],[37.612,37.9385],[37.6184,37.9493],[37.6457,37.9537],[37.6595,37.9521],[37.6708,37.943],[37.6774,37.9481],[37.6857,37.9574],[37.6913,37.9615],[37.6963,37.9526],[37.6934,37.9495],[37.6983,37.9436],[37.6928,37.93],[37.6843,37.9217],[37.6816,37.9139],[37.6845,37.9108],[37.6892,37.9093],[37.7019,37.9126],[37.725,37.9117],[37.7339,37.9207],[37.7421,37.9273],[37.7563,37.9346],[37.7636,37.9136],[37.7582,37.9081],[37.7668,37.9019],[37.7668,37.8876],[37.7831,37.8893],[37.7841,37.8848],[37.8061,37.8851],[37.8161,37.8805],[37.8595,37.8805],[37.8711,37.8878],[37.8847,37.8884],[37.9146,37.8825],[37.9354,37.8805],[37.9497,37.8712],[37.9661,37.8666],[37.9755,37.8704],[37.9925,37.8828],[38.0116,37.8908],[38.0386,37.8991],[38.0425,37.9042],[38.0443,37.9124],[38.0506,37.9191],[38.0656,37.9312],[38.0708,37.9363],[38.0824,37.9426],[38.0978,37.9498],[38.1069,37.9673],[38.132,37.9761],[38.1362,37.9882],[38.1477,37.9932],[38.1509,37.997],[38.1534,38.0052],[38.1472,38.0113],[38.1396,38.0151],[38.1338,38.0152],[38.1103,38.0476],[38.1111,38.0561],[38.1107,38.0654],[38.1186,38.0749],[38.1295,38.0932],[38.1318,38.1052],[38.1487,38.1077],[38.1565,38.1132],[38.1593,38.1193],[38.1705,38.116],[38.1876,38.1037],[38.1938,38.1408],[38.2052,38.1414],[38.2154,38.1482],[38.2176,38.1589],[38.2229,38.1676],[38.2595,38.2025],[38.2632,38.2101],[38.2696,38.2067],[38.275,38.2085],[38.2713,38.2015],[38.2566,38.1881],[38.2556,38.184],[38.2581,38.1788],[38.2641,38.1747],[38.2708,38.1675],[38.2792,38.1664],[38.2676,38.1618],[38.282,38.1566],[38.2831,38.1543],[38.2905,38.1506],[38.288,38.1472],[38.2815,38.1463],[38.2685,38.1472],[38.2755,38.1402],[38.2848,38.133],[38.3018,38.1326],[38.3071,38.1416],[38.3114,38.1573],[38.2909,38.1601],[38.2996,38.1663],[38.3151,38.1674],[38.3213,38.1647],[38.3103,38.1486],[38.3079,38.1413],[38.3049,38.1365],[38.3044,38.1291],[38.3136,38.1264],[38.321,38.1253],[38.3243,38.1199],[38.3109,38.1123],[38.3065,38.1122],[38.3016,38.1088],[38.3036,38.1051],[38.3141,38.1069],[38.327,38.1128],[38.3455,38.1165],[38.3506,38.1192],[38.3597,38.1187],[38.365,38.1174],[38.3748,38.1177],[38.3872,38.1134],[38.3958,38.1064],[38.4018,38.1071],[38.4151,38.1026],[38.4165,38.1076],[38.4163,38.116],[38.4225,38.116],[38.4292,38.1259],[38.4417,38.1751],[38.4563,38.1819],[38.4822,38.1873],[38.492,38.1903],[38.4933,38.178],[38.4951,38.1746],[38.495,38.1696],[38.4971,38.1657],[38.4964,38.1582],[38.5073,38.1586],[38.5176,38.1533],[38.5258,38.1554],[38.5381,38.1497],[38.5668,38.1391],[38.5707,38.1338],[38.5757,38.1335],[38.5824,38.127],[38.574,38.1243],[38.5983,38.114],[38.6096,38.104],[38.6132,38.0979],[38.6244,38.0914],[38.6359,38.0875],[38.6424,38.0782],[38.6666,38.0621],[38.6734,38.0593],[38.6755,38.0553],[38.6819,38.0538],[38.6823,38.0511],[38.691,38.0501],[38.701,38.0465],[38.7142,38.0451],[38.7194,38.0471],[38.7218,38.0526],[38.7311,38.0531],[38.7388,38.0432],[38.7473,38.0359],[38.7637,38.0192],[38.7569,38.0095],[38.7515,37.9928],[38.7606,37.987],[38.7821,37.9975],[38.7943,38.0023],[38.7975,38.006],[38.81,38.0053],[38.8256,38.0094],[38.839,38.0241],[38.8465,38.03],[38.8509,38.0354],[38.8567,38.0369],[38.8638,38.0433],[38.8704,38.043],[38.8761,38.0462],[38.8839,38.0474],[38.8892,38.0503],[38.8946,38.0495],[38.9008,38.0523],[38.8909,38.0579],[38.8836,38.0652],[38.8738,38.0723],[38.8631,38.076],[38.882,38.0796],[38.8949,38.0839],[38.9247,38.0889],[38.933,38.0883],[38.9358,38.0589],[38.9395,38.0609],[38.9505,38.0628],[38.9573,38.0663],[38.9678,38.0672],[38.9724,38.0687],[38.9797,38.0683],[38.9872,38.0694],[38.9924,38.0711],[39.0024,38.0703],[39.0074,38.071],[39.0144,38.0745],[39.0237,38.0753],[39.0309,38.081],[39.037,38.0836],[39.0422,38.0893],[39.0437,38.093],[39.0467,38.0939],[39.0544,38.1051],[39.0562,38.1135],[39.0612,38.1289],[39.0662,38.1353],[39.0687,38.1426],[39.0803,38.1509],[39.0875,38.1586],[39.1,38.1641],[39.107,38.1685],[39.1119,38.1757],[39.1183,38.179],[39.1267,38.1867],[39.1343,38.1893],[39.1376,38.1891],[39.1449,38.1853],[39.152,38.1832],[39.1625,38.1835],[39.1742,38.1912],[39.1871,38.2019],[39.1952,38.2068],[39.2033,38.2059],[39.207,38.2076],[39.2134,38.2068],[39.2201,38.2078],[39.2265,38.2059],[39.2319,38.2007],[39.2335,38.1916],[39.2383,38.1914],[39.2436,38.1893],[39.253,38.183],[39.2568,38.1779],[39.2584,38.1659],[39.2633,38.1528],[39.2629,38.1461],[39.2536,38.133],[39.2466,38.1254],[39.2378,38.1214],[39.2361,38.1149],[39.2351,38.1061],[39.2275,38.0883],[39.2261,38.0805],[39.2223,38.0718],[39.2015,38.0629],[39.1966,38.0487],[39.183,38.0417],[39.1767,38.0293],[39.1594,38.0181],[39.1505,38.0156],[39.1375,38.018],[39.1279,38.0205],[39.112,38.018],[39.0971,38.0127],[39.0883,38.0074],[39.0814,37.9989],[39.0672,37.9922],[39.0592,37.9844],[39.0555,37.9717],[39.0572,37.9647],[39.0465,37.9525],[39.0443,37.9443],[39.0392,37.937],[39.0393,37.9305],[39.0314,37.9257],[39.0249,37.9166],[39.0101,37.9162],[38.9961,37.9127],[38.9737,37.9001],[38.9772,37.8939],[38.9924,37.8851],[38.9836,37.8698],[38.9739,37.86],[38.9761,37.8453],[38.9792,37.8319],[38.9767,37.8239],[38.968,37.8222],[38.9414,37.8286],[38.9208,37.8264],[38.8982,37.8046],[38.8968,37.7939],[38.9016,37.7917],[38.9212,37.8015],[38.9413,37.8078],[38.9508,37.805],[38.9542,37.7986],[38.9553,37.7727],[38.9645,37.7637],[38.9586,37.753],[38.9242,37.7479],[38.9053,37.7412],[38.9031,37.732],[38.9148,37.7251],[38.9126,37.7129],[38.8959,37.7125],[38.8801,37.7066],[38.8627,37.6946],[38.8584,37.6926],[38.8495,37.6911],[38.8269,37.6978],[38.8103,37.6936],[38.8058,37.6819],[38.8169,37.6696],[38.8472,37.6628],[38.857,37.655],[38.8569,37.651],[38.8474,37.6476],[38.8217,37.643],[38.8011,37.6433],[38.7831,37.6405],[38.7682,37.635],[38.7579,37.6292],[38.7497,37.6272],[38.7414,37.6264],[38.7214,37.6258],[38.6942,37.6275],[38.6747,37.6267],[38.6514,37.6242],[38.6444,37.6208],[38.6261,37.5969],[38.615,37.5869],[38.5994,37.5819],[38.5925,37.5786],[38.5794,37.5705],[38.5753,37.5642],[38.5722,37.5567],[38.5675,37.5508],[38.5617,37.5464],[38.5419,37.5347],[38.5197,37.515],[38.5175,37.5119],[38.5092,37.5044],[38.4994,37.4986],[38.4764,37.4906],[38.4631,37.4883],[38.4208,37.49],[38.4108,37.4897],[38.4028,37.4872],[38.3928,37.4819],[38.383,37.4811],[38.3525,37.4864],[38.3411,37.4875],[38.3274,37.4902],[38.3102,37.4875],[38.3106,37.4815],[38.3087,37.4749],[38.3055,37.4726],[38.2924,37.4756],[38.2796,37.4773],[38.2712,37.4757],[38.2669,37.4721],[38.2568,37.4568],[38.2541,37.4513],[38.2474,37.4435],[38.2383,37.4431],[38.2316,37.445],[38.2171,37.4522],[38.2121,37.4526],[38.199,37.4511],[38.1946,37.4475],[38.1904,37.4366],[38.1905,37.4294],[38.1934,37.4233],[38.1916,37.4194],[38.1864,37.4135],[38.1811,37.4102],[38.175,37.4097],[38.1702,37.4117],[38.1724,37.4168],[38.1703,37.4191],[38.1641,37.4218],[38.1504,37.4179],[38.1278,37.4241],[38.1178,37.4277],[38.0974,37.4469],[38.0911,37.4488],[38.081,37.4479],[38.0811,37.4541],[38.0797,37.4611],[38.0761,37.4639],[38.0631,37.4685],[38.0417,37.4729],[38.0258,37.4733],[38,37.4755],[37.9835,37.4746],[37.9678,37.473],[37.9308,37.4678],[37.8977,37.4662],[37.861,37.4667],[37.8377,37.4698],[37.8174,37.4759],[37.798,37.486],[37.7851,37.4958],[37.7714,37.5046],[37.758,37.515],[37.7478,37.5222],[37.7315,37.5271],[37.7195,37.5266],[37.7011,37.5207],[37.6711,37.517],[37.6592,37.5145],[37.6495,37.5117],[37.6401,37.5166],[37.6367,37.5153],[37.63,37.5048],[37.6292,37.488],[37.6242,37.4867],[37.6038,37.4835]]]}},{"type":"Feature","properties":{"name":"Afyonkarahisar","number":3},"geometry":{"type":"Polygon","coordinates":[[[30.0926,37.7992],[30.0479,37.7905],[30.0371,37.801],[30.0257,37.8074],[30.012,37.8069],[29.9939,37.8069],[29.9744,37.797],[29.9641,37.795],[29.9528,37.7937],[29.9351,37.789],[29.9207,37.7878],[29.8971,37.7775],[29.8958,37.8009],[29.8906,37.8072],[29.8869,37.8254],[29.7703,37.8126],[29.7474,37.8216],[29.7438,37.8495],[29.7418,37.8582],[29.7352,37.8631],[29.7184,37.8688],[29.7045,37.8725],[29.6977,37.8789],[29.68,37.8793],[29.6823,37.8864],[29.678,37.8932],[29.6694,37.8981],[29.6685,37.9122],[29.6944,37.9155],[29.7056,37.9231],[29.7157,37.9336],[29.7227,37.9433],[29.7157,37.951],[29.7138,37.955],[29.7093,37.9559],[29.6961,37.9528],[29.687,37.9559],[29.6832,37.9561],[29.6783,37.9601],[29.6668,37.9632],[29.6589,37.9763],[29.6658,37.9845],[29.6634,37.9894],[29.6688,38.0017],[29.6688,38.0086],[29.6609,38.0092],[29.6681,38.0154],[29.6723,38.0123],[29.6765,38.0055],[29.677,38.0006],[29.6837,37.9884],[29.6952,37.9877],[29.7,37.985],[29.7029,37.9855],[29.707,37.9795],[29.7101,37.9794],[29.7247,37.9863],[29.7401,37.9859],[29.7456,37.9879],[29.7448,37.9949],[29.7632,38.0178],[29.7709,38.0219],[29.7786,38.036],[29.8024,38.0454],[29.8118,38.0507],[29.8141,38.0604],[29.812,38.0706],[29.841,38.0756],[29.8474,38.0734],[29.8634,38.0819],[29.8938,38.0932],[29.8854,38.0971],[29.8702,38.1156],[29.8671,38.1358],[29.8742,38.138],[29.885,38.1505],[29.8995,38.1585],[29.912,38.1621],[29.9294,38.1702],[29.9584,38.1637],[29.952,38.1522],[29.9581,38.1413],[29.9724,38.1481],[29.9686,38.1349],[29.9911,38.1394],[29.9993,38.1415],[30.0019,38.1517],[30.0009,38.1625],[30.0034,38.1687],[29.9989,38.1771],[30.0047,38.1796],[30.0097,38.1838],[30.0174,38.1846],[30.0175,38.1903],[30.02,38.195],[30.0581,38.1842],[30.072,38.1894],[30.08,38.1978],[30.0795,38.2036],[30.0763,38.2112],[30.0766,38.2193],[30.0843,38.2248],[30.093,38.2359],[30.0853,38.2518],[30.0643,38.2792],[30.0544,38.2882],[30.0365,38.2961],[30.0245,38.2974],[30.019,38.303],[30.0039,38.3048],[29.9911,38.3114],[29.9903,38.3206],[29.9697,38.3382],[29.9797,38.346],[29.9831,38.3565],[29.9841,38.3686],[29.9795,38.375],[29.9931,38.3879],[30.0059,38.3924],[30.0056,38.4041],[29.9943,38.4101],[29.9782,38.421],[29.9667,38.4114],[29.9489,38.411],[29.9321,38.4094],[29.9258,38.4133],[29.9139,38.4184],[29.9007,38.4251],[29.8952,38.4387],[29.891,38.4446],[29.8853,38.4477],[29.8856,38.4545],[29.8812,38.4595],[29.8735,38.4629],[29.8653,38.4611],[29.846,38.4631],[29.8343,38.4709],[29.8143,38.4741],[29.8118,38.4849],[29.8282,38.5091],[29.832,38.5404],[29.8413,38.5529],[29.8652,38.5836],[29.8881,38.6201],[29.8939,38.6282],[29.9013,38.6354],[29.9215,38.6345],[29.9277,38.6378],[29.911,38.6513],[29.9021,38.6562],[29.8982,38.6606],[29.901,38.6722],[29.9078,38.6848],[29.9039,38.7088],[29.9119,38.7125],[29.9258,38.7125],[29.9388,38.7178],[29.9509,38.7316],[29.9607,38.7362],[29.9787,38.7395],[29.9967,38.736],[30.0026,38.742],[30.0029,38.7551],[30.0076,38.7639],[30.0094,38.7779],[30.0156,38.7874],[30.0156,38.7925],[30.007,38.8017],[30.007,38.806],[30.0341,38.822],[30.057,38.8165],[30.0638,38.8156],[30.0722,38.8174],[30.0861,38.8255],[30.1035,38.8334],[30.13,38.8732],[30.1424,38.8861],[30.1669,38.9028],[30.1839,38.9094],[30.1921,38.9175],[30.2125,38.9534],[30.2282,38.9704],[30.2388,38.9741],[30.2568,38.9766],[30.2607,38.9798],[30.2677,39.0022],[30.2587,39.021],[30.2576,39.0365],[30.2501,39.0464],[30.2423,39.0594],[30.245,39.0685],[30.2551,39.0782],[30.2627,39.0842],[30.268,39.09],[30.2697,39.0988],[30.2657,39.1132],[30.2694,39.1138],[30.2729,39.117],[30.2924,39.1284],[30.2937,39.1341],[30.2995,39.144],[30.3081,39.1532],[30.3179,39.1569],[30.3277,39.1586],[30.3387,39.1583],[30.3555,39.1554],[30.372,39.1535],[30.378,39.1535],[30.41,39.179],[30.4122,39.1824],[30.419,39.1978],[30.43,39.2124],[30.4462,39.2205],[30.479,39.2288],[30.4912,39.2288],[30.4962,39.2276],[30.5082,39.2159],[30.5253,39.1807],[30.5321,39.1579],[30.5447,39.144],[30.5453,39.1297],[30.5481,39.1146],[30.5612,39.1078],[30.5723,39.1048],[30.5797,39.0967],[30.5903,39.0926],[30.6098,39.0936],[30.6327,39.0882],[30.6614,39.0914],[30.6688,39.0896],[30.6713,39.077],[30.6934,39.0554],[30.7065,39.0498],[30.7348,39.0476],[30.742,39.0523],[30.7506,39.0632],[30.7691,39.0661],[30.7846,39.0714],[30.7853,39.0924],[30.7971,39.1161],[30.8197,39.1231],[30.8544,39.1224],[30.8916,39.1166],[30.9073,39.1167],[30.918,39.1203],[30.9211,39.131],[30.9208,39.1387],[30.9049,39.1496],[30.8844,39.1677],[30.8779,39.1792],[30.8773,39.1944],[30.8812,39.2043],[30.8915,39.2134],[30.909,39.2146],[30.9273,39.2182],[30.9393,39.217],[30.9532,39.2136],[30.9755,39.2042],[30.9924,39.1965],[31.017,39.1873],[31.0249,39.1847],[31.0348,39.1918],[31.0545,39.202],[31.0679,39.1997],[31.0896,39.1984],[31.1031,39.2044],[31.1055,39.2189],[31.0749,39.2331],[31.0708,39.2388],[31.0719,39.2422],[31.1104,39.2599],[31.1211,39.2613],[31.1651,39.2504],[31.1956,39.2486],[31.2163,39.2451],[31.2372,39.244],[31.2486,39.2359],[31.2585,39.2357],[31.2821,39.24],[31.2933,39.2452],[31.3039,39.2611],[31.3134,39.2667],[31.322,39.267],[31.3305,39.2614],[31.3296,39.2517],[31.3185,39.2352],[31.3176,39.2207],[31.3287,39.2013],[31.3363,39.193],[31.3458,39.1887],[31.3657,39.1846],[31.3867,39.1839],[31.4045,39.1682],[31.4119,39.1657],[31.4522,39.1654],[31.4593,39.1476],[31.4427,39.1211],[31.4475,39.1132],[31.4709,39.0988],[31.4905,39.0891],[31.5082,39.0851],[31.5297,39.0831],[31.5411,39.0764],[31.5457,39.0672],[31.5446,39.0441],[31.5554,39.0403],[31.5925,39.0433],[31.5898,39.0335],[31.5897,39.0299],[31.5926,39.0211],[31.596,39.0165],[31.6067,39.0161],[31.6067,39.0132],[31.6311,39.0115],[31.6383,39.0119],[31.6377,39.0148],[31.6405,39.0171],[31.6458,39.0176],[31.6487,39.016],[31.6619,39.0163],[31.6688,39.0214],[31.6764,39.0199],[31.6796,39.0162],[31.6826,39.0154],[31.6871,39.0109],[31.6973,39.0022],[31.7026,39.0032],[31.705,39.0008],[31.7165,39.0003],[31.7188,38.9953],[31.7278,38.9926],[31.732,38.9848],[31.7289,38.984],[31.728,38.98],[31.7293,38.9713],[31.7238,38.9692],[31.7194,38.9658],[31.7164,38.9665],[31.7071,38.9605],[31.706,38.9583],[31.6992,38.9621],[31.6917,38.9636],[31.6812,38.9693],[31.6823,38.9763],[31.6869,38.9796],[31.6738,38.9838],[31.6687,38.9761],[31.6623,38.97],[31.6474,38.9701],[31.6397,38.9684],[31.6243,38.9738],[31.6235,38.969],[31.6137,38.972],[31.6071,38.9687],[31.6087,38.9597],[31.617,38.9525],[31.6189,38.9435],[31.6191,38.9341],[31.621,38.9202],[31.6147,38.9104],[31.6096,38.9123],[31.6093,38.905],[31.606,38.9056],[31.5974,38.9014],[31.5987,38.8973],[31.5902,38.8908],[31.5833,38.8832],[31.5706,38.8641],[31.5644,38.8587],[31.5821,38.8612],[31.5853,38.8555],[31.5998,38.8569],[31.6034,38.8601],[31.6162,38.85],[31.6209,38.8365],[31.6186,38.8192],[31.6169,38.8109],[31.6097,38.792],[31.5912,38.7761],[31.5787,38.7614],[31.572,38.7458],[31.5592,38.7347],[31.5436,38.7273],[31.5406,38.7211],[31.5412,38.7011],[31.5408,38.6876],[31.5479,38.6801],[31.5693,38.6707],[31.5748,38.6625],[31.5791,38.6502],[31.5778,38.6422],[31.5647,38.6258],[31.5556,38.6163],[31.5447,38.6101],[31.5333,38.6047],[31.4809,38.5683],[31.4429,38.5463],[31.3422,38.5036],[31.3222,38.4877],[31.3175,38.4691],[31.3097,38.4636],[31.3051,38.456],[31.3048,38.452],[31.3022,38.445],[31.3019,38.4395],[31.2825,38.4333],[31.2759,38.4282],[31.2735,38.4218],[31.2741,38.3992],[31.2721,38.3857],[31.2672,38.3785],[31.2586,38.3769],[31.251,38.3749],[31.242,38.3766],[31.2366,38.3818],[31.2225,38.3837],[31.2081,38.3824],[31.2004,38.384],[31.1857,38.3858],[31.1826,38.394],[31.1829,38.4039],[31.1917,38.4124],[31.2017,38.4203],[31.2058,38.4244],[31.2021,38.4353],[31.1994,38.4385],[31.1891,38.4406],[31.1676,38.4488],[31.1382,38.4619],[31.1271,38.4815],[31.1295,38.4928],[31.1324,38.5016],[31.1178,38.5045],[31.0976,38.5045],[31.0929,38.505],[31.0816,38.5091],[31.0694,38.5085],[31.0388,38.5034],[31.0233,38.5048],[31.0093,38.5068],[30.9994,38.506],[30.9895,38.5031],[30.9833,38.4994],[30.9777,38.4899],[30.976,38.4781],[30.9622,38.4569],[30.9647,38.4426],[30.9582,38.4273],[30.945,38.4242],[30.9393,38.4156],[30.927,38.411],[30.9128,38.4075],[30.895,38.4074],[30.8719,38.4081],[30.8576,38.4048],[30.8508,38.4001],[30.8421,38.3896],[30.8345,38.3884],[30.8186,38.3847],[30.8112,38.3785],[30.8101,38.3718],[30.8068,38.3691],[30.7997,38.3661],[30.7963,38.3604],[30.7987,38.3529],[30.7952,38.3414],[30.7982,38.3334],[30.7935,38.3236],[30.7884,38.3071],[30.7826,38.3013],[30.7761,38.2982],[30.7572,38.2986],[30.7506,38.2958],[30.743,38.2835],[30.7341,38.2753],[30.7248,38.2694],[30.7099,38.266],[30.6961,38.2662],[30.6845,38.2605],[30.6726,38.2539],[30.6659,38.2444],[30.6587,38.237],[30.6437,38.2283],[30.6219,38.2232],[30.6071,38.2202],[30.5785,38.2167],[30.5626,38.2068],[30.5434,38.2024],[30.5244,38.1963],[30.5118,38.1949],[30.5,38.1951],[30.4806,38.199],[30.4742,38.1978],[30.47,38.1946],[30.467,38.1864],[30.4558,38.1815],[30.4529,38.1769],[30.4502,38.1661],[30.4391,38.1608],[30.4283,38.1535],[30.417,38.1411],[30.4074,38.1268],[30.3979,38.1092],[30.3888,38.0745],[30.3826,38.0601],[30.3742,38.0603],[30.3617,38.0557],[30.3559,38.0519],[30.3479,38.0402],[30.3204,38.0393],[30.3142,38.035],[30.2943,38.0172],[30.2799,38.0064],[30.2628,38.0019],[30.2506,37.9917],[30.2452,37.993],[30.2377,37.9926],[30.2101,37.9789],[30.1917,37.9793],[30.1884,37.9677],[30.1791,37.9566],[30.1663,37.9494],[30.1673,37.9364],[30.1566,37.9222],[30.1628,37.9106],[30.1617,37.9044],[30.1551,37.8939],[30.1502,37.8835],[30.1508,37.8792],[30.1561,37.8709],[30.1574,37.8657],[30.1553,37.8596],[30.15,37.8532],[30.1225,37.8311],[30.1177,37.8253],[30.1109,37.8136],[30.0926,37.7992]]]}},{"type":"Feature","properties":{"name":"Ağrı","number":4},"geometry":{"type":"Polygon","coordinates":[[[43.0008,39.0188],[42.965,39.0241],[42.9552,39.0217],[42.9439,39.0082],[42.9358,38.9974],[42.9241,38.9795],[42.9254,38.947],[42.9096,38.9308],[42.8437,38.93],[42.7715,38.9308],[42.7445,38.9373],[42.7147,38.9351],[42.6946,38.9576],[42.7004,38.9601],[42.7071,38.9599],[42.7122,38.9654],[42.7109,38.9695],[42.7065,38.9743],[42.7043,38.982],[42.7102,38.9858],[42.7067,38.9911],[42.6987,38.9942],[42.7002,39.0021],[42.7001,39.0072],[42.6939,39.0108],[42.6881,39.0125],[42.6844,39.0115],[42.6846,39.0166],[42.6945,39.0236],[42.6953,39.0306],[42.6986,39.0385],[42.6967,39.0435],[42.6994,39.0558],[42.7034,39.0641],[42.7058,39.0714],[42.7099,39.0776],[42.7013,39.0811],[42.6952,39.0812],[42.6907,39.084],[42.6927,39.0913],[42.6963,39.0945],[42.6968,39.0986],[42.6993,39.1016],[42.6964,39.1042],[42.6962,39.1076],[42.6933,39.1127],[42.693,39.125],[42.7043,39.1362],[42.7126,39.1506],[42.7019,39.1546],[42.6903,39.1554],[42.6804,39.1541],[42.6936,39.1647],[42.6924,39.1688],[42.6858,39.1719],[42.6861,39.1736],[42.6797,39.1804],[42.6814,39.1822],[42.6853,39.1932],[42.6806,39.1951],[42.6853,39.2031],[42.6861,39.2203],[42.6828,39.2257],[42.6815,39.2306],[42.6775,39.2371],[42.6639,39.2395],[42.6614,39.2445],[42.6603,39.2515],[42.6565,39.2587],[42.6553,39.2649],[42.6526,39.2682],[42.6471,39.2697],[42.6268,39.2715],[42.6017,39.2766],[42.6014,39.2804],[42.5967,39.2869],[42.6009,39.2907],[42.6105,39.2936],[42.6168,39.2986],[42.6256,39.303],[42.6249,39.3113],[42.606,39.3256],[42.5947,39.3312],[42.5816,39.3365],[42.5801,39.3418],[42.5845,39.3436],[42.5844,39.3504],[42.5876,39.3537],[42.5833,39.3574],[42.5813,39.3623],[42.5753,39.3615],[42.5698,39.3653],[42.5685,39.3692],[42.5644,39.369],[42.5563,39.3718],[42.5509,39.3714],[42.5475,39.3691],[42.5446,39.3616],[42.5411,39.3582],[42.5339,39.3596],[42.5245,39.3602],[42.5203,39.3662],[42.5219,39.3711],[42.5213,39.3785],[42.5194,39.3796],[42.517,39.386],[42.5185,39.3889],[42.5157,39.3966],[42.5075,39.4032],[42.5015,39.4142],[42.5006,39.4219],[42.5108,39.4304],[42.5126,39.4352],[42.5112,39.4404],[42.5107,39.4503],[42.5157,39.453],[42.5136,39.4574],[42.5134,39.463],[42.5185,39.4683],[42.5186,39.4761],[42.5113,39.4859],[42.4901,39.482],[42.4804,39.4773],[42.4661,39.4781],[42.4583,39.4898],[42.4421,39.5032],[42.4372,39.5115],[42.4305,39.5134],[42.4308,39.5216],[42.4251,39.525],[42.4196,39.5347],[42.4473,39.5415],[42.4603,39.5504],[42.4692,39.5513],[42.4763,39.549],[42.4834,39.5488],[42.4773,39.5546],[42.4822,39.5607],[42.4724,39.5639],[42.4775,39.5687],[42.4763,39.5748],[42.4813,39.5831],[42.4861,39.5884],[42.505,39.5881],[42.512,39.6001],[42.5115,39.6082],[42.5005,39.6243],[42.5078,39.6331],[42.5203,39.6359],[42.5114,39.6468],[42.498,39.6611],[42.4923,39.6693],[42.4855,39.6806],[42.4807,39.6903],[42.4692,39.6965],[42.4573,39.7079],[42.4588,39.7186],[42.4351,39.725],[42.4235,39.7349],[42.3815,39.744],[42.371,39.7526],[42.3575,39.7595],[42.3304,39.7528],[42.3022,39.7713],[42.2838,39.8083],[42.279,39.8171],[42.2802,39.831],[42.2871,39.843],[42.3164,39.8573],[42.3013,39.8677],[42.3055,39.8754],[42.3119,39.8786],[42.3177,39.8769],[42.3187,39.8722],[42.3272,39.8709],[42.3396,39.8741],[42.3441,39.8691],[42.3566,39.8641],[42.3585,39.8739],[42.373,39.8776],[42.3865,39.8819],[42.3955,39.8912],[42.4068,39.8923],[42.4178,39.8978],[42.4266,39.903],[42.4315,39.8983],[42.4405,39.9117],[42.4347,39.9159],[42.4373,39.92],[42.4357,39.9243],[42.4434,39.924],[42.4499,39.92],[42.4515,39.9167],[42.4579,39.9136],[42.4874,39.9096],[42.4947,39.904],[42.5004,39.912],[42.522,39.9092],[42.5296,39.9138],[42.5248,39.9223],[42.5277,39.9239],[42.5364,39.922],[42.5534,39.9255],[42.552,39.9311],[42.5567,39.9346],[42.6307,39.9348],[42.6822,39.9438],[42.7467,39.96],[42.7546,39.9611],[42.7929,39.9725],[42.8127,39.9695],[42.8643,39.9731],[42.8839,39.9809],[42.9042,39.9809],[42.9149,39.9826],[42.9396,39.9832],[42.9922,39.9859],[43.053,39.9884],[43.0933,39.9839],[43.1129,39.987],[43.1472,39.9885],[43.1604,39.9863],[43.1922,39.9882],[43.2352,39.9938],[43.2708,39.9944],[43.2843,40.0023],[43.2858,39.9968],[43.3243,39.9961],[43.3576,39.992],[43.368,39.9892],[43.3785,39.9817],[43.3799,39.9765],[43.3794,39.9709],[43.3685,39.9488],[43.3663,39.9369],[43.3663,39.925],[43.3704,39.9139],[43.3859,39.8921],[43.3929,39.8877],[43.4047,39.871],[43.405,39.8638],[43.4028,39.8491],[43.4031,39.841],[43.4062,39.8338],[43.4125,39.8226],[43.4159,39.814],[43.418,39.7989],[43.4246,39.7872],[43.4337,39.7789],[43.4434,39.774],[43.4537,39.771],[43.4649,39.7712],[43.4761,39.7754],[43.4855,39.7819],[43.4925,39.7884],[43.4949,39.7945],[43.4976,39.8107],[43.5016,39.8205],[43.5076,39.8282],[43.5161,39.8349],[43.53,39.8412],[43.5492,39.8409],[43.5595,39.8387],[43.5682,39.835],[43.5845,39.8219],[43.6089,39.8008],[43.6172,39.7973],[43.6293,39.7938],[43.6698,39.7892],[43.6865,39.7848],[43.7274,39.7708],[43.7455,39.7668],[43.7607,39.7662],[43.7709,39.7635],[43.7773,39.7679],[43.7903,39.7785],[43.8054,39.7815],[43.8258,39.7803],[43.838,39.7774],[43.8632,39.7633],[43.881,39.7578],[43.9533,39.7482],[43.9764,39.7476],[43.9988,39.7278],[44.033,39.7348],[44.045,39.7401],[44.0729,39.7338],[44.0852,39.7326],[44.0939,39.7326],[44.1044,39.7347],[44.1116,39.7373],[44.1242,39.744],[44.1291,39.744],[44.1451,39.7401],[44.1518,39.7347],[44.1686,39.7196],[44.1778,39.7129],[44.1952,39.706],[44.2231,39.7064],[44.2308,39.7062],[44.2546,39.6985],[44.2667,39.6924],[44.295,39.675],[44.3047,39.6711],[44.32,39.6672],[44.3425,39.6706],[44.3573,39.6689],[44.3827,39.6629],[44.4263,39.6609],[44.4413,39.6625],[44.4491,39.665],[44.4593,39.6709],[44.4672,39.6841],[44.4744,39.6783],[44.4771,39.6727],[44.4817,39.6714],[44.4839,39.6567],[44.4837,39.6517],[44.4871,39.6439],[44.4845,39.6282],[44.4801,39.6104],[44.4649,39.5995],[44.4469,39.5776],[44.4402,39.5725],[44.4359,39.572],[44.4221,39.5676],[44.4237,39.5643],[44.4162,39.5564],[44.4197,39.5537],[44.4266,39.5434],[44.4251,39.5323],[44.4294,39.5297],[44.4328,39.523],[44.4359,39.521],[44.4328,39.517],[44.4334,39.5091],[44.4384,39.5084],[44.4404,39.5051],[44.4397,39.5011],[44.4339,39.4958],[44.433,39.4925],[44.4271,39.4889],[44.4176,39.4852],[44.4126,39.4756],[44.4084,39.4711],[44.4203,39.4648],[44.423,39.4536],[44.4251,39.451],[44.4252,39.4461],[44.4321,39.4428],[44.4325,39.4376],[44.4276,39.4318],[44.4259,39.4273],[44.4251,39.4189],[44.422,39.4116],[44.3988,39.4129],[44.3906,39.4115],[44.3856,39.413],[44.3762,39.4114],[44.3743,39.4074],[44.3547,39.3978],[44.3438,39.395],[44.3336,39.3879],[44.3187,39.3916],[44.3129,39.3882],[44.3119,39.386],[44.3022,39.3819],[44.2959,39.3766],[44.2894,39.3781],[44.2847,39.3838],[44.2767,39.3841],[44.2714,39.3904],[44.269,39.3971],[44.2631,39.3995],[44.2473,39.3973],[44.2433,39.3998],[44.2427,39.4049],[44.2389,39.4104],[44.2333,39.413],[44.2307,39.4162],[44.2236,39.4179],[44.2145,39.4179],[44.2102,39.4159],[44.1939,39.4116],[44.1908,39.4024],[44.1779,39.401],[44.1609,39.402],[44.1546,39.3995],[44.1494,39.4],[44.1414,39.3977],[44.1372,39.3935],[44.1301,39.3896],[44.1249,39.3912],[44.1328,39.3987],[44.1301,39.4054],[44.1174,39.4019],[44.1114,39.4035],[44.1067,39.4068],[44.103,39.4073],[44.097,39.4122],[44.0897,39.4111],[44.0849,39.4079],[44.0758,39.4101],[44.0716,39.4123],[44.0668,39.4111],[44.0596,39.4054],[44.0554,39.4061],[44.0511,39.4031],[44.0515,39.3982],[44.0538,39.3888],[44.0427,39.3842],[44.04,39.3802],[44.0343,39.3775],[44.0328,39.3699],[44.0368,39.3671],[44.0377,39.3613],[43.983,39.371],[43.963,39.369],[43.9098,39.3492],[43.9033,39.3439],[43.8806,39.3336],[43.8528,39.3199],[43.822,39.2916],[43.7754,39.25],[43.7557,39.2252],[43.7412,39.2156],[43.7345,39.2005],[43.7109,39.1985],[43.6858,39.2052],[43.66,39.1995],[43.6441,39.2003],[43.6265,39.2107],[43.6088,39.2261],[43.5911,39.2409],[43.5773,39.2492],[43.5559,39.2729],[43.5259,39.3037],[43.5127,39.3199],[43.4898,39.3301],[43.4695,39.3397],[43.4335,39.3555],[43.4032,39.3603],[43.3617,39.3606],[43.3264,39.3666],[43.311,39.3658],[43.2686,39.3534],[43.2468,39.3459],[43.2369,39.3373],[43.2162,39.3312],[43.1864,39.2838],[43.1767,39.2649],[43.1631,39.2364],[43.1528,39.2111],[43.1518,39.1879],[43.1482,39.1803],[43.1384,39.1712],[43.1183,39.1647],[43.1044,39.1591],[43.0808,39.1457],[43.0819,39.1338],[43.0612,39.1256],[43.0434,39.1129],[43.0365,39.1008],[43.0117,39.0922],[42.9989,39.0775],[42.9947,39.0701],[42.994,39.061],[42.9876,39.0484],[42.9966,39.0342],[43.0008,39.0188]]]}},{"type":"Feature","properties":{"name":"Amasya","number":5},"geometry":{"type":"Polygon","coordinates":[[[35.4326,40.2427],[35.4087,40.2375],[35.4053,40.2407],[35.3915,40.2423],[35.3754,40.2399],[35.3694,40.2341],[35.3624,40.233],[35.3472,40.2366],[35.34,40.2551],[35.3373,40.2583],[35.3514,40.2673],[35.3559,40.2762],[35.3851,40.2862],[35.3905,40.2923],[35.4086,40.3233],[35.4104,40.3321],[35.4061,40.3347],[35.3799,40.332],[35.373,40.3418],[35.3615,40.3596],[35.3539,40.3857],[35.3958,40.4057],[35.4011,40.4295],[35.4114,40.4632],[35.4349,40.4877],[35.4618,40.4953],[35.4839,40.5039],[35.502,40.513],[35.5135,40.5208],[35.5305,40.5372],[35.5309,40.5487],[35.5273,40.5571],[35.5214,40.5655],[35.5151,40.5634],[35.4934,40.5683],[35.4869,40.5694],[35.485,40.5841],[35.4868,40.5889],[35.4839,40.5924],[35.4855,40.5971],[35.4747,40.6064],[35.4679,40.6145],[35.4564,40.622],[35.4312,40.625],[35.4265,40.6285],[35.4203,40.6295],[35.4066,40.6402],[35.3987,40.6364],[35.3894,40.6399],[35.3713,40.6382],[35.3652,40.6423],[35.3538,40.641],[35.3337,40.6435],[35.3237,40.6488],[35.3252,40.6575],[35.3255,40.6665],[35.3306,40.6743],[35.3292,40.6839],[35.3143,40.6903],[35.3037,40.6926],[35.2937,40.6984],[35.2833,40.6984],[35.2796,40.7024],[35.2616,40.703],[35.2538,40.7093],[35.2349,40.7058],[35.2215,40.7118],[35.2035,40.7096],[35.1754,40.6992],[35.1738,40.7074],[35.13,40.712],[35.1109,40.7134],[35.0698,40.7117],[35.0428,40.718],[35.0301,40.7289],[35.0258,40.7437],[35.0141,40.7543],[35.0125,40.757],[35.0189,40.7623],[35.0153,40.7679],[34.9903,40.7768],[34.9825,40.785],[34.9788,40.7921],[34.98,40.8005],[34.9863,40.8079],[35.002,40.8148],[35.0075,40.8261],[35.0061,40.8542],[35.0082,40.8639],[35.0216,40.8728],[35.0311,40.8822],[35.0426,40.8908],[35.0561,40.9034],[35.0654,40.9107],[35.0598,40.9254],[35.0593,40.9378],[35.0645,40.9463],[35.0538,40.9513],[35.0462,40.9608],[35.0346,40.9696],[35.0244,40.9924],[35.0175,40.9955],[35.0263,41.0059],[35.0354,41.0118],[35.0378,41.0113],[35.0447,41.0146],[35.0496,41.0184],[35.0629,41.0197],[35.0656,41.021],[35.0757,41.022],[35.0879,41.0311],[35.0918,41.0372],[35.0951,41.0399],[35.0953,41.0431],[35.0996,41.046],[35.1016,41.0541],[35.1013,41.0621],[35.0938,41.0623],[35.0919,41.0683],[35.0814,41.076],[35.1197,41.0755],[35.1392,41.0737],[35.1513,41.0766],[35.1587,41.0776],[35.1653,41.0745],[35.1675,41.0774],[35.1743,41.0775],[35.1838,41.0745],[35.1977,41.0761],[35.2106,41.0759],[35.2277,41.0696],[35.2306,41.0694],[35.2347,41.0621],[35.2358,41.0546],[35.2408,41.045],[35.2459,41.0411],[35.2518,41.0406],[35.2559,41.0387],[35.2615,41.039],[35.2676,41.0332],[35.2784,41.0346],[35.2828,41.0411],[35.301,41.0423],[35.3117,41.0389],[35.3261,41.0403],[35.3396,41.0361],[35.3421,41.0303],[35.3476,41.0288],[35.3519,41.03],[35.3543,41.027],[35.3533,41.0179],[35.3577,41.0133],[35.3583,41.0053],[35.3643,41.005],[35.3744,41.0092],[35.3766,41.0131],[35.3855,41.0165],[35.3896,41.0117],[35.3971,41.0124],[35.4037,41.0155],[35.4096,41.0162],[35.4164,41.015],[35.4254,41.0097],[35.4328,41.0115],[35.4403,41.0144],[35.4407,41.0164],[35.4462,41.0203],[35.4501,41.0163],[35.4541,41.0072],[35.4598,41.0039],[35.466,40.9914],[35.4715,40.9897],[35.4725,40.9852],[35.4763,40.9832],[35.4755,40.979],[35.4774,40.9738],[35.4852,40.9738],[35.4972,40.9649],[35.5016,40.9596],[35.5214,40.9576],[35.5288,40.9511],[35.5363,40.95],[35.5404,40.9482],[35.5486,40.9482],[35.5666,40.9441],[35.5737,40.9401],[35.5789,40.9408],[35.5884,40.9386],[35.597,40.9403],[35.6007,40.9375],[35.6127,40.9376],[35.6165,40.9387],[35.6267,40.9366],[35.6351,40.9272],[35.6355,40.9245],[35.64,40.9212],[35.6439,40.9149],[35.6407,40.9102],[35.6407,40.9047],[35.6345,40.8955],[35.6466,40.8934],[35.6523,40.8996],[35.655,40.8948],[35.6628,40.8971],[35.6653,40.8946],[35.6643,40.8903],[35.6675,40.8867],[35.6688,40.8783],[35.6719,40.8753],[35.6746,40.8693],[35.6788,40.869],[35.6838,40.8767],[35.6883,40.8742],[35.6908,40.8669],[35.6946,40.8637],[35.7015,40.8655],[35.7142,40.8665],[35.7204,40.8716],[35.723,40.8711],[35.7262,40.8761],[35.7293,40.8758],[35.7338,40.8798],[35.7462,40.8762],[35.7586,40.8735],[35.7666,40.8683],[35.7707,40.8746],[35.7755,40.8752],[35.7851,40.882],[35.7889,40.8863],[35.7914,40.885],[35.7969,40.8777],[35.8026,40.8731],[35.806,40.8718],[35.8172,40.8708],[35.8644,40.87],[35.8709,40.8678],[35.8754,40.8646],[35.8913,40.8606],[35.9094,40.8583],[35.9163,40.8516],[35.9244,40.8475],[35.9554,40.844],[35.9685,40.8397],[35.9799,40.8372],[36.0096,40.8285],[36.012,40.8244],[36.0187,40.822],[36.0232,40.8221],[36.0266,40.827],[36.0351,40.8303],[36.0373,40.8324],[36.0462,40.8324],[36.0551,40.8351],[36.0638,40.8406],[36.0751,40.8404],[36.0828,40.8446],[36.0856,40.8516],[36.0905,40.8521],[36.0963,40.8583],[36.0931,40.8639],[36.0931,40.8683],[36.0991,40.8724],[36.0946,40.8746],[36.0934,40.8834],[36.0975,40.8865],[36.1,40.8922],[36.1196,40.9009],[36.1295,40.9023],[36.1317,40.8954],[36.1355,40.8931],[36.1408,40.895],[36.146,40.8934],[36.1479,40.8897],[36.1619,40.8908],[36.1628,40.8968],[36.1684,40.9058],[36.1688,40.9151],[36.1713,40.921],[36.1771,40.9277],[36.1784,40.9314],[36.1825,40.9346],[36.1832,40.9404],[36.1857,40.9439],[36.1872,40.9528],[36.1912,40.9609],[36.1962,40.9624],[36.1948,40.9676],[36.1971,40.9702],[36.1998,40.9811],[36.2099,40.9779],[36.2157,40.9745],[36.2175,40.9813],[36.2255,40.9858],[36.2293,40.9796],[36.2357,40.9765],[36.2516,40.9784],[36.2603,40.9808],[36.2675,40.9802],[36.2702,40.9836],[36.2793,40.9819],[36.2866,40.9816],[36.3021,40.9785],[36.3064,40.9745],[36.3129,40.9752],[36.3165,40.977],[36.3273,40.9799],[36.3374,40.9779],[36.3408,40.9754],[36.3424,40.9717],[36.3422,40.9651],[36.3446,40.9552],[36.3497,40.9522],[36.3508,40.9408],[36.356,40.9397],[36.3636,40.941],[36.3783,40.9389],[36.3794,40.9364],[36.3861,40.9322],[36.3898,40.9258],[36.3965,40.92],[36.3974,40.9154],[36.4019,40.908],[36.4027,40.9038],[36.4059,40.8984],[36.4104,40.8937],[36.4102,40.8911],[36.405,40.8859],[36.4042,40.8816],[36.401,40.878],[36.3989,40.8729],[36.3991,40.8671],[36.396,40.8648],[36.4021,40.8626],[36.4042,40.8649],[36.4172,40.8626],[36.4236,40.8655],[36.427,40.8654],[36.4288,40.8593],[36.4267,40.8574],[36.4192,40.8575],[36.4151,40.8554],[36.4143,40.8505],[36.4192,40.8428],[36.4156,40.8396],[36.411,40.8384],[36.4131,40.8309],[36.413,40.8228],[36.4111,40.8192],[36.4154,40.8127],[36.4257,40.8112],[36.4258,40.8051],[36.4418,40.7956],[36.4559,40.7915],[36.4639,40.788],[36.4733,40.7864],[36.4805,40.7822],[36.4783,40.7777],[36.4823,40.7746],[36.4898,40.778],[36.4975,40.7758],[36.5036,40.7786],[36.5042,40.7744],[36.5122,40.7705],[36.5106,40.7673],[36.5054,40.7645],[36.4852,40.7622],[36.476,40.758],[36.4673,40.7578],[36.4539,40.7615],[36.4466,40.7606],[36.4405,40.757],[36.4337,40.7468],[36.4215,40.7383],[36.4159,40.7376],[36.397,40.7328],[36.3987,40.6758],[36.3878,40.6623],[36.3827,40.6534],[36.3698,40.6456],[36.3353,40.6147],[36.3096,40.5929],[36.2977,40.5804],[36.285,40.5629],[36.2928,40.5454],[36.2719,40.53],[36.2682,40.5239],[36.2453,40.5146],[36.2417,40.5038],[36.2336,40.5002],[36.2293,40.5004],[36.2236,40.4953],[36.2163,40.4952],[36.1963,40.4857],[36.1823,40.4838],[36.1672,40.4797],[36.1616,40.4806],[36.1569,40.4772],[36.1467,40.4737],[36.1381,40.4731],[36.1175,40.4614],[36.1104,40.4562],[36.1087,40.4496],[36.1088,40.4437],[36.1068,40.4414],[36.1006,40.4433],[36.0965,40.4479],[36.0909,40.4478],[36.0847,40.4505],[36.0828,40.4528],[36.0781,40.4525],[36.0718,40.4559],[36.0691,40.4592],[36.0622,40.4578],[36.049,40.4596],[36.0472,40.4591],[36.0387,40.463],[36.0343,40.4617],[36.0292,40.4643],[36.0264,40.4633],[36.014,40.468],[36.0144,40.4713],[36.0091,40.4759],[36.0114,40.4802],[36.0173,40.4794],[36.0197,40.4819],[36.0115,40.4885],[36.0014,40.4923],[35.9997,40.4957],[35.9958,40.4943],[35.9806,40.4977],[35.9787,40.5012],[35.9704,40.4957],[35.9677,40.4986],[35.9554,40.4978],[35.9525,40.5006],[35.947,40.4994],[35.9416,40.4946],[35.9377,40.4958],[35.9325,40.4941],[35.9252,40.4979],[35.9177,40.4954],[35.9086,40.5],[35.9048,40.4983],[35.9045,40.4955],[35.8775,40.494],[35.8747,40.4971],[35.87,40.4916],[35.8628,40.4924],[35.8607,40.4913],[35.8554,40.4963],[35.847,40.4928],[35.844,40.4953],[35.8338,40.4951],[35.8297,40.4933],[35.8266,40.4973],[35.8234,40.4957],[35.8302,40.4816],[35.8328,40.4697],[35.8246,40.4459],[35.8058,40.4245],[35.7976,40.4215],[35.7795,40.4189],[35.7706,40.4247],[35.7562,40.4275],[35.7388,40.4261],[35.7263,40.4048],[35.714,40.3885],[35.7088,40.374],[35.7084,40.3642],[35.6865,40.361],[35.6606,40.3551],[35.6261,40.3396],[35.5927,40.3304],[35.5594,40.322],[35.5217,40.3105],[35.5162,40.3029],[35.5113,40.2991],[35.4996,40.294],[35.4961,40.2909],[35.4823,40.283],[35.4739,40.2795],[35.4622,40.2711],[35.4447,40.2599],[35.4405,40.2549],[35.4413,40.2481],[35.4326,40.2427]]]}},{"type":"Feature","properties":{"name":"Ankara","number":6},"geometry":{"type":"Polygon","coordinates":[[[31.8435,39.1422],[31.8196,39.1595],[31.827,39.1629],[31.8293,39.1667],[31.8269,39.1729],[31.8275,39.1765],[31.8339,39.1784],[31.8382,39.1764],[31.841,39.1731],[31.849,39.1762],[31.8487,39.1807],[31.8557,39.1818],[31.8626,39.1768],[31.8675,39.1786],[31.8718,39.1847],[31.8764,39.1856],[31.8824,39.1823],[31.8871,39.1826],[31.8918,39.1925],[31.9033,39.1984],[31.9087,39.202],[31.9137,39.2071],[31.9215,39.2081],[31.9255,39.2119],[31.9284,39.2208],[31.9251,39.2252],[31.9256,39.2279],[31.9298,39.23],[31.9388,39.2316],[31.9421,39.2305],[31.9484,39.2312],[31.9551,39.2337],[31.9595,39.2401],[31.961,39.2446],[31.9691,39.2467],[31.9782,39.2368],[31.9822,39.2297],[31.9981,39.2207],[32.0043,39.2198],[32.0088,39.2261],[32.0011,39.2283],[31.9889,39.2354],[31.9888,39.2376],[31.9773,39.2527],[31.949,39.2689],[31.9475,39.2757],[31.9544,39.2797],[31.9601,39.2877],[31.9645,39.2905],[31.9685,39.2895],[31.9696,39.2946],[31.979,39.3068],[31.9825,39.3122],[31.9867,39.3161],[32.0017,39.326],[32.0035,39.324],[32.0094,39.3232],[32.0101,39.3282],[32.0037,39.3337],[32.003,39.342],[31.9957,39.3437],[31.9882,39.3484],[31.9838,39.3472],[31.979,39.3495],[31.9726,39.3561],[31.9727,39.3578],[31.9785,39.3662],[31.987,39.3685],[31.9918,39.3741],[31.9909,39.3771],[31.984,39.3841],[31.9741,39.3928],[31.9708,39.3944],[31.9715,39.3991],[31.9759,39.402],[31.9747,39.4048],[31.9775,39.4134],[31.9813,39.417],[31.9914,39.4236],[31.9931,39.4278],[31.9912,39.4311],[31.9926,39.437],[31.9958,39.4408],[31.9928,39.445],[31.9943,39.4517],[31.9977,39.4553],[31.9929,39.4646],[31.9935,39.4703],[31.9885,39.4747],[31.9862,39.4792],[31.9875,39.4834],[31.9908,39.4852],[31.9912,39.4897],[31.9934,39.4933],[31.998,39.497],[31.9923,39.5024],[31.9871,39.5044],[31.9806,39.5052],[31.9727,39.5074],[31.9664,39.5124],[31.9645,39.5184],[31.9651,39.5222],[31.97,39.526],[31.9735,39.5317],[31.9719,39.5357],[31.9549,39.5499],[31.9489,39.5592],[31.9479,39.5629],[31.9422,39.5649],[31.9383,39.5629],[31.9438,39.5532],[31.9477,39.5494],[31.9443,39.5479],[31.9469,39.5397],[31.9338,39.5378],[31.9268,39.5407],[31.9173,39.5414],[31.8984,39.5437],[31.8919,39.5749],[31.8956,39.5769],[31.9014,39.5775],[31.9061,39.5804],[31.9019,39.5883],[31.8913,39.5883],[31.8914,39.5917],[31.8876,39.5944],[31.8907,39.5974],[31.8891,39.6021],[31.8942,39.6024],[31.8965,39.6064],[31.8942,39.6114],[31.8955,39.6136],[31.9031,39.6151],[31.9328,39.6237],[31.9347,39.6272],[31.9436,39.6345],[31.9307,39.6542],[31.9212,39.6643],[31.9149,39.6655],[31.9096,39.6683],[31.8982,39.6702],[31.8965,39.6686],[31.8874,39.6694],[31.8789,39.6734],[31.8753,39.6704],[31.8735,39.6662],[31.8692,39.6647],[31.8628,39.6658],[31.8592,39.6684],[31.8505,39.6703],[31.8473,39.6723],[31.8391,39.672],[31.8331,39.6779],[31.8284,39.6809],[31.8196,39.6819],[31.8169,39.6845],[31.8112,39.6846],[31.8078,39.6909],[31.8042,39.6905],[31.7977,39.6938],[31.792,39.695],[31.7798,39.7011],[31.7752,39.7048],[31.7647,39.7226],[31.7649,39.738],[31.7664,39.7456],[31.7758,39.7542],[31.7796,39.763],[31.7841,39.7711],[31.7883,39.7758],[31.7888,39.7832],[31.7971,39.7835],[31.8093,39.7883],[31.8149,39.7925],[31.8298,39.7845],[31.8394,39.8013],[31.8401,39.8093],[31.8415,39.8109],[31.8462,39.8356],[31.8516,39.8417],[31.8596,39.837],[31.8609,39.8328],[31.8734,39.8314],[31.8801,39.8321],[31.8831,39.8373],[31.8879,39.8412],[31.9001,39.8559],[31.8954,39.8565],[31.8905,39.8592],[31.8892,39.8563],[31.8842,39.8552],[31.8814,39.8604],[31.8764,39.858],[31.8691,39.8567],[31.8685,39.8526],[31.859,39.8523],[31.8535,39.8495],[31.8451,39.855],[31.852,39.8621],[31.8563,39.8651],[31.8624,39.8667],[31.8672,39.8704],[31.8674,39.8756],[31.8626,39.8756],[31.857,39.8788],[31.8598,39.8824],[31.8456,39.8827],[31.8423,39.8805],[31.8308,39.8771],[31.825,39.8784],[31.8204,39.8765],[31.8115,39.8775],[31.806,39.876],[31.8008,39.8807],[31.7932,39.8806],[31.7901,39.8821],[31.788,39.8864],[31.7849,39.8883],[31.7811,39.8944],[31.7778,39.8939],[31.7745,39.8979],[31.7703,39.8993],[31.7703,39.902],[31.7663,39.9052],[31.7683,39.908],[31.7644,39.915],[31.7585,39.9205],[31.7559,39.9206],[31.7542,39.9253],[31.7509,39.9256],[31.749,39.929],[31.7397,39.9339],[31.7379,39.9409],[31.7403,39.9442],[31.7385,39.9504],[31.7412,39.9528],[31.7403,39.957],[31.7414,39.9635],[31.7392,39.9675],[31.7331,39.9692],[31.7229,39.9654],[31.7175,39.9665],[31.7147,39.9694],[31.7047,39.9719],[31.703,39.976],[31.699,39.9775],[31.6989,39.9802],[31.6949,39.9891],[31.6947,39.9916],[31.699,39.998],[31.7049,40.0011],[31.7077,40.0041],[31.7087,40.0091],[31.7133,40.0128],[31.7143,40.0178],[31.7126,40.0215],[31.7024,40.0216],[31.6961,40.0187],[31.6873,40.0131],[31.6717,40.0069],[31.666,40.0069],[31.6592,40.0087],[31.6569,40.0123],[31.6579,40.0157],[31.6664,40.0294],[31.6692,40.0417],[31.6753,40.0477],[31.6691,40.0521],[31.6595,40.0482],[31.6562,40.0415],[31.6401,40.0295],[31.6219,40.0236],[31.6081,40.0217],[31.5967,40.0217],[31.5881,40.0244],[31.5764,40.0297],[31.5711,40.0305],[31.5563,40.0355],[31.5438,40.037],[31.5347,40.037],[31.5247,40.0339],[31.5115,40.0207],[31.505,40.0206],[31.4961,40.0235],[31.4889,40.0283],[31.4823,40.0353],[31.4734,40.0386],[31.4702,40.0442],[31.4631,40.045],[31.459,40.0397],[31.4583,40.0312],[31.4459,40.0282],[31.4384,40.022],[31.4231,40.0202],[31.4188,40.0235],[31.4116,40.0233],[31.4015,40.0169],[31.3962,40.0288],[31.3886,40.0321],[31.3883,40.035],[31.3955,40.0398],[31.4033,40.0475],[31.4044,40.0498],[31.4029,40.0547],[31.3919,40.0617],[31.38,40.0616],[31.3731,40.0575],[31.3685,40.0569],[31.3596,40.0532],[31.3479,40.0509],[31.3418,40.0459],[31.3346,40.0483],[31.3267,40.0533],[31.3255,40.0554],[31.2986,40.0622],[31.2897,40.0592],[31.2771,40.0595],[31.2676,40.0632],[31.2528,40.0607],[31.2356,40.0611],[31.2086,40.0556],[31.2063,40.0543],[31.2025,40.047],[31.1885,40.0466],[31.1781,40.0475],[31.1596,40.0511],[31.1503,40.064],[31.1391,40.0662],[31.1273,40.065],[31.1205,40.0657],[31.1197,40.0706],[31.1154,40.0716],[31.1099,40.063],[31.101,40.054],[31.0955,40.0542],[31.094,40.0579],[31.0906,40.0591],[31.0811,40.0514],[31.0717,40.0508],[31.054,40.0541],[31.0486,40.0537],[31.0378,40.0508],[31.0191,40.043],[31.0059,40.0317],[31.0005,40.0303],[30.9868,40.0298],[30.9832,40.0313],[30.9626,40.0326],[30.9584,40.0342],[30.9513,40.0334],[30.9472,40.0311],[30.9435,40.0318],[30.9381,40.0294],[30.9289,40.0362],[30.9244,40.0374],[30.9116,40.0378],[30.9027,40.0455],[30.8996,40.052],[30.8971,40.0526],[30.8888,40.0476],[30.885,40.0473],[30.8708,40.0602],[30.8653,40.0598],[30.8547,40.0613],[30.8501,40.0672],[30.8494,40.0748],[30.8516,40.0802],[30.8445,40.0878],[30.8437,40.0915],[30.8377,40.0946],[30.8361,40.0979],[30.8415,40.0995],[30.8473,40.1032],[30.8516,40.1016],[30.8642,40.1056],[30.8661,40.1086],[30.8704,40.1086],[30.8733,40.1107],[30.868,40.1254],[30.8619,40.1226],[30.8643,40.1305],[30.8562,40.137],[30.8529,40.1422],[30.8483,40.1531],[30.8542,40.1581],[30.8657,40.1646],[30.8725,40.165],[30.8828,40.1712],[30.8889,40.1712],[30.8965,40.1732],[30.9013,40.1777],[30.9047,40.1762],[30.917,40.1733],[30.9253,40.1683],[30.9301,40.1714],[30.9368,40.1733],[30.9435,40.179],[30.9507,40.1909],[30.9487,40.2027],[30.9488,40.2081],[30.9552,40.2118],[30.9594,40.2115],[30.9658,40.214],[30.9756,40.2116],[30.9925,40.2121],[31.0111,40.2146],[31.0464,40.2179],[31.0508,40.221],[31.0651,40.223],[31.0727,40.2285],[31.0685,40.2355],[31.0658,40.2357],[31.0655,40.241],[31.0715,40.2479],[31.0764,40.2507],[31.0722,40.2585],[31.0679,40.2608],[31.0668,40.2689],[31.0582,40.2691],[31.0566,40.2722],[31.0613,40.2759],[31.0557,40.2819],[31.0574,40.2955],[31.0619,40.3082],[31.0657,40.3101],[31.0666,40.3138],[31.06,40.3186],[31.0675,40.3264],[31.0664,40.3312],[31.063,40.3342],[31.0674,40.3372],[31.0664,40.3403],[31.0675,40.3472],[31.0741,40.3492],[31.1092,40.3549],[31.1242,40.3551],[31.1328,40.353],[31.1423,40.3519],[31.146,40.3501],[31.1627,40.3509],[31.1663,40.349],[31.1846,40.3496],[31.1995,40.3521],[31.2007,40.3485],[31.2058,40.346],[31.2025,40.3431],[31.2056,40.3397],[31.2135,40.3366],[31.2211,40.337],[31.2263,40.3345],[31.2325,40.3373],[31.2398,40.3391],[31.2498,40.338],[31.2651,40.3419],[31.2782,40.3422],[31.2789,40.3374],[31.2877,40.3352],[31.2943,40.3347],[31.3049,40.3303],[31.3123,40.3301],[31.3146,40.3435],[31.3194,40.3472],[31.3212,40.3509],[31.3272,40.3537],[31.3365,40.3531],[31.34,40.3437],[31.3454,40.3408],[31.3515,40.3434],[31.3597,40.3442],[31.3734,40.3499],[31.3773,40.3534],[31.3782,40.3568],[31.3826,40.3624],[31.3795,40.3701],[31.3853,40.3714],[31.4016,40.3645],[31.406,40.3632],[31.4151,40.3633],[31.4188,40.3662],[31.4264,40.3645],[31.4352,40.3653],[31.4358,40.3603],[31.4397,40.3579],[31.4314,40.3516],[31.4312,40.3494],[31.4454,40.3424],[31.4466,40.334],[31.4488,40.3278],[31.4406,40.3234],[31.4393,40.3324],[31.4355,40.3355],[31.42,40.3348],[31.4217,40.3327],[31.4153,40.3281],[31.4116,40.3229],[31.397,40.3177],[31.387,40.3168],[31.3867,40.3128],[31.3947,40.3054],[31.3977,40.2975],[31.4027,40.2956],[31.4086,40.2914],[31.4159,40.2899],[31.4174,40.27],[31.4166,40.2677],[31.4302,40.2717],[31.4505,40.2662],[31.4557,40.2625],[31.4574,40.2698],[31.4557,40.2739],[31.4514,40.2901],[31.455,40.2924],[31.4598,40.2925],[31.4645,40.2895],[31.4721,40.2865],[31.4809,40.2866],[31.4937,40.2909],[31.5017,40.2882],[31.5104,40.2994],[31.5108,40.3019],[31.507,40.305],[31.5087,40.3073],[31.5165,40.3044],[31.5148,40.3024],[31.5159,40.295],[31.5224,40.2977],[31.54,40.2964],[31.5466,40.2938],[31.5515,40.2859],[31.5609,40.2817],[31.5725,40.2781],[31.576,40.2755],[31.5889,40.2726],[31.5923,40.2704],[31.6044,40.2729],[31.6126,40.2785],[31.6385,40.2884],[31.6433,40.2912],[31.663,40.3066],[31.6741,40.3138],[31.6889,40.3147],[31.6983,40.3191],[31.698,40.3119],[31.6992,40.309],[31.707,40.3106],[31.7214,40.3168],[31.7272,40.318],[31.7387,40.3259],[31.7413,40.3261],[31.7495,40.3318],[31.7628,40.3331],[31.7674,40.3305],[31.7713,40.3309],[31.7791,40.3255],[31.7835,40.3255],[31.7932,40.3208],[31.8044,40.3208],[31.8058,40.3155],[31.8162,40.3128],[31.8278,40.3083],[31.8352,40.3111],[31.8397,40.3101],[31.8453,40.3049],[31.8528,40.3048],[31.8596,40.3105],[31.864,40.3105],[31.8651,40.3143],[31.8739,40.3181],[31.8778,40.3215],[31.8854,40.3227],[31.8927,40.328],[31.8918,40.336],[31.8938,40.3376],[31.905,40.3387],[31.9093,40.3418],[31.9108,40.3459],[31.9149,40.3451],[31.9235,40.3486],[31.932,40.3483],[31.9372,40.345],[31.9457,40.3473],[31.9587,40.3528],[31.9652,40.3527],[31.9669,40.3639],[31.9704,40.3655],[31.9811,40.3654],[31.9882,40.3688],[31.9985,40.3726],[32.0029,40.3767],[32.0125,40.3803],[32.0118,40.3846],[32.0147,40.3864],[32.0124,40.3915],[32.0166,40.3969],[32.0233,40.4011],[32.0286,40.4082],[32.0336,40.413],[32.0326,40.4175],[32.0235,40.4185],[32.0219,40.4207],[32.0196,40.4311],[32.0298,40.4441],[32.03,40.453],[32.0316,40.4569],[32.0306,40.4643],[32.0267,40.4673],[32.0094,40.4741],[32.0051,40.4732],[32.0015,40.4683],[31.9976,40.4709],[31.9974,40.4784],[31.9923,40.4825],[31.996,40.486],[32.0038,40.4872],[32.0046,40.4897],[32.0111,40.4901],[32.0184,40.4944],[32.0246,40.5022],[32.0294,40.5024],[32.0299,40.507],[32.0413,40.5045],[32.0414,40.5004],[32.0487,40.5],[32.0539,40.5041],[32.06,40.5036],[32.0678,40.5052],[32.0782,40.4992],[32.0907,40.5004],[32.0964,40.5059],[32.1069,40.5146],[32.1086,40.5197],[32.1139,40.5228],[32.1149,40.5325],[32.1211,40.5351],[32.1271,40.5349],[32.1317,40.5362],[32.1359,40.5409],[32.1453,40.5457],[32.1506,40.5455],[32.1567,40.5489],[32.1625,40.5463],[32.1705,40.5467],[32.1797,40.5449],[32.1917,40.5469],[32.1987,40.5473],[32.2093,40.5493],[32.2158,40.5535],[32.227,40.5451],[32.2335,40.5433],[32.2408,40.5428],[32.2516,40.5446],[32.2517,40.5501],[32.255,40.5541],[32.2529,40.5566],[32.2542,40.5627],[32.2578,40.5631],[32.2636,40.5675],[32.268,40.5688],[32.2782,40.5686],[32.2862,40.5665],[32.2948,40.5668],[32.2941,40.574],[32.2985,40.5807],[32.3007,40.5812],[32.3071,40.5877],[32.3162,40.5875],[32.3211,40.5913],[32.3263,40.5876],[32.3286,40.5834],[32.3342,40.5836],[32.338,40.5869],[32.3429,40.5939],[32.3569,40.5947],[32.3632,40.5925],[32.3662,40.5873],[32.3728,40.585],[32.3725,40.5793],[32.3696,40.5772],[32.3674,40.5723],[32.3595,40.5708],[32.358,40.5687],[32.3631,40.5656],[32.3636,40.5619],[32.3587,40.5516],[32.3606,40.5469],[32.3605,40.5402],[32.3729,40.5461],[32.3857,40.551],[32.3964,40.5452],[32.3983,40.5468],[32.406,40.5474],[32.4115,40.5496],[32.4139,40.5539],[32.421,40.5545],[32.4285,40.5529],[32.4287,40.5551],[32.4368,40.5588],[32.4408,40.5588],[32.4504,40.5633],[32.4534,40.572],[32.4591,40.5738],[32.4619,40.581],[32.4598,40.5827],[32.4531,40.5781],[32.4461,40.5799],[32.4381,40.5887],[32.4294,40.5902],[32.4292,40.5932],[32.4352,40.5976],[32.431,40.6014],[32.4286,40.606],[32.4345,40.6066],[32.4369,40.614],[32.431,40.6153],[32.4329,40.6201],[32.4367,40.6226],[32.4205,40.6308],[32.4183,40.6309],[32.4146,40.6416],[32.4163,40.6491],[32.4158,40.6592],[32.426,40.6597],[32.4316,40.6676],[32.4278,40.6736],[32.4288,40.679],[32.4266,40.6849],[32.4318,40.6868],[32.4362,40.6827],[32.4454,40.6847],[32.4492,40.6823],[32.4552,40.6834],[32.4602,40.6826],[32.4644,40.6857],[32.4704,40.6855],[32.4751,40.683],[32.4869,40.6813],[32.4939,40.6782],[32.5012,40.6777],[32.5058,40.6735],[32.5103,40.6734],[32.5138,40.6803],[32.5124,40.6843],[32.52,40.6912],[32.5234,40.699],[32.5226,40.7058],[32.5282,40.7114],[32.5304,40.7181],[32.5267,40.7198],[32.5261,40.7311],[32.5241,40.7346],[32.54,40.7344],[32.5636,40.7401],[32.565,40.7383],[32.5752,40.7359],[32.5791,40.7418],[32.586,40.7414],[32.5886,40.7468],[32.5935,40.7454],[32.5971,40.7433],[32.6064,40.7425],[32.6109,40.7396],[32.6206,40.7439],[32.6211,40.7467],[32.6556,40.7465],[32.6601,40.751],[32.6656,40.7518],[32.667,40.7539],[32.6774,40.7514],[32.6918,40.7456],[32.6995,40.7408],[32.7023,40.7337],[32.7059,40.7311],[32.7108,40.721],[32.7078,40.7166],[32.7097,40.71],[32.7075,40.7075],[32.7085,40.7043],[32.7135,40.7037],[32.7169,40.6976],[32.7246,40.6928],[32.7304,40.692],[32.7351,40.6894],[32.7375,40.6836],[32.7447,40.6832],[32.7532,40.6772],[32.7598,40.6748],[32.7677,40.6704],[32.7748,40.6651],[32.7793,40.6604],[32.7896,40.6613],[32.7936,40.6592],[32.8102,40.6583],[32.8196,40.6567],[32.8438,40.6498],[32.8659,40.6429],[32.8696,40.6403],[32.874,40.6396],[32.892,40.6431],[32.8952,40.6379],[32.8953,40.6276],[32.8914,40.6234],[32.8893,40.6148],[32.8887,40.6082],[32.8858,40.6062],[32.8832,40.5996],[32.8997,40.5967],[32.9023,40.5923],[32.9107,40.5909],[32.9117,40.5962],[32.9156,40.5941],[32.9188,40.5863],[32.9158,40.584],[32.9077,40.5851],[32.9014,40.5839],[32.8997,40.5804],[32.9014,40.578],[32.9089,40.5775],[32.9151,40.5745],[32.905,40.5698],[32.8954,40.5625],[32.8882,40.5602],[32.8798,40.5592],[32.8775,40.5477],[32.8787,40.5454],[32.8785,40.537],[32.881,40.5342],[32.883,40.5242],[32.88,40.5211],[32.8816,40.5163],[32.8902,40.5172],[32.8922,40.5141],[32.8963,40.5139],[32.9029,40.5167],[32.9059,40.5141],[32.9196,40.5171],[32.9228,40.5235],[32.9289,40.5204],[32.9345,40.522],[32.944,40.5267],[32.9422,40.5332],[32.9579,40.5417],[32.9631,40.5439],[32.9652,40.5375],[32.9698,40.5347],[32.9793,40.5372],[32.9848,40.5317],[32.9889,40.5299],[32.999,40.5199],[33.0042,40.5161],[33.0149,40.5036],[33.015,40.5017],[33.0089,40.499],[33.0288,40.4866],[33.0367,40.4804],[33.0363,40.4737],[33.0376,40.4711],[33.0434,40.4678],[33.0519,40.4689],[33.0629,40.4715],[33.0748,40.4723],[33.0842,40.4756],[33.0946,40.4841],[33.1035,40.4775],[33.1074,40.4784],[33.1094,40.4848],[33.1172,40.4914],[33.1258,40.4904],[33.129,40.4889],[33.1284,40.4789],[33.1398,40.4702],[33.1316,40.4643],[33.1369,40.4623],[33.139,40.4656],[33.1438,40.4645],[33.1473,40.4674],[33.1539,40.4622],[33.1518,40.4605],[33.156,40.4537],[33.1643,40.4486],[33.167,40.4414],[33.1696,40.4373],[33.1792,40.43],[33.1795,40.4253],[33.1832,40.4249],[33.1889,40.4204],[33.1941,40.419],[33.1997,40.4125],[33.2098,40.4135],[33.213,40.4074],[33.2115,40.3952],[33.2119,40.3902],[33.2154,40.3868],[33.2142,40.3842],[33.206,40.3824],[33.2044,40.38],[33.2063,40.3758],[33.2106,40.3732],[33.2188,40.3616],[33.234,40.3591],[33.2369,40.3577],[33.2404,40.3499],[33.2343,40.3463],[33.2414,40.3443],[33.2403,40.3395],[33.2461,40.3344],[33.2566,40.3299],[33.2596,40.3246],[33.2649,40.3217],[33.265,40.3187],[33.2711,40.3197],[33.2815,40.3227],[33.2856,40.3257],[33.2995,40.3281],[33.2965,40.3348],[33.3007,40.3357],[33.3102,40.3348],[33.318,40.3384],[33.3245,40.3324],[33.3382,40.3322],[33.3362,40.3382],[33.3391,40.3439],[33.3457,40.3502],[33.3421,40.3585],[33.3321,40.3595],[33.3271,40.3611],[33.3205,40.3704],[33.3227,40.3727],[33.3171,40.3751],[33.3182,40.377],[33.3142,40.3822],[33.3143,40.3879],[33.313,40.3927],[33.315,40.4003],[33.3131,40.4074],[33.3189,40.4083],[33.3218,40.406],[33.33,40.4049],[33.3384,40.4015],[33.3408,40.3985],[33.3473,40.3989],[33.3494,40.3951],[33.3537,40.3959],[33.3557,40.3917],[33.3612,40.3887],[33.3644,40.3895],[33.3656,40.3938],[33.3784,40.3875],[33.3838,40.3909],[33.387,40.3896],[33.3929,40.3915],[33.4004,40.3851],[33.399,40.3815],[33.3957,40.3792],[33.4021,40.3749],[33.4128,40.3772],[33.4153,40.3829],[33.4143,40.3878],[33.4177,40.3897],[33.4202,40.3845],[33.4244,40.3822],[33.4256,40.3757],[33.4329,40.376],[33.4353,40.3703],[33.4353,40.3658],[33.4288,40.3605],[33.4273,40.3552],[33.4355,40.3518],[33.4391,40.3494],[33.4475,40.3482],[33.4511,40.3456],[33.4504,40.3429],[33.4576,40.3408],[33.4656,40.3369],[33.4745,40.3365],[33.4824,40.3385],[33.4886,40.337],[33.4858,40.3337],[33.4809,40.3345],[33.4826,40.3295],[33.4821,40.321],[33.4783,40.3198],[33.4834,40.3153],[33.4874,40.3185],[33.4936,40.3164],[33.5068,40.317],[33.5091,40.3195],[33.5153,40.3166],[33.517,40.3229],[33.5206,40.3209],[33.5271,40.3211],[33.528,40.3252],[33.532,40.325],[33.5382,40.3293],[33.5471,40.3293],[33.5486,40.3333],[33.5547,40.3386],[33.5503,40.3409],[33.5513,40.3441],[33.5565,40.3448],[33.5579,40.3406],[33.5648,40.3314],[33.5859,40.3301],[33.5922,40.3255],[33.5948,40.3205],[33.6001,40.327],[33.6031,40.323],[33.6031,40.3187],[33.611,40.3149],[33.6213,40.3059],[33.6216,40.3039],[33.6292,40.3038],[33.6468,40.2956],[33.6479,40.2925],[33.6444,40.2876],[33.6461,40.2833],[33.6422,40.278],[33.6388,40.277],[33.6291,40.2834],[33.626,40.2772],[33.6262,40.2736],[33.6209,40.2696],[33.617,40.2589],[33.611,40.258],[33.6101,40.2484],[33.6183,40.2463],[33.6183,40.242],[33.6056,40.2318],[33.6077,40.2083],[33.6005,40.2003],[33.5952,40.1959],[33.5933,40.1874],[33.5931,40.1781],[33.6124,40.1733],[33.6341,40.1659],[33.6368,40.1605],[33.631,40.1554],[33.6306,40.1467],[33.6322,40.1358],[33.6167,40.1318],[33.6109,40.1293],[33.6163,40.1207],[33.6179,40.1205],[33.6178,40.1083],[33.612,40.1046],[33.6029,40.105],[33.5962,40.101],[33.5874,40.1005],[33.5922,40.0946],[33.5956,40.093],[33.5959,40.0897],[33.5887,40.0875],[33.5838,40.0843],[33.5755,40.0863],[33.5669,40.0844],[33.5571,40.0841],[33.5498,40.0805],[33.5405,40.0832],[33.5356,40.0813],[33.533,40.0828],[33.5264,40.0821],[33.5218,40.0791],[33.5223,40.0767],[33.5165,40.0743],[33.51,40.0739],[33.5026,40.0661],[33.5001,40.0617],[33.4925,40.054],[33.4859,40.0521],[33.4777,40.0516],[33.4768,40.0545],[33.4693,40.0545],[33.4629,40.0488],[33.4592,40.0434],[33.462,40.041],[33.4665,40.0449],[33.4981,40.0444],[33.508,40.0365],[33.515,40.0281],[33.5174,39.9874],[33.5139,39.9824],[33.508,39.9809],[33.5044,39.978],[33.5058,39.9753],[33.4864,39.9718],[33.482,39.9746],[33.475,39.9739],[33.4699,39.9767],[33.4623,39.985],[33.4597,39.9836],[33.4463,39.9863],[33.447,39.9813],[33.4439,39.9766],[33.4311,39.9765],[33.4305,39.9719],[33.4357,39.9656],[33.4347,39.9623],[33.4301,39.9561],[33.4212,39.9525],[33.42,39.9488],[33.4152,39.949],[33.4115,39.9561],[33.4068,39.9586],[33.4041,39.9657],[33.4008,39.967],[33.4025,39.9712],[33.3994,39.973],[33.3945,39.9694],[33.3861,39.9582],[33.3829,39.9517],[33.3766,39.9261],[33.3667,39.9237],[33.3557,39.9175],[33.3457,39.9186],[33.3391,39.9168],[33.34,39.913],[33.3315,39.9138],[33.3284,39.9091],[33.3223,39.9068],[33.3221,39.905],[33.3147,39.9006],[33.306,39.9001],[33.3037,39.8884],[33.307,39.8836],[33.3113,39.8819],[33.3117,39.8756],[33.3061,39.8696],[33.3002,39.8648],[33.2935,39.862],[33.3023,39.8568],[33.3047,39.8526],[33.2985,39.845],[33.2879,39.8494],[33.2808,39.849],[33.2814,39.8448],[33.2682,39.848],[33.2673,39.8507],[33.2581,39.8539],[33.2572,39.844],[33.2603,39.8421],[33.2615,39.8353],[33.2633,39.8329],[33.2712,39.8298],[33.2812,39.8297],[33.2863,39.8251],[33.2983,39.8218],[33.2949,39.8189],[33.2939,39.8151],[33.2852,39.809],[33.2842,39.8029],[33.277,39.7919],[33.2771,39.7856],[33.2792,39.7831],[33.2783,39.7798],[33.2794,39.7747],[33.2766,39.773],[33.2765,39.7666],[33.2672,39.763],[33.2651,39.7475],[33.2774,39.7531],[33.2826,39.7615],[33.2859,39.7604],[33.2837,39.7479],[33.2859,39.746],[33.284,39.7385],[33.2788,39.7363],[33.2702,39.7367],[33.2683,39.7399],[33.2642,39.7385],[33.2617,39.7315],[33.2655,39.725],[33.2632,39.7208],[33.2585,39.721],[33.2553,39.7161],[33.256,39.7123],[33.2431,39.714],[33.2403,39.7105],[33.2371,39.7171],[33.2353,39.7238],[33.2302,39.725],[33.2269,39.7226],[33.2243,39.7176],[33.2263,39.7095],[33.2305,39.7052],[33.2292,39.6952],[33.2099,39.688],[33.2079,39.6847],[33.2003,39.6777],[33.1926,39.675],[33.1922,39.6647],[33.1861,39.6597],[33.1883,39.6532],[33.1997,39.6477],[33.2058,39.6456],[33.2312,39.6432],[33.2381,39.6444],[33.2486,39.6487],[33.2483,39.656],[33.2528,39.6594],[33.2559,39.6646],[33.2551,39.6748],[33.2566,39.6769],[33.2618,39.6775],[33.2734,39.6753],[33.2777,39.6754],[33.2851,39.6693],[33.2933,39.6569],[33.3063,39.6537],[33.3098,39.6504],[33.3098,39.6475],[33.315,39.6443],[33.3156,39.6376],[33.318,39.6362],[33.3174,39.6319],[33.328,39.627],[33.3267,39.6161],[33.3234,39.6136],[33.3207,39.6061],[33.3168,39.6017],[33.3181,39.594],[33.3149,39.5884],[33.3207,39.5813],[33.3286,39.5769],[33.3279,39.5742],[33.3192,39.5768],[33.3191,39.5648],[33.3163,39.5617],[33.322,39.5565],[33.3191,39.5481],[33.3146,39.5465],[33.3055,39.5478],[33.3014,39.5501],[33.2894,39.5508],[33.296,39.5428],[33.3054,39.5423],[33.3097,39.5384],[33.315,39.539],[33.3172,39.5333],[33.3228,39.5323],[33.3178,39.5277],[33.3151,39.5226],[33.3242,39.5129],[33.3284,39.5146],[33.3366,39.5114],[33.3411,39.5113],[33.3451,39.5081],[33.3432,39.5035],[33.3468,39.4995],[33.3541,39.4872],[33.3475,39.4817],[33.348,39.4742],[33.3453,39.4668],[33.3478,39.4634],[33.354,39.4669],[33.3668,39.4646],[33.3662,39.4559],[33.3718,39.4554],[33.3937,39.4564],[33.3899,39.4414],[33.3875,39.4375],[33.3883,39.434],[33.3951,39.4298],[33.3966,39.4258],[33.3917,39.4214],[33.3891,39.4232],[33.3832,39.4181],[33.3827,39.4131],[33.3846,39.4102],[33.3905,39.4072],[33.3935,39.404],[33.3984,39.4019],[33.4011,39.3974],[33.4057,39.3952],[33.4094,39.3955],[33.4177,39.3999],[33.4215,39.4],[33.4218,39.3965],[33.4212,39.3952],[33.4201,39.3785],[33.4082,39.3772],[33.4081,39.3693],[33.4063,39.3652],[33.4132,39.3648],[33.4113,39.3611],[33.4203,39.3612],[33.4219,39.3549],[33.425,39.352],[33.4324,39.3549],[33.4352,39.3549],[33.4389,39.3491],[33.4468,39.3533],[33.4542,39.3537],[33.4517,39.3498],[33.4563,39.3429],[33.4659,39.3407],[33.4533,39.3349],[33.4505,39.3284],[33.4481,39.3289],[33.4444,39.3239],[33.4432,39.3186],[33.449,39.318],[33.451,39.3138],[33.4562,39.3129],[33.4596,39.3084],[33.4595,39.3021],[33.4631,39.3002],[33.4736,39.2989],[33.4762,39.2955],[33.4877,39.2933],[33.488,39.2953],[33.4947,39.2958],[33.502,39.2914],[33.5061,39.2911],[33.51,39.2843],[33.515,39.2806],[33.5191,39.2746],[33.5216,39.2668],[33.5297,39.2526],[33.5452,39.2244],[33.5585,39.2083],[33.5992,39.1867],[33.6561,39.1586],[33.68,39.1422],[33.6816,39.1432],[33.7076,39.1203],[33.7324,39.1096],[33.7456,39.1015],[33.7517,39.0875],[33.7579,39.0764],[33.7782,39.0745],[33.815,39.0769],[33.8372,39.0744],[33.8464,39.0719],[33.8642,39.0625],[33.8721,39.0484],[33.8852,39.0279],[33.8696,39.0295],[33.8654,39.0256],[33.8574,39.0247],[33.8478,39.0248],[33.8429,39.0221],[33.8416,39.0153],[33.8387,39.0125],[33.8347,39.0135],[33.8342,39.0086],[33.8287,39.0069],[33.8286,39.0021],[33.8211,39.0005],[33.8193,38.9932],[33.8116,38.9858],[33.811,38.9832],[33.7954,38.978],[33.7915,38.9778],[33.7842,38.975],[33.7788,38.9812],[33.7667,38.9854],[33.7591,38.9864],[33.7538,38.9828],[33.7488,38.9838],[33.7403,38.9875],[33.7301,38.9864],[33.7284,38.9841],[33.7214,38.9814],[33.7205,38.9777],[33.7261,38.9756],[33.728,38.9713],[33.7274,38.9663],[33.724,38.9653],[33.7243,38.9614],[33.7291,38.9601],[33.7328,38.9623],[33.7368,38.9612],[33.7388,38.9557],[33.7329,38.9513],[33.7367,38.944],[33.7444,38.936],[33.7436,38.9332],[33.7378,38.9266],[33.7429,38.9215],[33.7481,38.9198],[33.7521,38.9223],[33.7597,38.9233],[33.7703,38.9143],[33.7758,38.914],[33.7864,38.9101],[33.7872,38.9077],[33.7856,38.8999],[33.7886,38.8939],[33.7959,38.8857],[33.7995,38.8861],[33.8029,38.882],[33.7995,38.8737],[33.7987,38.8576],[33.7826,38.8477],[33.7827,38.8457],[33.7779,38.841],[33.7818,38.8359],[33.7854,38.8352],[33.7822,38.8288],[33.7773,38.8275],[33.7752,38.8243],[33.7689,38.8235],[33.7671,38.8215],[33.7668,38.8097],[33.7725,38.8065],[33.7709,38.8048],[33.7766,38.7995],[33.7773,38.7968],[33.7706,38.7906],[33.7695,38.7876],[33.765,38.7875],[33.7592,38.7794],[33.755,38.7756],[33.7543,38.7715],[33.7491,38.7691],[33.7517,38.7641],[33.7467,38.7609],[33.7398,38.7592],[33.738,38.7553],[33.7397,38.7499],[33.7323,38.7456],[33.7346,38.7405],[33.7293,38.7414],[33.7252,38.7371],[33.7189,38.7373],[33.7144,38.7349],[33.7076,38.7295],[33.7017,38.7225],[33.6967,38.7223],[33.6891,38.7191],[33.6862,38.7167],[33.6703,38.7111],[33.6683,38.7071],[33.6631,38.7078],[33.66,38.7053],[33.6541,38.7033],[33.6532,38.6924],[33.6436,38.6888],[33.6239,38.6947],[33.6169,38.6908],[33.5552,38.6757],[33.4422,38.6659],[33.3237,38.6619],[33.324,38.7068],[33.3284,38.7453],[33.3267,38.7466],[33.3383,38.8256],[33.3443,38.865],[33.3742,38.9053],[33.3878,38.9407],[33.3938,38.9691],[33.3931,38.9828],[33.3926,39.0119],[33.3897,39.0312],[33.3722,39.0597],[33.341,39.0941],[33.3107,39.103],[33.2996,39.1052],[33.3068,39.1005],[33.3157,39.1001],[33.3229,39.0953],[33.3229,39.0901],[33.3253,39.087],[33.3193,39.079],[33.3143,39.078],[33.3085,39.0745],[33.3056,39.0742],[33.2944,39.0789],[33.2918,39.0741],[33.2853,39.0748],[33.2712,39.0726],[33.269,39.0773],[33.2566,39.0773],[33.2554,39.0814],[33.2498,39.0812],[33.2336,39.0825],[33.2264,39.0894],[33.2201,39.0982],[33.2139,39.1098],[33.2122,39.117],[33.2088,39.1182],[33.1856,39.1209],[33.1715,39.1277],[33.1621,39.1374],[33.15,39.1432],[33.1432,39.1527],[33.1414,39.1609],[33.139,39.1608],[33.1348,39.1704],[33.1289,39.1701],[33.1311,39.1745],[33.1227,39.1751],[33.1231,39.1839],[33.1395,39.1827],[33.1478,39.1967],[33.1535,39.2015],[33.1531,39.2049],[33.1605,39.213],[33.1577,39.2147],[33.1617,39.2182],[33.1608,39.2277],[33.1585,39.2345],[33.1666,39.2396],[33.173,39.2404],[33.1763,39.2394],[33.1863,39.2391],[33.195,39.237],[33.196,39.2398],[33.1931,39.2458],[33.1936,39.2497],[33.1914,39.2543],[33.1943,39.2595],[33.2015,39.2606],[33.1922,39.2681],[33.192,39.2732],[33.1878,39.2826],[33.1876,39.2888],[33.1826,39.2947],[33.1794,39.2937],[33.1727,39.2941],[33.1649,39.2976],[33.1621,39.3001],[33.1638,39.3049],[33.1594,39.3046],[33.1602,39.3009],[33.1573,39.2987],[33.1607,39.2901],[33.1571,39.2816],[33.1504,39.2797],[33.1471,39.2823],[33.1369,39.2826],[33.1315,39.2768],[33.1308,39.2701],[33.1246,39.2632],[33.1179,39.2587],[33.1205,39.2559],[33.1167,39.2513],[33.1164,39.248],[33.1096,39.2462],[33.1034,39.2411],[33.1007,39.2424],[33.0922,39.2417],[33.0836,39.2348],[33.0785,39.2319],[33.0741,39.2254],[33.0707,39.2225],[33.0729,39.2183],[33.0685,39.2149],[33.0666,39.2105],[33.0637,39.2084],[33.0571,39.2093],[33.0515,39.2072],[33.0422,39.2057],[33.026,39.1968],[33.023,39.1959],[33.0181,39.1997],[33.0091,39.2027],[33.0083,39.2076],[32.9994,39.2123],[33.0065,39.2166],[33.0033,39.2229],[33.0041,39.2279],[33.0018,39.2326],[33.0054,39.2348],[33.0035,39.2395],[33.009,39.2438],[33.023,39.2489],[33.0224,39.2543],[33.0252,39.2551],[33.0278,39.26],[33.0268,39.2626],[33.0313,39.2674],[33.0328,39.2708],[33.0303,39.2778],[33.0115,39.2777],[33.0045,39.2747],[33.0004,39.2761],[32.9916,39.281],[32.9881,39.2812],[32.9807,39.2861],[32.9797,39.2887],[32.9749,39.2916],[32.9683,39.2896],[32.9622,39.2841],[32.9556,39.2846],[32.9483,39.2816],[32.9499,39.2764],[32.9471,39.2719],[32.9426,39.2692],[32.9357,39.2594],[32.9278,39.2541],[32.9256,39.245],[32.9185,39.2444],[32.9174,39.2408],[32.9227,39.2409],[32.9306,39.2394],[32.9245,39.2366],[32.92,39.2369],[32.9123,39.2331],[32.9082,39.2334],[32.9087,39.2291],[32.903,39.2278],[32.8992,39.2318],[32.8986,39.2516],[32.9009,39.2617],[32.8982,39.2703],[32.8893,39.2721],[32.8796,39.2643],[32.879,39.2623],[32.8689,39.2543],[32.8624,39.258],[32.8578,39.2577],[32.8388,39.2604],[32.8332,39.252],[32.8125,39.2487],[32.797,39.2457],[32.7916,39.2419],[32.7868,39.2352],[32.7828,39.2336],[32.783,39.2259],[32.7868,39.2245],[32.7933,39.2263],[32.797,39.2259],[32.7979,39.217],[32.7947,39.2108],[32.789,39.2091],[32.7825,39.21],[32.7841,39.2055],[32.7916,39.2065],[32.7994,39.2102],[32.8004,39.2069],[32.8039,39.2067],[32.8053,39.1981],[32.811,39.1938],[32.8194,39.1904],[32.832,39.1883],[32.8393,39.1905],[32.8423,39.1861],[32.8387,39.184],[32.8357,39.1784],[32.828,39.1771],[32.8207,39.1717],[32.8175,39.1681],[32.8103,39.1699],[32.8108,39.1648],[32.8168,39.1654],[32.8156,39.1606],[32.8117,39.1588],[32.7993,39.1584],[32.7939,39.155],[32.7982,39.1516],[32.7991,39.1487],[32.8038,39.1455],[32.8036,39.1431],[32.799,39.1394],[32.7948,39.1329],[32.793,39.1259],[32.7842,39.1262],[32.7841,39.1226],[32.7793,39.1223],[32.7731,39.1183],[32.7714,39.1201],[32.7622,39.1166],[32.752,39.1149],[32.7476,39.1153],[32.7329,39.119],[32.7277,39.1173],[32.7155,39.1116],[32.7114,39.1121],[32.6951,39.1117],[32.6895,39.1102],[32.6887,39.1046],[32.676,39.1044],[32.653,39.1026],[32.6505,39.1042],[32.6489,39.1092],[32.6398,39.1008],[32.637,39.1038],[32.6285,39.1002],[32.6201,39.0981],[32.6236,39.0913],[32.6245,39.087],[32.6168,39.0881],[32.6254,39.075],[32.6183,39.0708],[32.614,39.0607],[32.6103,39.054],[32.6109,39.0515],[32.6172,39.0524],[32.6165,39.048],[32.61,39.0479],[32.6051,39.0376],[32.6019,39.0335],[32.6041,39.0315],[32.5963,39.0259],[32.5998,39.0243],[32.5968,39.0205],[32.585,39.0198],[32.583,39.0228],[32.5741,39.0228],[32.5698,39.0215],[32.5662,39.0226],[32.5657,39.0289],[32.5632,39.0337],[32.5514,39.0395],[32.5457,39.0386],[32.5422,39.0427],[32.5389,39.0426],[32.5319,39.0361],[32.5285,39.0389],[32.5241,39.038],[32.5205,39.0404],[32.5162,39.038],[32.5104,39.0368],[32.5137,39.0311],[32.5097,39.006],[32.4934,38.9919],[32.4937,38.9905],[32.4726,38.9772],[32.4643,38.9714],[32.451,38.9699],[32.4486,38.9688],[32.4491,38.9605],[32.4457,38.9575],[32.4382,38.9541],[32.4345,38.9561],[32.424,38.9651],[32.4195,38.9673],[32.4047,38.9701],[32.4013,38.9723],[32.3827,38.9984],[32.3801,39.001],[32.3729,38.9997],[32.3687,39.0047],[32.3669,39.0267],[32.3343,39.0215],[32.3267,39.0221],[32.3228,39.0257],[32.32,39.0315],[32.3101,39.0179],[32.3123,39.0146],[32.3104,39.0121],[32.3062,39.0145],[32.3003,39.0108],[32.2938,39.0102],[32.2874,39.0044],[32.2765,38.9992],[32.2739,38.999],[32.2686,38.9947],[32.2529,38.9939],[32.2548,38.9889],[32.2521,38.9874],[32.2454,38.987],[32.2321,38.9906],[32.2299,38.9866],[32.2229,38.9868],[32.22,38.9902],[32.22,38.9956],[32.2163,39.0108],[32.2103,39.0126],[32.2033,39.0126],[32.1814,39.0163],[32.182,39.0144],[32.1698,39.0127],[32.1692,39.0225],[32.1743,39.0223],[32.1749,39.0283],[32.1735,39.0303],[32.1678,39.0309],[32.1595,39.0296],[32.145,39.0285],[32.1479,39.0133],[32.1303,39.0102],[32.1297,39.0141],[32.1263,39.0174],[32.1256,39.0239],[32.1184,39.0231],[32.1247,39.0025],[32.129,39.0024],[32.1289,38.9915],[32.1353,38.9908],[32.1318,38.9551],[32.1097,38.9555],[32.1093,38.9472],[32.0943,38.9601],[32.0841,38.9583],[32.0744,38.9576],[32.066,38.961],[32.0456,38.9667],[32.0417,38.967],[32.0338,38.9718],[32.0281,38.9732],[32.0139,38.974],[32.0005,38.9812],[31.9921,38.9869],[31.9923,38.9947],[31.9833,38.9971],[31.9611,39.0013],[31.9545,39.0053],[31.9483,39.0077],[31.9301,39.0246],[31.9281,39.0311],[31.9298,39.0325],[31.9379,39.0446],[31.9387,39.0545],[31.9423,39.06],[31.9418,39.0668],[31.9385,39.0744],[31.9227,39.0716],[31.9228,39.0765],[31.9288,39.0787],[31.9233,39.0841],[31.9242,39.089],[31.9125,39.0894],[31.9105,39.0917],[31.9099,39.0974],[31.9065,39.0993],[31.9041,39.1103],[31.8885,39.1192],[31.8952,39.1258],[31.8886,39.127],[31.8802,39.1308],[31.8772,39.1333],[31.8651,39.1391],[31.8614,39.1384],[31.8592,39.1427],[31.8464,39.14],[31.8516,39.1454],[31.8457,39.1466],[31.8435,39.1422]]]}},{"type":"Feature","properties":{"name":"Antalya","number":7},"geometry":{"type":"Polygon","coordinates":[[[29.262,36.2932],[29.2685,36.2939],[29.283,36.2942],[29.285,36.2964],[29.2829,36.3032],[29.2762,36.3044],[29.2775,36.3073],[29.2825,36.3065],[29.2829,36.3102],[29.2865,36.3106],[29.2881,36.3066],[29.2939,36.3105],[29.3,36.3112],[29.3045,36.3086],[29.3054,36.3127],[29.3147,36.32],[29.3157,36.323],[29.315,36.3289],[29.3133,36.331],[29.3151,36.3349],[29.3123,36.3387],[29.3124,36.3446],[29.3165,36.3481],[29.3176,36.3517],[29.3159,36.3632],[29.319,36.3646],[29.3107,36.3703],[29.3127,36.3746],[29.3172,36.3767],[29.3153,36.3794],[29.3164,36.3854],[29.3135,36.3885],[29.3244,36.3877],[29.3253,36.3926],[29.3342,36.3938],[29.3326,36.3995],[29.3294,36.4011],[29.3314,36.4042],[29.3239,36.4043],[29.3262,36.4196],[29.3243,36.4236],[29.3173,36.4283],[29.3165,36.431],[29.3237,36.4391],[29.3333,36.4386],[29.339,36.4369],[29.344,36.444],[29.3492,36.4464],[29.3507,36.45],[29.3576,36.4547],[29.3583,36.4586],[29.3681,36.466],[29.3735,36.466],[29.3933,36.4736],[29.4014,36.4741],[29.4076,36.4724],[29.4084,36.4686],[29.4264,36.4675],[29.4383,36.4629],[29.4538,36.4616],[29.4669,36.468],[29.4725,36.4678],[29.4893,36.4752],[29.4972,36.4825],[29.5116,36.5019],[29.5236,36.5093],[29.5375,36.5205],[29.5586,36.5338],[29.5799,36.5459],[29.6,36.5633],[29.6113,36.5651],[29.6243,36.5896],[29.6425,36.5981],[29.6439,36.6017],[29.6553,36.6062],[29.6594,36.6125],[29.6674,36.6192],[29.6849,36.6527],[29.6934,36.687],[29.6953,36.7042],[29.7002,36.7082],[29.7397,36.7426],[29.7424,36.7663],[29.7501,36.8033],[29.7593,36.816],[29.7671,36.8415],[29.7718,36.879],[29.7695,36.9087],[29.7605,36.9393],[29.7462,36.9514],[29.7308,36.9589],[29.7465,36.9635],[29.7585,36.9634],[29.7736,36.9704],[29.7796,36.976],[29.7944,36.9817],[29.8095,36.9921],[29.8268,37.007],[29.8343,37.0123],[29.8426,37.017],[29.8656,37.0246],[29.873,37.0309],[29.8761,37.0368],[29.881,37.039],[29.8814,37.0439],[29.8781,37.0501],[29.8716,37.0549],[29.8583,37.0598],[29.8427,37.0676],[29.8286,37.0776],[29.8162,37.0898],[29.8123,37.099],[29.8118,37.1069],[29.8286,37.1231],[29.8338,37.1329],[29.8364,37.1465],[29.8401,37.1691],[29.8489,37.186],[29.8866,37.2084],[29.9174,37.2195],[29.9558,37.2158],[29.9714,37.2227],[30.0188,37.2357],[30.0484,37.2406],[30.0673,37.2453],[30.0773,37.2566],[30.0934,37.2636],[30.1049,37.2893],[30.1149,37.2999],[30.1286,37.3087],[30.1454,37.3171],[30.1722,37.3195],[30.2003,37.3184],[30.213,37.3101],[30.2299,37.3107],[30.2481,37.3095],[30.2685,37.3061],[30.2831,37.3],[30.2885,37.3022],[30.2981,37.3011],[30.3119,37.3065],[30.3236,37.3091],[30.3346,37.3094],[30.3425,37.3068],[30.3548,37.3059],[30.3631,37.3019],[30.371,37.2912],[30.3811,37.2899],[30.4144,37.2823],[30.4195,37.2697],[30.4229,37.256],[30.416,37.2402],[30.427,37.2359],[30.4409,37.2354],[30.4606,37.2453],[30.4785,37.2457],[30.4983,37.2409],[30.5036,37.2406],[30.5144,37.236],[30.536,37.2341],[30.5435,37.2366],[30.5637,37.2367],[30.5764,37.2433],[30.5877,37.2425],[30.5997,37.2424],[30.6072,37.2459],[30.674,37.2511],[30.715,37.2457],[30.7297,37.2421],[30.7421,37.2444],[30.7518,37.2375],[30.7717,37.2309],[30.7905,37.2316],[30.798,37.2323],[30.8172,37.2395],[30.8242,37.2403],[30.8459,37.2387],[30.8513,37.2546],[30.8645,37.2628],[30.879,37.2777],[30.8939,37.2986],[30.9031,37.3217],[30.9116,37.3596],[30.9138,37.3724],[30.94,37.3708],[30.9475,37.363],[30.9739,37.3472],[30.9819,37.3439],[30.9922,37.3425],[31.0092,37.3467],[31.0367,37.3569],[31.0531,37.3619],[31.0878,37.3758],[31.0961,37.3783],[31.1153,37.3805],[31.1378,37.3797],[31.1569,37.3811],[31.1786,37.3861],[31.1906,37.39],[31.2056,37.3961],[31.2178,37.4047],[31.2308,37.4172],[31.2369,37.4217],[31.2489,37.4261],[31.2589,37.4269],[31.2761,37.4261],[31.2864,37.4244],[31.3052,37.4176],[31.3155,37.4158],[31.3736,37.368],[31.4124,37.3471],[31.4508,37.3307],[31.4748,37.326],[31.5316,37.2965],[31.5329,37.2862],[31.5532,37.2793],[31.5776,37.2851],[31.5872,37.284],[31.6041,37.2881],[31.6347,37.2833],[31.6498,37.2851],[31.6542,37.2884],[31.6443,37.3006],[31.6474,37.306],[31.6596,37.3139],[31.6834,37.3186],[31.6894,37.3243],[31.6888,37.3283],[31.6812,37.332],[31.6794,37.3373],[31.6932,37.3453],[31.7016,37.3437],[31.7079,37.3524],[31.7123,37.3564],[31.7193,37.3593],[31.7195,37.3648],[31.7243,37.368],[31.7273,37.3726],[31.7346,37.3729],[31.7398,37.3696],[31.7518,37.3703],[31.769,37.37],[31.77,37.364],[31.7663,37.3582],[31.7733,37.352],[31.77,37.3459],[31.7719,37.3368],[31.7829,37.329],[31.8142,37.3112],[31.842,37.3017],[31.842,37.2904],[31.863,37.2817],[31.8894,37.2522],[31.9105,37.2479],[31.926,37.2354],[31.9386,37.2222],[31.9233,37.2018],[31.9324,37.1669],[31.9476,37.1361],[31.9652,37.1159],[31.9842,37.1025],[32.0226,37.0791],[32.0373,37.0623],[32.0626,37.0416],[32.0984,37.0256],[32.1387,37.0107],[32.1814,36.9873],[32.2,36.9723],[32.2363,36.9457],[32.271,36.9163],[32.2865,36.8988],[32.3004,36.8823],[32.3193,36.8492],[32.334,36.8294],[32.3492,36.8155],[32.3657,36.8074],[32.3959,36.7969],[32.4111,36.7892],[32.4344,36.7786],[32.4428,36.7735],[32.4649,36.7574],[32.4698,36.7532],[32.4751,36.7226],[32.4991,36.6596],[32.4876,36.657],[32.4843,36.6524],[32.5188,36.6271],[32.5137,36.618],[32.5137,36.6119],[32.5106,36.6004],[32.5037,36.5982],[32.4982,36.5915],[32.5013,36.5822],[32.5113,36.5747],[32.5113,36.5687],[32.5135,36.5601],[32.5087,36.5473],[32.5103,36.5381],[32.5144,36.5347],[32.5161,36.5299],[32.5188,36.5284],[32.5388,36.5287],[32.5508,36.5227],[32.5585,36.5167],[32.5854,36.5127],[32.5899,36.5076],[32.6036,36.5014],[32.6236,36.471],[32.6126,36.4547],[32.583,36.4426],[32.5556,36.4246],[32.5422,36.4224],[32.5398,36.4191],[32.5353,36.4185],[32.5267,36.4116],[32.5264,36.4061],[32.5109,36.3983],[32.5178,36.3884],[32.5237,36.3688],[32.5237,36.3632],[32.5312,36.3638],[32.5521,36.3599],[32.5546,36.3602],[32.5666,36.3572],[32.5697,36.3591],[32.5762,36.3563],[32.5906,36.3151],[32.5951,36.3101],[32.6,36.3085],[32.6145,36.2994],[32.6182,36.2876],[32.6167,36.2818],[32.6215,36.2772],[32.6186,36.2735],[32.6203,36.2695],[32.615,36.2643],[32.6131,36.2594],[32.6088,36.2556],[32.6067,36.2505],[32.6023,36.2511],[32.5873,36.2462],[32.5789,36.2392],[32.5678,36.2375],[32.5582,36.2318],[32.5551,36.2331],[32.5503,36.2321],[32.5463,36.2293],[32.5375,36.2254],[32.5405,36.2179],[32.5461,36.2116],[32.5465,36.2065],[32.553,36.2043],[32.5563,36.1976],[32.564,36.1929],[32.5726,36.1903],[32.581,36.1793],[32.5798,36.1732],[32.5733,36.1641],[32.5772,36.1558],[32.5884,36.1516],[32.5928,36.1481],[32.5929,36.1456],[32.5857,36.1409],[32.5883,36.1348],[32.5868,36.1275],[32.5845,36.1234],[32.5754,36.121],[32.5671,36.1123],[32.5634,36.1111],[32.5639,36.1075],[32.5624,36.1007],[32.5528,36.0981],[32.5503,36.0939],[32.5427,36.0945],[32.5345,36.0935],[32.5263,36.0961],[32.5193,36.0969],[32.511,36.106],[32.5005,36.1056],[32.4958,36.1113],[32.4885,36.1094],[32.4886,36.1136],[32.4834,36.1149],[32.4789,36.1186],[32.4786,36.1216],[32.4722,36.1232],[32.4652,36.1306],[32.4605,36.1345],[32.4534,36.1374],[32.4446,36.1395],[32.4402,36.1428],[32.4366,36.1425],[32.4319,36.147],[32.4233,36.1504],[32.42,36.1538],[32.4166,36.1534],[32.4128,36.1571],[32.4155,36.1586],[32.4129,36.1625],[32.4064,36.1622],[32.3991,36.165],[32.3934,36.1648],[32.3907,36.1662],[32.3876,36.1709],[32.3798,36.173],[32.3739,36.186],[32.3672,36.1913],[32.36,36.2011],[32.3518,36.206],[32.3515,36.2084],[32.342,36.2148],[32.3329,36.2162],[32.3331,36.2187],[32.3295,36.2219],[32.3224,36.2227],[32.3152,36.2259],[32.3112,36.2291],[32.3065,36.2297],[32.2968,36.2343],[32.2971,36.2368],[32.2832,36.2569],[32.2779,36.2605],[32.2797,36.2628],[32.2796,36.2695],[32.2782,36.2766],[32.2758,36.2823],[32.2751,36.2888],[32.2617,36.302],[32.2542,36.3087],[32.2491,36.3076],[32.2461,36.3113],[32.246,36.3141],[32.2422,36.3177],[32.2348,36.3193],[32.2301,36.3227],[32.2291,36.3263],[32.2206,36.3339],[32.2174,36.3348],[32.2111,36.3427],[32.2042,36.3568],[32.1972,36.3668],[32.1938,36.3698],[32.1936,36.3762],[32.1862,36.387],[32.1722,36.406],[32.168,36.4144],[32.1652,36.4177],[32.149,36.4315],[32.1465,36.4318],[32.1402,36.4365],[32.1345,36.4375],[32.1329,36.4413],[32.1282,36.4473],[32.124,36.4499],[32.1239,36.454],[32.1183,36.4649],[32.1147,36.4692],[32.1,36.481],[32.0799,36.5015],[32.0747,36.5061],[32.0653,36.5117],[32.0482,36.5261],[32.031,36.536],[32.0207,36.541],[32.0146,36.5427],[32.0064,36.543],[32.0001,36.5406],[31.9982,36.5354],[32.0003,36.5309],[31.9933,36.5291],[31.9885,36.53],[31.9872,36.5346],[31.9886,36.5409],[31.9763,36.5509],[31.9611,36.5587],[31.9549,36.5582],[31.9479,36.5603],[31.9393,36.5588],[31.9245,36.5639],[31.9189,36.5636],[31.9025,36.5719],[31.8959,36.5723],[31.8928,36.5742],[31.8771,36.5802],[31.8642,36.5857],[31.8538,36.589],[31.8302,36.595],[31.8227,36.5953],[31.8159,36.5937],[31.7981,36.6001],[31.7961,36.6021],[31.7872,36.6069],[31.7848,36.6072],[31.778,36.6038],[31.7725,36.6057],[31.7754,36.6083],[31.7748,36.6138],[31.7692,36.6176],[31.7624,36.624],[31.7537,36.6269],[31.7547,36.6301],[31.7508,36.6343],[31.7432,36.6387],[31.7351,36.6417],[31.7279,36.6387],[31.7106,36.6432],[31.702,36.6428],[31.6947,36.6473],[31.687,36.6493],[31.6813,36.6485],[31.6806,36.6455],[31.6727,36.6443],[31.6739,36.6478],[31.6707,36.6498],[31.6641,36.6492],[31.6621,36.653],[31.6529,36.6612],[31.645,36.6655],[31.6358,36.672],[31.6246,36.6764],[31.6017,36.6868],[31.5949,36.6927],[31.582,36.7013],[31.5704,36.7068],[31.5193,36.728],[31.5098,36.7316],[31.4978,36.7351],[31.4828,36.7411],[31.4608,36.7478],[31.4387,36.7536],[31.4263,36.7558],[31.4172,36.7555],[31.4125,36.7569],[31.4059,36.7618],[31.3921,36.7662],[31.3893,36.7638],[31.3848,36.7662],[31.3912,36.7712],[31.3885,36.7786],[31.3806,36.7844],[31.3725,36.7892],[31.3658,36.7954],[31.3592,36.7987],[31.339,36.8054],[31.3325,36.8082],[31.3181,36.812],[31.3035,36.8151],[31.2933,36.8165],[31.2907,36.816],[31.2786,36.8179],[31.2706,36.8183],[31.2653,36.8171],[31.2629,36.8194],[31.2536,36.8213],[31.2438,36.8212],[31.236,36.8224],[31.2274,36.8227],[31.2199,36.8215],[31.2144,36.8244],[31.204,36.8269],[31.1939,36.8282],[31.1822,36.829],[31.1709,36.8288],[31.151,36.8319],[31.129,36.8341],[31.1244,36.836],[31.1074,36.8378],[31.0901,36.8411],[31.08,36.8413],[31.0741,36.8432],[31.068,36.8468],[31.0561,36.8503],[31.0322,36.8544],[31.0175,36.8556],[31.0112,36.8569],[31.0005,36.8578],[30.9832,36.8578],[30.9664,36.8572],[30.9351,36.8545],[30.9133,36.8536],[30.8789,36.8528],[30.8648,36.8521],[30.816,36.8472],[30.8001,36.8471],[30.7943,36.8514],[30.7891,36.8528],[30.7761,36.8485],[30.7606,36.8469],[30.7555,36.8476],[30.7466,36.8511],[30.7439,36.855],[30.7404,36.8533],[30.7302,36.858],[30.724,36.8649],[30.7178,36.8688],[30.7169,36.8718],[30.7123,36.8743],[30.7088,36.8742],[30.7041,36.8788],[30.7025,36.8851],[30.6925,36.8835],[30.6788,36.8839],[30.6665,36.8782],[30.6602,36.8747],[30.6431,36.8636],[30.6339,36.8587],[30.6195,36.8471],[30.614,36.8416],[30.611,36.8361],[30.6077,36.836],[30.6046,36.8296],[30.5953,36.8219],[30.5882,36.8132],[30.5814,36.8027],[30.5762,36.7984],[30.5755,36.7928],[30.573,36.7856],[30.5754,36.7829],[30.5737,36.7785],[30.5741,36.7727],[30.5725,36.7622],[30.5679,36.7514],[30.5701,36.7447],[30.566,36.7367],[30.5637,36.727],[30.5638,36.7225],[30.5665,36.7162],[30.5716,36.71],[30.5743,36.7022],[30.573,36.6988],[30.5702,36.683],[30.5708,36.6777],[30.5692,36.6734],[30.5585,36.657],[30.5551,36.6498],[30.5552,36.645],[30.5595,36.6438],[30.559,36.64],[30.5561,36.634],[30.5583,36.6303],[30.5568,36.6234],[30.5581,36.6155],[30.5613,36.6101],[30.571,36.5998],[30.575,36.5998],[30.5769,36.5962],[30.5843,36.5957],[30.5884,36.5989],[30.5914,36.5954],[30.5923,36.5915],[30.586,36.5825],[30.5882,36.5794],[30.5771,36.5642],[30.5663,36.5526],[30.5577,36.5411],[30.5596,36.5382],[30.5569,36.5348],[30.5621,36.5332],[30.5525,36.5285],[30.555,36.5222],[30.5502,36.5236],[30.5423,36.5228],[30.5425,36.5139],[30.5407,36.5095],[30.5262,36.4892],[30.5215,36.4815],[30.5165,36.4793],[30.5172,36.4716],[30.5134,36.4692],[30.5074,36.469],[30.5066,36.4649],[30.5101,36.464],[30.5097,36.4605],[30.5129,36.4556],[30.5094,36.4409],[30.5033,36.4373],[30.4977,36.4361],[30.4909,36.4393],[30.4844,36.4375],[30.4805,36.4338],[30.4875,36.4297],[30.4862,36.4273],[30.4886,36.4231],[30.4864,36.4206],[30.4791,36.4053],[30.4761,36.3975],[30.48,36.3934],[30.4858,36.3923],[30.4854,36.3851],[30.4867,36.3804],[30.4914,36.3774],[30.4995,36.364],[30.5008,36.3683],[30.5049,36.3699],[30.5061,36.3648],[30.5031,36.3535],[30.5093,36.3538],[30.5101,36.3452],[30.5209,36.3411],[30.527,36.3416],[30.5296,36.338],[30.5291,36.3347],[30.5253,36.3338],[30.5204,36.3301],[30.5127,36.3305],[30.5087,36.3292],[30.5064,36.3244],[30.501,36.3236],[30.4968,36.3275],[30.4904,36.3232],[30.491,36.3211],[30.4877,36.3165],[30.4831,36.3155],[30.4783,36.3163],[30.4759,36.314],[30.4684,36.315],[30.4658,36.3128],[30.4655,36.3061],[30.4675,36.3007],[30.4713,36.2969],[30.4755,36.297],[30.4825,36.3013],[30.4882,36.2986],[30.4843,36.288],[30.4877,36.2796],[30.4801,36.2746],[30.4777,36.2716],[30.4729,36.2723],[30.4633,36.266],[30.4576,36.2582],[30.4523,36.2586],[30.4504,36.2535],[30.4441,36.2504],[30.4417,36.246],[30.438,36.2455],[30.4336,36.2394],[30.4359,36.2365],[30.4344,36.2334],[30.4299,36.2294],[30.4232,36.2304],[30.4211,36.2289],[30.421,36.2237],[30.4166,36.2223],[30.4142,36.2189],[30.4147,36.2161],[30.4077,36.2127],[30.4027,36.2146],[30.4032,36.2208],[30.4053,36.2284],[30.4023,36.2319],[30.406,36.2363],[30.4074,36.2401],[30.4019,36.2423],[30.3987,36.2466],[30.3994,36.2496],[30.4047,36.2553],[30.4088,36.2549],[30.4102,36.2593],[30.4135,36.2638],[30.4138,36.268],[30.4101,36.2733],[30.4047,36.2758],[30.4021,36.2737],[30.3963,36.274],[30.3936,36.2787],[30.3872,36.278],[30.3866,36.2741],[30.3803,36.2747],[30.3781,36.2729],[30.3717,36.2721],[30.3704,36.2691],[30.3385,36.2899],[30.3208,36.3004],[30.318,36.3011],[30.3007,36.3093],[30.2935,36.3107],[30.2782,36.3151],[30.2695,36.3151],[30.2552,36.3159],[30.235,36.3157],[30.221,36.3144],[30.2149,36.315],[30.1956,36.3151],[30.1798,36.3129],[30.1669,36.3093],[30.1581,36.3055],[30.1508,36.3014],[30.1478,36.2967],[30.1494,36.2894],[30.1525,36.2861],[30.1512,36.2798],[30.1526,36.2746],[30.1446,36.267],[30.1401,36.2673],[30.14,36.2713],[30.1423,36.2755],[30.1397,36.279],[30.1345,36.2738],[30.1304,36.2681],[30.1315,36.2663],[30.1275,36.2619],[30.1233,36.2621],[30.1204,36.2561],[30.1198,36.251],[30.117,36.2482],[30.1122,36.2466],[30.1086,36.2494],[30.1066,36.2466],[30.1001,36.2468],[30.0907,36.2507],[30.0854,36.2499],[30.0794,36.2566],[30.0734,36.2591],[30.0633,36.2583],[30.051,36.2545],[30.0443,36.2514],[30.0127,36.2331],[29.9916,36.2247],[29.9874,36.2215],[29.9855,36.2158],[29.9819,36.2142],[29.9795,36.2194],[29.9739,36.2213],[29.9672,36.2192],[29.9598,36.2207],[29.9565,36.2202],[29.9515,36.2222],[29.9486,36.2204],[29.9428,36.2212],[29.9446,36.2244],[29.9423,36.2285],[29.9354,36.2303],[29.9302,36.2336],[29.9248,36.2335],[29.9208,36.2292],[29.9132,36.2285],[29.904,36.2226],[29.9061,36.2211],[29.9073,36.2162],[29.9031,36.2159],[29.8988,36.2133],[29.8902,36.2106],[29.8936,36.2058],[29.8976,36.2049],[29.894,36.201],[29.8909,36.2003],[29.8881,36.1958],[29.8842,36.1933],[29.8763,36.1934],[29.8716,36.1914],[29.8693,36.1932],[29.8648,36.1903],[29.8565,36.1897],[29.856,36.1931],[29.8603,36.1938],[29.8608,36.1973],[29.8543,36.1965],[29.8486,36.1972],[29.8393,36.195],[29.8359,36.1922],[29.8285,36.1887],[29.832,36.1859],[29.8385,36.1885],[29.843,36.192],[29.8466,36.189],[29.8386,36.188],[29.8319,36.1817],[29.8316,36.1781],[29.8233,36.1813],[29.8222,36.1764],[29.8151,36.1759],[29.8162,36.1735],[29.8084,36.1707],[29.8035,36.1665],[29.8119,36.1673],[29.8184,36.1664],[29.8254,36.1693],[29.8275,36.1674],[29.8236,36.1636],[29.8195,36.1624],[29.8139,36.1582],[29.8112,36.1539],[29.7916,36.1439],[29.7823,36.1417],[29.7768,36.1372],[29.7567,36.1423],[29.7616,36.147],[29.7741,36.1547],[29.7833,36.157],[29.7764,36.1604],[29.7721,36.1606],[29.7665,36.159],[29.7619,36.1559],[29.7556,36.1545],[29.7473,36.1621],[29.7456,36.1592],[29.7393,36.1568],[29.7334,36.1574],[29.7293,36.1634],[29.7198,36.163],[29.7137,36.1575],[29.7132,36.1525],[29.7105,36.1498],[29.7002,36.1478],[29.6942,36.1451],[29.6927,36.1421],[29.6837,36.1348],[29.6791,36.14],[29.6779,36.1439],[29.6796,36.1469],[29.6762,36.1485],[29.6785,36.1528],[29.6697,36.1526],[29.6653,36.1504],[29.6661,36.1479],[29.6591,36.1466],[29.6534,36.1486],[29.6571,36.1532],[29.6489,36.1592],[29.644,36.1595],[29.6418,36.1654],[29.6313,36.1693],[29.6334,36.1749],[29.6403,36.179],[29.6436,36.1741],[29.6505,36.1725],[29.6514,36.1787],[29.6506,36.1918],[29.6473,36.1926],[29.6452,36.1966],[29.641,36.1991],[29.631,36.1976],[29.6247,36.1999],[29.6169,36.1969],[29.6126,36.1973],[29.6077,36.1881],[29.5965,36.1881],[29.59,36.1843],[29.5843,36.1863],[29.5856,36.1907],[29.5918,36.1918],[29.6007,36.197],[29.6036,36.1969],[29.6116,36.2038],[29.6161,36.2047],[29.6244,36.2007],[29.6315,36.2051],[29.621,36.2073],[29.6112,36.2085],[29.6023,36.207],[29.5961,36.2028],[29.5928,36.2032],[29.5849,36.2012],[29.5736,36.2026],[29.5706,36.2046],[29.5707,36.2079],[29.5665,36.2099],[29.5505,36.2102],[29.5453,36.2117],[29.5297,36.2102],[29.4993,36.2095],[29.4958,36.2106],[29.4819,36.2125],[29.4776,36.2119],[29.4705,36.2143],[29.4596,36.2214],[29.4565,36.2216],[29.4554,36.2256],[29.4486,36.229],[29.4315,36.2305],[29.4295,36.2321],[29.4237,36.2318],[29.4127,36.2244],[29.4078,36.2321],[29.4047,36.2437],[29.4089,36.2437],[29.4117,36.25],[29.4155,36.2524],[29.4176,36.2589],[29.4132,36.2624],[29.4011,36.2584],[29.3955,36.264],[29.3897,36.2645],[29.3871,36.2612],[29.3747,36.2618],[29.371,36.2635],[29.3676,36.2612],[29.3698,36.2578],[29.3734,36.2564],[29.3739,36.2484],[29.3703,36.2444],[29.3691,36.2382],[29.3546,36.2299],[29.3499,36.2325],[29.3502,36.2348],[29.3447,36.2374],[29.3395,36.2417],[29.3306,36.2462],[29.3225,36.2483],[29.3163,36.2477],[29.3141,36.2507],[29.2994,36.2633],[29.2775,36.2798],[29.2659,36.2894],[29.262,36.2932]]]}},{"type":"Feature","properties":{"name":"Artvin","number":8},"geometry":{"type":"Polygon","coordinates":[[[41.1293,40.8257],[41.1378,40.8489],[41.1437,40.8589],[41.1513,40.8665],[41.1808,40.8863],[41.1959,40.9014],[41.2012,40.9075],[41.216,40.9081],[41.2174,40.9245],[41.2152,40.9274],[41.2167,40.9314],[41.2275,40.9389],[41.2269,40.9458],[41.2306,40.954],[41.2452,40.9797],[41.2562,40.9849],[41.2882,40.9987],[41.3116,41.0095],[41.3213,41.0158],[41.3203,41.0288],[41.3293,41.0352],[41.3312,41.0409],[41.3408,41.0489],[41.3514,41.0562],[41.3514,41.0614],[41.3576,41.0655],[41.3623,41.0744],[41.3681,41.0889],[41.3686,41.1035],[41.3758,41.1208],[41.374,41.1345],[41.3686,41.1458],[41.3438,41.1725],[41.3403,41.1852],[41.339,41.2065],[41.3342,41.2157],[41.2986,41.2418],[41.2872,41.2499],[41.2692,41.2781],[41.2589,41.2977],[41.2528,41.3103],[41.2483,41.3177],[41.2462,41.3235],[41.2503,41.3273],[41.2584,41.3377],[41.2694,41.3438],[41.2787,41.3474],[41.2956,41.3505],[41.2997,41.3535],[41.3098,41.3559],[41.3158,41.3595],[41.329,41.3642],[41.341,41.3723],[41.3503,41.3743],[41.3602,41.3776],[41.3689,41.3784],[41.3799,41.3771],[41.4008,41.3812],[41.4125,41.3885],[41.4137,41.391],[41.4267,41.4031],[41.4337,41.4141],[41.4375,41.4175],[41.4377,41.4201],[41.4477,41.431],[41.4519,41.4375],[41.4566,41.4419],[41.4579,41.4452],[41.4633,41.4508],[41.4696,41.4527],[41.4734,41.4606],[41.4794,41.4617],[41.4866,41.4658],[41.49,41.4693],[41.5032,41.4722],[41.5109,41.4784],[41.522,41.4825],[41.5279,41.4916],[41.5347,41.506],[41.5371,41.5093],[41.5427,41.5122],[41.5471,41.5207],[41.5549,41.5182],[41.5622,41.5196],[41.5718,41.5198],[41.581,41.5153],[41.5823,41.5107],[41.5852,41.5087],[41.5963,41.507],[41.6022,41.5041],[41.618,41.5017],[41.6217,41.4993],[41.6235,41.4957],[41.6303,41.4891],[41.6354,41.4867],[41.6557,41.4855],[41.6657,41.4826],[41.6751,41.4841],[41.6826,41.4878],[41.6862,41.4869],[41.6938,41.4892],[41.701,41.4942],[41.7098,41.4962],[41.7153,41.4906],[41.7142,41.4801],[41.7092,41.4764],[41.7104,41.4737],[41.718,41.4738],[41.7274,41.4723],[41.7346,41.4725],[41.7424,41.4708],[41.7469,41.4714],[41.7553,41.4697],[41.7566,41.4678],[41.7696,41.4633],[41.7744,41.4608],[41.7772,41.4632],[41.7869,41.4612],[41.7888,41.4503],[41.7962,41.4472],[41.8002,41.4479],[41.806,41.4458],[41.8121,41.4402],[41.8149,41.4342],[41.824,41.4314],[41.8295,41.435],[41.837,41.4367],[41.8449,41.4405],[41.8473,41.4486],[41.8521,41.4491],[41.8566,41.4519],[41.8688,41.4556],[41.8814,41.4604],[41.8845,41.4676],[41.8878,41.4717],[41.8942,41.4757],[41.8926,41.4797],[41.8973,41.4833],[41.901,41.4891],[41.9101,41.4945],[41.9114,41.4993],[41.9183,41.5013],[41.9237,41.5065],[41.9277,41.5082],[41.9336,41.5084],[41.939,41.5111],[41.9419,41.5153],[41.9486,41.5176],[41.9553,41.5233],[41.9656,41.5242],[41.9718,41.5215],[41.9848,41.522],[41.9911,41.5167],[41.9907,41.5117],[41.9945,41.5048],[42.0038,41.5043],[42.0051,41.5024],[42.0119,41.5026],[42.0197,41.5005],[42.027,41.5],[42.0312,41.4956],[42.0429,41.4941],[42.0487,41.4958],[42.0515,41.4984],[42.0578,41.4983],[42.0633,41.5008],[42.0653,41.5038],[42.0696,41.5045],[42.0848,41.5102],[42.0983,41.5094],[42.1031,41.5069],[42.1104,41.5111],[42.1148,41.5109],[42.1204,41.5065],[42.1273,41.5053],[42.1339,41.5061],[42.1372,41.5081],[42.1439,41.5061],[42.1592,41.5068],[42.1669,41.5099],[42.1718,41.5133],[42.1782,41.5146],[42.1825,41.5128],[42.1864,41.509],[42.1964,41.5066],[42.2028,41.4918],[42.2077,41.4912],[42.2113,41.4954],[42.2191,41.4962],[42.2259,41.4988],[42.2326,41.4973],[42.2389,41.4948],[42.248,41.4939],[42.2539,41.4949],[42.2628,41.4916],[42.267,41.4915],[42.2743,41.4942],[42.285,41.4928],[42.2896,41.49],[42.2937,41.4896],[42.301,41.484],[42.3174,41.4791],[42.3296,41.4679],[42.3412,41.4717],[42.3486,41.4715],[42.3686,41.4649],[42.3814,41.4676],[42.385,41.4632],[42.3919,41.4661],[42.3996,41.4668],[42.4045,41.4645],[42.4114,41.4586],[42.4161,41.4589],[42.4249,41.4532],[42.4284,41.4486],[42.4347,41.4437],[42.4392,41.4416],[42.4465,41.4412],[42.4483,41.4384],[42.4563,41.4392],[42.4613,41.4368],[42.4729,41.4356],[42.4773,41.4383],[42.4822,41.4377],[42.4859,41.4408],[42.4896,41.4403],[42.4921,41.4451],[42.4948,41.445],[42.5033,41.4405],[42.5119,41.4397],[42.5202,41.4367],[42.52,41.4075],[42.533,41.3946],[42.5692,41.372],[42.5823,41.3615],[42.5911,41.3492],[42.5916,41.3363],[42.5879,41.3168],[42.5811,41.2966],[42.5748,41.2745],[42.5702,41.2601],[42.5129,41.1826],[42.5016,41.1722],[42.4833,41.1607],[42.4554,41.1446],[42.4142,41.12],[42.3844,41.1014],[42.3696,41.0896],[42.3579,41.0787],[42.3594,41.0631],[42.3669,41.0361],[42.3724,41.015],[42.3763,40.995],[42.3626,40.9553],[42.3518,40.945],[42.3397,40.9379],[42.3389,40.9321],[42.3345,40.9328],[42.3316,40.9385],[42.3178,40.9379],[42.3179,40.9329],[42.315,40.9295],[42.3017,40.9274],[42.2985,40.9254],[42.2897,40.9242],[42.2815,40.9249],[42.2772,40.9228],[42.2711,40.9323],[42.2654,40.9371],[42.2565,40.9349],[42.24,40.9387],[42.2303,40.945],[42.2272,40.9541],[42.2279,40.9655],[42.2185,40.973],[42.2079,40.9712],[42.1959,40.972],[42.1751,40.9708],[42.1724,40.9784],[42.1682,40.9796],[42.1509,40.9795],[42.1499,40.9755],[42.1435,40.9722],[42.1252,40.9687],[42.1211,40.9643],[42.1188,40.9704],[42.1119,40.9744],[42.0897,40.9765],[42.0774,40.9756],[42.0744,40.9812],[42.0755,40.9875],[42.069,40.983],[42.0611,40.9812],[42.0391,40.9793],[42.0321,40.9757],[42.0214,40.9747],[42.0085,40.9778],[42.0051,40.9819],[42.0064,40.9858],[42.0056,40.9908],[41.9945,40.987],[41.9896,40.9829],[41.9651,40.9804],[41.9653,40.979],[41.9595,40.9695],[41.9518,40.9639],[41.9474,40.9625],[41.9382,40.9507],[41.9376,40.9458],[41.9308,40.9339],[41.9187,40.929],[41.9146,40.9361],[41.8986,40.9381],[41.8893,40.9163],[41.8806,40.9184],[41.8702,40.9035],[41.8496,40.8947],[41.8485,40.873],[41.8363,40.8595],[41.8471,40.851],[41.8559,40.8466],[41.8692,40.8342],[41.8703,40.8196],[41.8735,40.8059],[41.87,40.8005],[41.8681,40.7878],[41.8552,40.7864],[41.8488,40.7749],[41.8508,40.7731],[41.8452,40.7631],[41.8444,40.7594],[41.8373,40.7568],[41.8304,40.7481],[41.8234,40.7584],[41.8196,40.7563],[41.8192,40.7508],[41.8132,40.7423],[41.8112,40.7296],[41.8152,40.7152],[41.8058,40.7117],[41.805,40.7044],[41.8075,40.6985],[41.8068,40.6843],[41.7976,40.6765],[41.7976,40.6667],[41.7913,40.672],[41.7829,40.6684],[41.7766,40.6623],[41.7649,40.6625],[41.7359,40.6727],[41.7236,40.6856],[41.7196,40.684],[41.7139,40.673],[41.7082,40.6691],[41.6999,40.6734],[41.6924,40.6755],[41.6601,40.6828],[41.6517,40.6886],[41.6095,40.6922],[41.5767,40.6904],[41.5619,40.6771],[41.5517,40.6701],[41.5447,40.6628],[41.5331,40.6604],[41.5198,40.6448],[41.5064,40.6427],[41.4915,40.6333],[41.4752,40.6318],[41.4732,40.6223],[41.4613,40.6155],[41.4534,40.6099],[41.4421,40.6064],[41.4419,40.5983],[41.4328,40.5878],[41.4114,40.5694],[41.4026,40.5713],[41.3939,40.5717],[41.3851,40.568],[41.3715,40.5657],[41.3647,40.5632],[41.3581,40.5621],[41.3509,40.5646],[41.3344,40.5658],[41.3288,40.559],[41.3172,40.5572],[41.3222,40.5727],[41.3211,40.5809],[41.3192,40.5844],[41.3176,40.5969],[41.3148,40.6014],[41.3122,40.6094],[41.3172,40.6168],[41.3151,40.6301],[41.3154,40.6359],[41.3116,40.6395],[41.3019,40.6419],[41.3045,40.6531],[41.2969,40.6594],[41.2933,40.6739],[41.2909,40.675],[41.291,40.6819],[41.2973,40.6842],[41.3046,40.6821],[41.3136,40.6845],[41.3157,40.6874],[41.3232,40.6922],[41.3297,40.693],[41.3374,40.6901],[41.3408,40.69],[41.3444,40.6949],[41.3487,40.6962],[41.3553,40.7014],[41.3636,40.7067],[41.3699,40.7076],[41.3782,40.7139],[41.3738,40.7189],[41.3651,40.7264],[41.3568,40.7353],[41.3478,40.7413],[41.3401,40.742],[41.3303,40.751],[41.3192,40.7554],[41.3118,40.7565],[41.307,40.7602],[41.2991,40.7608],[41.2919,40.7643],[41.2832,40.7629],[41.2737,40.764],[41.2575,40.7592],[41.2471,40.7606],[41.2405,40.7625],[41.2385,40.7687],[41.2316,40.7694],[41.2283,40.7833],[41.2249,40.7872],[41.2251,40.7908],[41.2169,40.7984],[41.2178,40.8042],[41.2041,40.8073],[41.2019,40.8093],[41.2172,40.8183],[41.2148,40.8222],[41.232,40.8272],[41.2268,40.8336],[41.218,40.8384],[41.2151,40.8345],[41.2033,40.8284],[41.1902,40.8261],[41.1825,40.8191],[41.1778,40.8191],[41.1711,40.8119],[41.1627,40.8093],[41.1502,40.8104],[41.1422,40.813],[41.1429,40.8188],[41.1413,40.8247],[41.1293,40.8257]]]}},{"type":"Feature","properties":{"name":"Aydın","number":9},"geometry":{"type":"MultiPolygon","coordinates":[[[[27.332,37.3231],[27.3262,37.3256],[27.3274,37.3307],[27.3329,37.3302],[27.332,37.3231]]],[[[27.3827,37.3544],[27.3929,37.3655],[27.4022,37.3668],[27.4068,37.3703],[27.4129,37.3772],[27.4128,37.3825],[27.4151,37.3836],[27.4218,37.3813],[27.4307,37.3813],[27.4318,37.3845],[27.4311,37.3926],[27.4317,37.3983],[27.4298,37.4028],[27.4247,37.4078],[27.4222,37.4127],[27.4181,37.4153],[27.4133,37.4162],[27.4,37.4131],[27.3957,37.4095],[27.391,37.4109],[27.3774,37.4057],[27.3728,37.401],[27.3686,37.3991],[27.3635,37.3891],[27.3653,37.3833],[27.3613,37.3793],[27.3597,37.3728],[27.3469,37.3691],[27.3417,37.3695],[27.3358,37.3724],[27.3314,37.3787],[27.3282,37.3761],[27.3303,37.3719],[27.322,37.3712],[27.32,37.3619],[27.3261,37.3554],[27.3295,37.3533],[27.3335,37.3482],[27.3305,37.3436],[27.3235,37.3417],[27.317,37.3453],[27.3115,37.3436],[27.3069,37.3475],[27.3082,37.3532],[27.2947,37.3514],[27.2885,37.3542],[27.286,37.3566],[27.2799,37.3558],[27.2757,37.3538],[27.2756,37.3492],[27.262,37.3423],[27.2632,37.3388],[27.2605,37.3362],[27.2543,37.3379],[27.2511,37.3365],[27.2406,37.3388],[27.2349,37.3392],[27.2315,37.3425],[27.2318,37.3502],[27.2232,37.3462],[27.2183,37.3451],[27.213,37.3484],[27.2179,37.3502],[27.221,37.3543],[27.2088,37.3527],[27.2095,37.3556],[27.198,37.3536],[27.1919,37.3538],[27.1927,37.3564],[27.1983,37.3596],[27.2026,37.3605],[27.2072,37.3692],[27.2044,37.3731],[27.2108,37.3768],[27.2088,37.3815],[27.2128,37.3852],[27.213,37.3883],[27.2178,37.3917],[27.2169,37.3951],[27.2092,37.3961],[27.2131,37.3987],[27.2288,37.402],[27.2301,37.4067],[27.2245,37.4086],[27.2207,37.4122],[27.222,37.4167],[27.2188,37.4229],[27.2204,37.4252],[27.2211,37.446],[27.2205,37.4513],[27.2237,37.4568],[27.2235,37.4647],[27.2279,37.4724],[27.2268,37.4763],[27.2229,37.4778],[27.2231,37.4812],[27.2275,37.4842],[27.2272,37.4878],[27.2165,37.4859],[27.2091,37.4912],[27.2033,37.4922],[27.2012,37.4953],[27.2016,37.5018],[27.2076,37.5069],[27.2021,37.5084],[27.2051,37.5125],[27.2057,37.5197],[27.1992,37.5213],[27.1984,37.5254],[27.1999,37.5298],[27.1957,37.5352],[27.1976,37.5404],[27.1922,37.5407],[27.1951,37.5465],[27.1857,37.5494],[27.1838,37.5473],[27.1753,37.5448],[27.1916,37.5593],[27.1983,37.5584],[27.1996,37.5606],[27.2074,37.5599],[27.2029,37.5665],[27.1972,37.5701],[27.2019,37.5732],[27.2077,37.5715],[27.2163,37.5747],[27.2181,37.5776],[27.2223,37.5785],[27.2191,37.5875],[27.2139,37.5934],[27.2097,37.5953],[27.2073,37.5984],[27.204,37.5982],[27.2017,37.603],[27.2023,37.6081],[27.1955,37.6109],[27.1878,37.6112],[27.1805,37.6069],[27.1776,37.6109],[27.1659,37.6168],[27.1497,37.6201],[27.1465,37.6224],[27.1393,37.6234],[27.1315,37.629],[27.1306,37.6257],[27.1234,37.6313],[27.114,37.6314],[27.1072,37.6325],[27.1002,37.6362],[27.0974,37.6388],[27.0852,37.6409],[27.071,37.6418],[27.058,37.641],[27.0406,37.6459],[27.038,37.6483],[27.0282,37.6498],[27.0187,37.6474],[27.0152,37.6522],[27.0186,37.6553],[27.0135,37.6566],[27.0064,37.6548],[27.003,37.6595],[27.0091,37.6637],[27.0056,37.6685],[27.0107,37.6701],[27.0124,37.678],[27.0193,37.6857],[27.0232,37.6862],[27.0307,37.6898],[27.0361,37.6876],[27.0364,37.6851],[27.0445,37.6853],[27.0467,37.6812],[27.0519,37.6811],[27.0609,37.6832],[27.0647,37.6856],[27.072,37.6833],[27.0776,37.6839],[27.0855,37.6829],[27.0878,37.6815],[27.0992,37.6806],[27.107,37.6834],[27.1136,37.6839],[27.1247,37.6897],[27.1357,37.6903],[27.1508,37.6932],[27.1553,37.6976],[27.1619,37.6992],[27.1731,37.6995],[27.1813,37.702],[27.1842,37.7043],[27.1893,37.7041],[27.2004,37.7091],[27.2044,37.7077],[27.2129,37.7117],[27.2214,37.7185],[27.2298,37.7215],[27.2361,37.7263],[27.2441,37.7349],[27.2523,37.7469],[27.2591,37.7623],[27.2629,37.7722],[27.2664,37.7878],[27.2694,37.8059],[27.2695,37.8114],[27.2674,37.8163],[27.2631,37.8215],[27.2578,37.8249],[27.251,37.8242],[27.2425,37.826],[27.2428,37.8305],[27.2397,37.8341],[27.2365,37.8408],[27.2408,37.8419],[27.2435,37.8466],[27.2438,37.8532],[27.2427,37.8582],[27.2463,37.8584],[27.2495,37.8614],[27.2538,37.8609],[27.2604,37.8629],[27.2635,37.8671],[27.2632,37.8741],[27.2659,37.8808],[27.2635,37.8865],[27.2644,37.8906],[27.2727,37.8979],[27.2714,37.9047],[27.2635,37.9065],[27.2619,37.9095],[27.2666,37.9219],[27.2716,37.922],[27.2885,37.9105],[27.313,37.8755],[27.3169,37.8722],[27.328,37.8735],[27.3496,37.8782],[27.3541,37.881],[27.3606,37.8797],[27.3666,37.8721],[27.3699,37.8708],[27.3756,37.8725],[27.3796,37.8771],[27.3827,37.8713],[27.3877,37.8664],[27.3891,37.8581],[27.3916,37.8523],[27.3908,37.8469],[27.3829,37.843],[27.381,37.8388],[27.375,37.8385],[27.3792,37.8325],[27.3807,37.8263],[27.3872,37.8168],[27.3897,37.8152],[27.3947,37.8193],[27.4005,37.8209],[27.4076,37.8264],[27.4149,37.8278],[27.4231,37.8316],[27.4294,37.8356],[27.4406,37.8387],[27.4412,37.8443],[27.4373,37.8484],[27.4359,37.8524],[27.4389,37.8562],[27.436,37.8603],[27.438,37.8654],[27.4353,37.8704],[27.4275,37.8725],[27.4253,37.8762],[27.427,37.8786],[27.4319,37.8791],[27.4498,37.8906],[27.4557,37.8933],[27.4592,37.8963],[27.4576,37.8986],[27.4581,37.9084],[27.4575,37.914],[27.4547,37.918],[27.4599,37.9273],[27.4649,37.9259],[27.4693,37.9303],[27.4751,37.9326],[27.4804,37.9286],[27.4864,37.9293],[27.4894,37.9315],[27.4989,37.9356],[27.4948,37.9377],[27.4968,37.9458],[27.4928,37.959],[27.4841,37.9593],[27.4741,37.9625],[27.4732,37.9665],[27.4803,37.97],[27.4847,37.9751],[27.4848,37.9782],[27.495,37.9752],[27.4998,37.9788],[27.501,37.9857],[27.5057,37.9893],[27.5062,37.9933],[27.509,37.9983],[27.5141,38.0015],[27.52,38.002],[27.524,38.0078],[27.5448,38.0037],[27.5491,38.0082],[27.556,38.0085],[27.5627,38.0103],[27.5758,38.0054],[27.5842,38.0037],[27.5954,38.0066],[27.6133,38.0085],[27.6223,38.0075],[27.6212,38.0049],[27.6238,37.9993],[27.6191,37.997],[27.6231,37.99],[27.6244,37.9821],[27.6227,37.9723],[27.6273,37.9692],[27.6338,37.9713],[27.6365,37.9685],[27.6422,37.9679],[27.645,37.9647],[27.653,37.9625],[27.6582,37.9629],[27.661,37.966],[27.6706,37.9662],[27.673,37.9703],[27.682,37.9775],[27.6904,37.9782],[27.694,37.9824],[27.7026,37.9811],[27.7081,37.9785],[27.712,37.9811],[27.7189,37.9806],[27.7241,37.9786],[27.7332,37.981],[27.7395,37.9778],[27.74,37.9725],[27.7438,37.9727],[27.7472,37.969],[27.7483,37.9642],[27.7555,37.9505],[27.7577,37.9543],[27.7669,37.9593],[27.7718,37.9638],[27.7723,37.9677],[27.7757,37.9699],[27.7776,37.975],[27.7852,37.9749],[27.7853,37.9719],[27.791,37.9697],[27.7953,37.9714],[27.8019,37.9696],[27.8014,37.9646],[27.8069,37.9648],[27.8136,37.9628],[27.8239,37.9673],[27.8253,37.9706],[27.8431,37.9784],[27.8477,37.9719],[27.8561,37.9704],[27.8636,37.9765],[27.867,37.9862],[27.8741,37.9941],[27.8803,38.0066],[27.8796,38.0123],[27.8876,38.0127],[27.8939,38.0107],[27.9016,38.0109],[27.9062,38.0149],[27.9003,37.9933],[27.9264,37.9963],[27.9276,37.9976],[27.9413,37.9979],[27.9565,37.9947],[27.9659,37.9994],[27.9715,37.9954],[27.9766,37.9888],[27.979,37.9881],[27.991,37.979],[27.9993,37.9761],[28.004,37.9727],[28.0074,37.9658],[28.0101,37.9695],[28.0094,37.9761],[28.0071,37.9811],[28.0183,37.9821],[28.0191,37.9893],[28.0176,37.995],[28.0192,37.9974],[28.027,38.0013],[28.0331,38.002],[28.034,38.0112],[28.0365,38.0206],[28.0437,38.0306],[28.0456,38.0359],[28.0516,38.039],[28.0551,38.0321],[28.0661,38.0283],[28.0833,38.025],[28.0902,38.0256],[28.0935,38.0281],[28.1022,38.0313],[28.1104,38.0278],[28.1146,38.0246],[28.1246,38.0247],[28.128,38.0256],[28.1335,38.0235],[28.1366,38.0244],[28.1414,38.0225],[28.1462,38.0243],[28.1519,38.0301],[28.1516,38.0335],[28.1554,38.0396],[28.1554,38.0431],[28.153,38.0478],[28.1582,38.0493],[28.164,38.0475],[28.1706,38.0437],[28.1777,38.0457],[28.1809,38.0435],[28.1822,38.0393],[28.1894,38.0371],[28.1978,38.0384],[28.2003,38.0425],[28.204,38.0393],[28.2094,38.0439],[28.2129,38.0441],[28.2292,38.0368],[28.235,38.0354],[28.2488,38.0369],[28.256,38.0341],[28.2626,38.0336],[28.2709,38.0344],[28.2793,38.0332],[28.2854,38.0396],[28.2861,38.044],[28.2924,38.0545],[28.3041,38.054],[28.3098,38.0548],[28.3094,38.059],[28.3057,38.0691],[28.301,38.0757],[28.3042,38.0808],[28.3051,38.086],[28.3091,38.0893],[28.3122,38.0942],[28.3262,38.0976],[28.3317,38.1018],[28.3295,38.1101],[28.3309,38.1147],[28.3306,38.1218],[28.3376,38.123],[28.3431,38.1213],[28.3505,38.1253],[28.3563,38.1266],[28.3595,38.1258],[28.3674,38.1287],[28.3673,38.1241],[28.3692,38.1221],[28.3702,38.1151],[28.3754,38.1078],[28.383,38.1103],[28.3895,38.1112],[28.3955,38.1087],[28.4028,38.1007],[28.4079,38.097],[28.4136,38.0958],[28.417,38.0967],[28.4239,38.0915],[28.4361,38.0877],[28.4425,38.0946],[28.448,38.0977],[28.4546,38.0979],[28.4621,38.1017],[28.4649,38.1043],[28.4705,38.1061],[28.4725,38.1141],[28.483,38.1191],[28.4851,38.1226],[28.5028,38.122],[28.5109,38.1178],[28.5195,38.1117],[28.5282,38.1041],[28.5357,38.1041],[28.5415,38.1021],[28.5516,38.1033],[28.5586,38.1061],[28.5633,38.1061],[28.5794,38.0995],[28.584,38.0999],[28.5908,38.0979],[28.5935,38.0954],[28.5952,38.0862],[28.601,38.0853],[28.6096,38.0933],[28.6199,38.0912],[28.6264,38.0921],[28.6352,38.0919],[28.639,38.0906],[28.6416,38.0845],[28.6503,38.0693],[28.6596,38.0637],[28.6695,38.0649],[28.6727,38.0662],[28.6881,38.0641],[28.6926,38.0662],[28.699,38.0618],[28.7097,38.0594],[28.7156,38.0594],[28.7155,38.0547],[28.722,38.0518],[28.7229,38.047],[28.7297,38.0414],[28.7331,38.0366],[28.7342,38.0296],[28.7378,38.0267],[28.7422,38.0146],[28.748,38.0072],[28.7568,38.0003],[28.7581,37.9926],[28.7618,37.9881],[28.7702,37.9826],[28.7771,37.9829],[28.786,37.9796],[28.7945,37.9778],[28.7998,37.9811],[28.8019,37.9857],[28.8073,37.988],[28.8355,37.9861],[28.8442,37.9767],[28.8454,37.9612],[28.8411,37.957],[28.8423,37.9535],[28.8414,37.9449],[28.8393,37.9425],[28.833,37.9437],[28.8324,37.9399],[28.8249,37.9335],[28.8194,37.9331],[28.8108,37.9302],[28.8096,37.9342],[28.805,37.9327],[28.7996,37.9362],[28.794,37.9378],[28.7878,37.9369],[28.781,37.9407],[28.7763,37.9419],[28.7718,37.9412],[28.7705,37.9448],[28.7638,37.946],[28.7597,37.9485],[28.7506,37.9453],[28.7397,37.948],[28.7376,37.9446],[28.7404,37.9407],[28.7398,37.9373],[28.7471,37.9183],[28.7371,37.9019],[28.7409,37.8953],[28.7455,37.8924],[28.7443,37.889],[28.7466,37.8859],[28.7482,37.8801],[28.7471,37.8681],[28.7479,37.8589],[28.7461,37.85],[28.7402,37.8357],[28.743,37.8325],[28.7449,37.8275],[28.7505,37.8239],[28.7477,37.8191],[28.7439,37.8163],[28.7444,37.8136],[28.7561,37.811],[28.7679,37.8062],[28.7742,37.7993],[28.7913,37.7927],[28.8081,37.7844],[28.8079,37.7768],[28.8134,37.7726],[28.8292,37.7706],[28.8403,37.7656],[28.8519,37.7551],[28.8618,37.7513],[28.8627,37.7435],[28.8689,37.74],[28.871,37.735],[28.877,37.7295],[28.8883,37.7219],[28.9045,37.7136],[28.8891,37.7114],[28.8738,37.7166],[28.8639,37.7218],[28.8551,37.7229],[28.8474,37.7203],[28.8362,37.7121],[28.8311,37.7062],[28.8214,37.7067],[28.8145,37.7087],[28.8096,37.7074],[28.8031,37.6994],[28.8054,37.6951],[28.8058,37.6895],[28.8116,37.686],[28.8083,37.68],[28.7938,37.6744],[28.7947,37.6551],[28.7911,37.6514],[28.7919,37.6473],[28.7903,37.6447],[28.7844,37.6426],[28.7747,37.6428],[28.7743,37.6386],[28.7695,37.632],[28.7637,37.6324],[28.7628,37.6257],[28.7584,37.6228],[28.7523,37.6136],[28.7478,37.6089],[28.7388,37.6046],[28.7227,37.607],[28.7192,37.6053],[28.7175,37.601],[28.7134,37.5962],[28.7076,37.5932],[28.6961,37.5904],[28.6907,37.5852],[28.6925,37.5786],[28.6926,37.5724],[28.6822,37.5631],[28.6777,37.5577],[28.6716,37.5535],[28.6633,37.5529],[28.6564,37.5491],[28.6514,37.5426],[28.6428,37.5461],[28.6318,37.5478],[28.615,37.5423],[28.6037,37.5421],[28.5864,37.5359],[28.5707,37.5313],[28.569,37.5265],[28.5747,37.5242],[28.5781,37.5245],[28.5854,37.5198],[28.5928,37.5199],[28.5996,37.5137],[28.6052,37.5046],[28.6063,37.5002],[28.6044,37.4967],[28.6052,37.4937],[28.6088,37.4929],[28.6142,37.4882],[28.6138,37.4861],[28.6078,37.4811],[28.6028,37.4791],[28.5933,37.4796],[28.5861,37.472],[28.5735,37.4715],[28.5645,37.4727],[28.558,37.4715],[28.5519,37.4717],[28.5228,37.4741],[28.5075,37.4688],[28.4976,37.4753],[28.493,37.4831],[28.4781,37.4829],[28.4702,37.492],[28.4695,37.4947],[28.4635,37.4968],[28.4634,37.5035],[28.467,37.5091],[28.4581,37.5118],[28.4512,37.5074],[28.4202,37.5081],[28.4114,37.5131],[28.4021,37.515],[28.4003,37.5171],[28.3907,37.5146],[28.3892,37.5163],[28.3835,37.5132],[28.3751,37.5156],[28.3731,37.5144],[28.3678,37.5174],[28.3686,37.5199],[28.3575,37.5226],[28.3565,37.5259],[28.3504,37.5261],[28.3462,37.5304],[28.3427,37.5292],[28.3325,37.531],[28.3185,37.5292],[28.3111,37.5236],[28.3027,37.5155],[28.298,37.5122],[28.2894,37.5094],[28.2808,37.5121],[28.2779,37.5149],[28.278,37.5423],[28.2826,37.548],[28.2891,37.5673],[28.2883,37.575],[28.2819,37.5817],[28.2749,37.591],[28.2695,37.5926],[28.2636,37.6003],[28.2573,37.6007],[28.2505,37.5916],[28.2487,37.5741],[28.2527,37.5629],[28.2507,37.5442],[28.2489,37.5408],[28.251,37.5365],[28.2419,37.5306],[28.2367,37.529],[28.223,37.53],[28.2321,37.5074],[28.225,37.4996],[28.2311,37.4938],[28.224,37.4876],[28.2071,37.481],[28.1971,37.4827],[28.1913,37.4794],[28.1923,37.4708],[28.1911,37.4664],[28.1865,37.4689],[28.1777,37.4805],[28.1736,37.4778],[28.169,37.4782],[28.1606,37.4879],[28.1553,37.4878],[28.153,37.4844],[28.1572,37.4729],[28.1575,37.4687],[28.1469,37.4634],[28.1259,37.4595],[28.1098,37.4541],[28.102,37.4492],[28.0967,37.4492],[28.0896,37.4605],[28.0812,37.4667],[28.06,37.4738],[28.0405,37.4783],[28.029,37.4682],[28.0033,37.4718],[27.9894,37.4636],[27.9632,37.4593],[27.9462,37.4728],[27.939,37.4771],[27.9396,37.4835],[27.9415,37.4873],[27.9388,37.4969],[27.9222,37.4964],[27.9033,37.5011],[27.8977,37.5005],[27.8944,37.4893],[27.8888,37.4798],[27.8738,37.479],[27.8616,37.4753],[27.8506,37.4768],[27.8419,37.476],[27.8361,37.4687],[27.8348,37.4566],[27.8284,37.4489],[27.8205,37.4467],[27.8107,37.4486],[27.8034,37.4558],[27.7904,37.4664],[27.777,37.4707],[27.7655,37.4794],[27.7707,37.4925],[27.7734,37.5106],[27.7624,37.511],[27.744,37.5171],[27.7273,37.5213],[27.6986,37.5124],[27.6815,37.5031],[27.674,37.4917],[27.6678,37.4906],[27.6422,37.5049],[27.6292,37.5052],[27.6221,37.5098],[27.6201,37.5218],[27.6266,37.5282],[27.6231,37.5338],[27.6241,37.5423],[27.6226,37.5502],[27.6258,37.5567],[27.6032,37.5492],[27.6019,37.5455],[27.605,37.5352],[27.5816,37.5237],[27.5691,37.5222],[27.5587,37.5272],[27.5357,37.537],[27.5222,37.5415],[27.515,37.5413],[27.5078,37.5376],[27.4981,37.5279],[27.4909,37.5037],[27.4626,37.5009],[27.4497,37.4867],[27.444,37.4703],[27.4731,37.4388],[27.4894,37.4269],[27.4904,37.4023],[27.4733,37.3841],[27.4393,37.3736],[27.4185,37.3608],[27.3827,37.3544]]],[[[27.1879,37.5095],[27.1877,37.4987],[27.1845,37.4894],[27.1828,37.4905],[27.1879,37.5095]]],[[[27.1711,37.5614],[27.1695,37.5619],[27.1669,37.5707],[27.1696,37.5699],[27.1729,37.5645],[27.1711,37.5614]]]]}},{"type":"Feature","properties":{"name":"Balıkesir","number":10},"geometry":{"type":"MultiPolygon","coordinates":[[[[26.7686,39.1667],[26.7661,39.1696],[26.7653,39.174],[26.7617,39.1798],[26.7573,39.1828],[26.7393,39.2023],[26.7341,39.2062],[26.7363,39.2112],[26.7372,39.2228],[26.7324,39.2297],[26.7357,39.2315],[26.7345,39.24],[26.7295,39.2461],[26.7286,39.2492],[26.7216,39.2569],[26.7039,39.2644],[26.6794,39.2669],[26.6629,39.2673],[26.6387,39.2667],[26.6351,39.2688],[26.6337,39.272],[26.6272,39.2727],[26.6144,39.2721],[26.6101,39.2729],[26.6085,39.2759],[26.6116,39.2783],[26.6129,39.2832],[26.6202,39.2856],[26.6207,39.2892],[26.6264,39.2982],[26.6259,39.3025],[26.6227,39.3059],[26.626,39.3121],[26.629,39.314],[26.6359,39.3132],[26.6428,39.3195],[26.6504,39.3231],[26.6556,39.3153],[26.6523,39.3081],[26.6566,39.3041],[26.6545,39.3026],[26.649,39.3039],[26.6449,39.3079],[26.6432,39.3027],[26.6366,39.3029],[26.6312,39.299],[26.6314,39.2954],[26.6347,39.2926],[26.6393,39.2923],[26.6471,39.2936],[26.6492,39.2978],[26.6578,39.295],[26.6578,39.2865],[26.6594,39.2833],[26.6661,39.2794],[26.6708,39.2789],[26.6738,39.2839],[26.6667,39.2952],[26.661,39.2927],[26.6604,39.2986],[26.6621,39.3032],[26.6752,39.3124],[26.6825,39.3121],[26.6897,39.3135],[26.6932,39.3233],[26.6975,39.328],[26.6971,39.3308],[26.7028,39.3372],[26.7092,39.3422],[26.7141,39.3411],[26.719,39.3452],[26.7234,39.3464],[26.7303,39.3514],[26.7339,39.3514],[26.7385,39.3579],[26.7465,39.3575],[26.7531,39.3597],[26.7587,39.3643],[26.765,39.3681],[26.7756,39.3688],[26.7878,39.378],[26.79,39.3852],[26.7954,39.3871],[26.804,39.3925],[26.8059,39.3915],[26.8092,39.3999],[26.8077,39.4048],[26.8027,39.4035],[26.8005,39.4072],[26.8039,39.4184],[26.7968,39.4263],[26.7971,39.4315],[26.8009,39.4349],[26.8067,39.4333],[26.8128,39.4391],[26.8141,39.4343],[26.8191,39.4315],[26.8274,39.4324],[26.833,39.4295],[26.8387,39.4346],[26.8436,39.4341],[26.8491,39.4358],[26.8541,39.4393],[26.857,39.4439],[26.8571,39.4498],[26.8534,39.4579],[26.8538,39.4676],[26.858,39.4718],[26.8574,39.4772],[26.8653,39.4775],[26.872,39.4745],[26.8822,39.4742],[26.8867,39.4756],[26.9028,39.4769],[26.9202,39.4823],[26.928,39.4839],[26.9314,39.4882],[26.9299,39.492],[26.9323,39.495],[26.9322,39.5053],[26.936,39.5158],[26.9405,39.5243],[26.9394,39.5388],[26.9437,39.5436],[26.9513,39.5472],[26.9531,39.5522],[26.9509,39.5582],[26.947,39.5646],[26.9405,39.5712],[26.9287,39.5803],[26.9212,39.584],[26.9073,39.5826],[26.8962,39.5847],[26.8893,39.5829],[26.8806,39.5856],[26.8746,39.5833],[26.8703,39.5741],[26.8648,39.5651],[26.853,39.5669],[26.8413,39.5622],[26.8377,39.5576],[26.8244,39.566],[26.8182,39.5683],[26.8046,39.5663],[26.7991,39.569],[26.7895,39.57],[26.7825,39.5694],[26.7772,39.571],[26.7711,39.5711],[26.7602,39.564],[26.757,39.5636],[26.7459,39.5664],[26.7281,39.5675],[26.7222,39.5654],[26.7188,39.5626],[26.7023,39.5605],[26.6968,39.5565],[26.6904,39.5553],[26.6876,39.5566],[26.6778,39.5582],[26.6701,39.5581],[26.6635,39.5561],[26.6587,39.5523],[26.6564,39.5532],[26.6561,39.5634],[26.6519,39.5685],[26.6526,39.5755],[26.6494,39.5781],[26.6517,39.5824],[26.6541,39.5925],[26.6616,39.6],[26.6625,39.6056],[26.6592,39.6085],[26.6547,39.6094],[26.6539,39.6122],[26.6578,39.6141],[26.6584,39.6184],[26.6568,39.622],[26.6578,39.6403],[26.6592,39.6442],[26.659,39.6534],[26.6529,39.6626],[26.6725,39.68],[26.6733,39.6886],[26.6778,39.7039],[26.6808,39.7061],[26.6922,39.7108],[26.6981,39.7159],[26.7082,39.7218],[26.7271,39.7355],[26.752,39.7466],[26.783,39.7573],[26.8411,39.7709],[26.8761,39.7739],[26.9233,39.779],[26.9484,39.7867],[26.9728,39.773],[26.9928,39.7682],[27.0284,39.7614],[27.061,39.7608],[27.0863,39.7563],[27.1122,39.7471],[27.1386,39.7306],[27.1816,39.6946],[27.2024,39.6841],[27.2559,39.6818],[27.2971,39.6869],[27.3142,39.6782],[27.3313,39.6911],[27.3472,39.699],[27.3523,39.7055],[27.3596,39.7068],[27.3725,39.7111],[27.3787,39.7211],[27.3834,39.7455],[27.4111,39.7596],[27.4536,39.7517],[27.4667,39.7652],[27.4764,39.7846],[27.4796,39.7981],[27.4761,39.8127],[27.4763,39.8311],[27.4834,39.8513],[27.4901,39.8642],[27.4895,39.8708],[27.4967,39.8815],[27.5097,39.891],[27.5326,39.8999],[27.5456,39.9113],[27.5487,39.9259],[27.537,39.9409],[27.5196,39.9557],[27.5169,39.9658],[27.5168,39.9777],[27.5003,39.9743],[27.4886,39.9727],[27.4776,39.9738],[27.457,39.9799],[27.4506,39.9843],[27.4478,39.9912],[27.4478,39.9948],[27.4575,40.0107],[27.4753,40.029],[27.4792,40.0354],[27.48,40.044],[27.48,40.0573],[27.482,40.0696],[27.4911,40.0904],[27.497,40.0998],[27.5028,40.114],[27.5042,40.1224],[27.5036,40.1262],[27.5003,40.1282],[27.4823,40.1287],[27.4692,40.1326],[27.4586,40.1382],[27.4545,40.1396],[27.4436,40.139],[27.4306,40.1357],[27.425,40.1351],[27.415,40.1368],[27.4114,40.1387],[27.3794,40.1333],[27.3872,40.1397],[27.3995,40.1568],[27.3998,40.1654],[27.4028,40.1724],[27.4067,40.174],[27.4133,40.1841],[27.4309,40.2047],[27.4445,40.2213],[27.4592,40.2323],[27.4808,40.2453],[27.4945,40.2542],[27.5073,40.2633],[27.5106,40.271],[27.5154,40.2855],[27.518,40.2957],[27.517,40.3037],[27.536,40.3019],[27.545,40.3025],[27.5607,40.3058],[27.5669,40.3081],[27.5818,40.316],[27.5967,40.3215],[27.6141,40.326],[27.6202,40.3265],[27.6349,40.3263],[27.6473,40.3184],[27.6626,40.3107],[27.6801,40.3077],[27.6885,40.3097],[27.6925,40.3097],[27.6989,40.3131],[27.7049,40.315],[27.7167,40.3147],[27.723,40.3095],[27.73,40.3079],[27.7446,40.3086],[27.7577,40.306],[27.7632,40.3069],[27.7659,40.309],[27.7817,40.3127],[27.7892,40.3184],[27.7912,40.3234],[27.7956,40.3242],[27.8018,40.33],[27.8116,40.3368],[27.8141,40.3374],[27.8245,40.3464],[27.8342,40.3482],[27.8376,40.3512],[27.8507,40.3561],[27.8541,40.3592],[27.8617,40.3602],[27.8665,40.3666],[27.8715,40.366],[27.8748,40.3708],[27.8799,40.3737],[27.8773,40.3806],[27.8698,40.3832],[27.8644,40.3831],[27.8538,40.3878],[27.8427,40.3905],[27.8373,40.3944],[27.829,40.3982],[27.8189,40.4004],[27.8158,40.3983],[27.8124,40.3931],[27.8064,40.392],[27.8017,40.3888],[27.8012,40.3836],[27.797,40.3836],[27.7937,40.3869],[27.7972,40.3889],[27.7952,40.393],[27.7878,40.3968],[27.7885,40.4017],[27.7868,40.4055],[27.7819,40.4105],[27.7691,40.4154],[27.7612,40.4234],[27.7471,40.4304],[27.7491,40.4373],[27.7551,40.442],[27.7532,40.4478],[27.7461,40.4536],[27.7404,40.4562],[27.7321,40.4539],[27.7242,40.4561],[27.7177,40.4559],[27.7084,40.4673],[27.7001,40.4697],[27.6982,40.4723],[27.6881,40.4737],[27.6888,40.4804],[27.6843,40.4851],[27.6873,40.4869],[27.6877,40.4904],[27.6828,40.4932],[27.6845,40.4963],[27.684,40.5022],[27.6931,40.5032],[27.6962,40.5079],[27.7006,40.5118],[27.7016,40.5152],[27.7053,40.5149],[27.7091,40.5177],[27.7125,40.5172],[27.7185,40.5227],[27.7223,40.5201],[27.73,40.5178],[27.7342,40.5213],[27.7377,40.5217],[27.7418,40.5169],[27.7492,40.5188],[27.7471,40.5239],[27.7521,40.5259],[27.7542,40.5219],[27.7629,40.5233],[27.7639,40.5204],[27.7702,40.5219],[27.7729,40.5209],[27.7754,40.5262],[27.7791,40.5242],[27.7796,40.5208],[27.7757,40.516],[27.775,40.5116],[27.7814,40.5068],[27.7914,40.5067],[27.7934,40.5117],[27.7917,40.5148],[27.7941,40.5188],[27.7979,40.5154],[27.8065,40.5132],[27.808,40.5168],[27.8137,40.5158],[27.8168,40.5193],[27.8253,40.5149],[27.8298,40.5142],[27.8303,40.511],[27.8405,40.51],[27.8431,40.5163],[27.8487,40.5134],[27.8605,40.5165],[27.8662,40.5151],[27.8712,40.5163],[27.8724,40.5134],[27.8783,40.5142],[27.8853,40.5122],[27.8919,40.5128],[27.898,40.5071],[27.9026,40.5061],[27.9054,40.5087],[27.9118,40.5065],[27.9132,40.5084],[27.9355,40.503],[27.9417,40.5007],[27.9432,40.4982],[27.9477,40.4986],[27.9511,40.4969],[27.9561,40.4987],[27.9581,40.4955],[27.9657,40.4923],[27.9745,40.4906],[27.9776,40.4927],[27.9852,40.4902],[27.9933,40.4899],[27.9933,40.4873],[28.0109,40.4866],[28.0165,40.4878],[28.0225,40.4866],[28.0275,40.4819],[28.0318,40.4814],[28.0333,40.4783],[28.0309,40.4733],[28.0262,40.467],[28.0273,40.4632],[28.0231,40.4608],[28.0256,40.4575],[28.0234,40.453],[28.0166,40.4481],[28.0115,40.4466],[28.0036,40.4408],[27.999,40.4407],[27.9915,40.4342],[27.9802,40.4309],[27.972,40.4241],[27.9592,40.425],[27.9559,40.4225],[27.9512,40.4223],[27.9461,40.4134],[27.9401,40.4137],[27.9346,40.4117],[27.9259,40.4116],[27.9189,40.407],[27.9167,40.4028],[27.9081,40.4014],[27.9058,40.3949],[27.9016,40.3942],[27.8971,40.3911],[27.8961,40.3874],[27.8996,40.3807],[27.9031,40.3786],[27.9104,40.3805],[27.9142,40.379],[27.9192,40.3714],[27.9212,40.3705],[27.9279,40.3627],[27.9345,40.3609],[27.9379,40.3621],[27.9472,40.3583],[27.9548,40.3533],[27.9586,40.3525],[27.9631,40.3545],[27.9666,40.3525],[27.9695,40.3584],[27.973,40.3606],[27.9841,40.362],[27.987,40.3662],[27.994,40.3669],[27.9975,40.3659],[28.0091,40.3704],[28.013,40.37],[28.0254,40.3723],[28.0285,40.3706],[28.0379,40.3738],[28.0423,40.3731],[28.046,40.375],[28.0514,40.3748],[28.0614,40.3818],[28.0699,40.3795],[28.0877,40.3831],[28.0888,40.3851],[28.0958,40.3846],[28.1013,40.3856],[28.1131,40.3893],[28.1185,40.3873],[28.1339,40.3898],[28.143,40.3924],[28.1467,40.3948],[28.151,40.3933],[28.1592,40.3962],[28.1706,40.3952],[28.179,40.3974],[28.1749,40.3869],[28.1745,40.3776],[28.1756,40.3685],[28.1803,40.356],[28.1832,40.3358],[28.1747,40.3223],[28.1648,40.3129],[28.1672,40.305],[28.1723,40.2981],[28.1757,40.2917],[28.1773,40.2841],[28.1775,40.2648],[28.1754,40.2571],[28.172,40.2532],[28.1619,40.2505],[28.1326,40.259],[28.1258,40.2575],[28.1162,40.2619],[28.1098,40.2632],[28.1103,40.2501],[28.1069,40.2484],[28.1075,40.231],[28.1142,40.226],[28.1205,40.2164],[28.1265,40.2009],[28.1314,40.1852],[28.1283,40.1716],[28.1241,40.1646],[28.1178,40.1569],[28.1129,40.1473],[28.1336,40.1269],[28.1448,40.1108],[28.159,40.0989],[28.1839,40.0795],[28.1919,40.0743],[28.1969,40.0599],[28.1931,40.0503],[28.1886,40.0411],[28.1983,40.0347],[28.1943,40.0256],[28.2004,40.0106],[28.2056,39.9936],[28.2115,39.9868],[28.2187,39.982],[28.2268,39.9779],[28.238,39.9787],[28.2528,39.9683],[28.2544,39.9653],[28.266,39.9289],[28.2875,39.9112],[28.2984,39.9043],[28.316,39.898],[28.3265,39.8898],[28.3384,39.8761],[28.3507,39.8627],[28.3625,39.8577],[28.3765,39.8551],[28.4063,39.8566],[28.4285,39.8616],[28.4357,39.8595],[28.4499,39.8485],[28.4499,39.8254],[28.4511,39.8133],[28.4835,39.8095],[28.492,39.7945],[28.488,39.7775],[28.5,39.768],[28.5133,39.76],[28.5274,39.7539],[28.5468,39.7533],[28.5629,39.7524],[28.5803,39.7597],[28.6069,39.7637],[28.6332,39.7709],[28.6467,39.7733],[28.6694,39.7759],[28.6924,39.7624],[28.7184,39.7502],[28.7254,39.7599],[28.7288,39.7583],[28.7321,39.7616],[28.7348,39.7589],[28.7301,39.7547],[28.7273,39.7464],[28.7293,39.742],[28.7248,39.7385],[28.7253,39.7343],[28.7294,39.732],[28.7242,39.7259],[28.7271,39.7215],[28.7246,39.7168],[28.7284,39.7144],[28.727,39.7103],[28.7312,39.7032],[28.7265,39.6942],[28.7264,39.6908],[28.7315,39.6873],[28.7362,39.6881],[28.7412,39.6869],[28.7613,39.6977],[28.7793,39.6963],[28.7817,39.6853],[28.7806,39.6816],[28.7692,39.6732],[28.7645,39.6661],[28.7581,39.6607],[28.7584,39.6547],[28.7675,39.6551],[28.7696,39.6464],[28.7781,39.648],[28.7888,39.6437],[28.786,39.6401],[28.7823,39.6424],[28.7799,39.6356],[28.7843,39.6346],[28.7889,39.6388],[28.7919,39.6375],[28.788,39.6328],[28.7881,39.6303],[28.7973,39.624],[28.8029,39.6251],[28.8071,39.6242],[28.8083,39.6208],[28.8149,39.6172],[28.8184,39.6175],[28.8258,39.6147],[28.8341,39.6167],[28.8391,39.6133],[28.8447,39.6172],[28.8504,39.6192],[28.8584,39.6186],[28.8616,39.6141],[28.8666,39.6129],[28.8712,39.6167],[28.8783,39.6155],[28.8873,39.6175],[28.8954,39.6207],[28.8969,39.6243],[28.9061,39.6206],[28.9101,39.6225],[28.9197,39.6228],[28.925,39.6194],[28.9407,39.6231],[28.9435,39.6188],[28.9496,39.6178],[28.9553,39.6196],[28.9658,39.6156],[28.9685,39.6113],[28.9772,39.6139],[28.9808,39.608],[28.9922,39.6114],[28.9919,39.6074],[28.9877,39.6075],[28.9868,39.6018],[28.9898,39.599],[28.9873,39.5958],[28.9893,39.5938],[28.9976,39.5987],[28.9955,39.5956],[28.9958,39.5892],[28.9985,39.5861],[28.9979,39.5806],[28.9924,39.58],[28.9874,39.581],[28.9851,39.5757],[28.9862,39.5723],[28.9825,39.5671],[28.9756,39.5639],[28.9713,39.5635],[28.9665,39.5604],[28.9612,39.5593],[28.9573,39.5562],[28.9518,39.5562],[28.9544,39.5523],[28.9505,39.5498],[28.9515,39.5434],[28.9538,39.5402],[28.9488,39.5389],[28.945,39.5357],[28.9482,39.5311],[28.9429,39.5303],[28.9364,39.5272],[28.9281,39.5206],[28.9253,39.5157],[28.9276,39.5126],[28.9239,39.5108],[28.9266,39.4972],[28.9226,39.4909],[28.9272,39.4875],[28.9309,39.4806],[28.9393,39.477],[28.9395,39.4719],[28.9426,39.4677],[28.9514,39.4589],[28.9481,39.4552],[28.9487,39.4503],[28.9454,39.4445],[28.9468,39.4412],[28.9434,39.437],[28.9486,39.4354],[28.9484,39.4316],[28.9516,39.427],[28.9499,39.4244],[28.9509,39.414],[28.9503,39.4076],[28.9413,39.4081],[28.9328,39.4071],[28.9265,39.4093],[28.919,39.4078],[28.9122,39.4085],[28.9042,39.4017],[28.8918,39.4007],[28.8934,39.3925],[28.8921,39.3823],[28.8942,39.376],[28.8905,39.3688],[28.8838,39.3678],[28.8719,39.3681],[28.8703,39.3649],[28.873,39.3612],[28.8703,39.3572],[28.8643,39.3555],[28.8531,39.3417],[28.8455,39.3373],[28.8235,39.3268],[28.811,39.3137],[28.797,39.3025],[28.7723,39.2931],[28.7586,39.2846],[28.6644,39.289],[28.6283,39.2791],[28.619,39.267],[28.618,39.2573],[28.6186,39.2463],[28.6461,39.213],[28.654,39.1944],[28.6398,39.1796],[28.6325,39.1682],[28.6171,39.169],[28.602,39.1753],[28.5986,39.1759],[28.5922,39.1728],[28.5926,39.1651],[28.5856,39.1591],[28.5843,39.1503],[28.5884,39.1465],[28.5853,39.1434],[28.5843,39.1393],[28.5798,39.1395],[28.5728,39.1344],[28.5685,39.1385],[28.5579,39.1374],[28.5351,39.1315],[28.533,39.1348],[28.525,39.1359],[28.5091,39.1351],[28.4975,39.1386],[28.4942,39.137],[28.4501,39.1398],[28.436,39.1388],[28.402,39.1268],[28.3801,39.1275],[28.3621,39.1257],[28.3468,39.1151],[28.3443,39.1055],[28.3308,39.0977],[28.3136,39.0855],[28.2944,39.0814],[28.2831,39.0798],[28.2667,39.0764],[28.2241,39.0769],[28.1939,39.072],[28.1706,39.0776],[28.1542,39.0824],[28.1505,39.0935],[28.1434,39.1056],[28.1255,39.1117],[28.092,39.1271],[28.0829,39.1427],[28.0845,39.1559],[28.0724,39.179],[28.0705,39.1976],[28.0532,39.2054],[28.0283,39.2077],[28.0191,39.2122],[28.0145,39.2204],[28.0066,39.2292],[27.988,39.2375],[27.9828,39.2425],[27.9742,39.245],[27.9557,39.2448],[27.9438,39.2529],[27.9345,39.2676],[27.935,39.2825],[27.9419,39.2947],[27.942,39.3029],[27.9399,39.3075],[27.9354,39.3122],[27.9326,39.3172],[27.9344,39.3366],[27.9171,39.3596],[27.909,39.3642],[27.9049,39.3622],[27.904,39.357],[27.8989,39.3532],[27.8958,39.3463],[27.8852,39.3434],[27.8843,39.3391],[27.8712,39.3377],[27.8587,39.3287],[27.8442,39.3329],[27.8262,39.3235],[27.8022,39.3072],[27.7843,39.3143],[27.7692,39.3209],[27.7531,39.3537],[27.7473,39.3622],[27.7358,39.3648],[27.721,39.3619],[27.7033,39.3539],[27.6872,39.346],[27.6848,39.3395],[27.6765,39.3378],[27.6605,39.3335],[27.649,39.329],[27.6282,39.3347],[27.603,39.3408],[27.5893,39.3485],[27.5831,39.3485],[27.5656,39.3458],[27.5524,39.3532],[27.5307,39.3749],[27.5087,39.3912],[27.485,39.4037],[27.4714,39.4071],[27.4405,39.4028],[27.4262,39.397],[27.4164,39.3896],[27.4,39.371],[27.3893,39.3727],[27.3861,39.3746],[27.3765,39.3855],[27.3692,39.3838],[27.3622,39.3842],[27.3553,39.3797],[27.3535,39.3753],[27.3496,39.3751],[27.3453,39.3779],[27.3388,39.3798],[27.3355,39.3789],[27.3288,39.3831],[27.3225,39.381],[27.3186,39.3758],[27.3134,39.3748],[27.3103,39.3767],[27.3017,39.3781],[27.2937,39.3765],[27.2834,39.3716],[27.2739,39.3561],[27.2664,39.3529],[27.2563,39.353],[27.2382,39.3513],[27.2336,39.3444],[27.229,39.3437],[27.2263,39.3404],[27.2233,39.3444],[27.2188,39.344],[27.2206,39.3573],[27.2191,39.3591],[27.2196,39.3647],[27.2177,39.368],[27.21,39.3685],[27.1926,39.375],[27.1892,39.3752],[27.1841,39.378],[27.1747,39.3798],[27.1611,39.3727],[27.1476,39.3676],[27.1343,39.3652],[27.1209,39.364],[27.1124,39.3669],[27.1058,39.3652],[27.0994,39.3602],[27.0925,39.3581],[27.0854,39.3532],[27.0816,39.353],[27.0782,39.3492],[27.0788,39.3322],[27.0665,39.3243],[27.0517,39.3188],[27.0468,39.3206],[27.0416,39.3158],[27.0293,39.3156],[27.0195,39.3124],[27.0166,39.3101],[27.0109,39.3086],[27.013,39.2991],[27.0171,39.296],[27.0165,39.2924],[27.0127,39.2915],[27.0084,39.2867],[26.9997,39.2835],[26.9988,39.2746],[26.9956,39.2743],[26.9866,39.2847],[26.9845,39.2886],[26.9703,39.293],[26.9606,39.2925],[26.9573,39.2935],[26.9408,39.2898],[26.9342,39.2917],[26.928,39.288],[26.9261,39.2854],[26.9186,39.281],[26.9128,39.2812],[26.9091,39.2781],[26.9109,39.2743],[26.9053,39.2711],[26.9054,39.2633],[26.8959,39.2647],[26.898,39.2585],[26.8931,39.2582],[26.8876,39.2517],[26.8886,39.2442],[26.882,39.2415],[26.8786,39.2361],[26.8701,39.234],[26.8571,39.2371],[26.8388,39.237],[26.837,39.2333],[26.8325,39.2341],[26.8317,39.2307],[26.8267,39.2303],[26.8272,39.2274],[26.824,39.2235],[26.824,39.22],[26.8177,39.2181],[26.8155,39.2119],[26.81,39.2096],[26.7927,39.1977],[26.7916,39.1915],[26.7853,39.1868],[26.7805,39.1787],[26.7764,39.176],[26.7686,39.1667]]],[[[26.5908,39.2835],[26.5892,39.2786],[26.5819,39.2764],[26.5768,39.2796],[26.5802,39.2829],[26.5848,39.2848],[26.5864,39.2896],[26.5922,39.2927],[26.5938,39.2984],[26.5913,39.3022],[26.5969,39.3037],[26.5999,39.3028],[26.6005,39.2974],[26.5959,39.2922],[26.5987,39.2863],[26.5987,39.2821],[26.5908,39.2835]]],[[[26.5372,39.3222],[26.5307,39.3254],[26.5322,39.329],[26.5397,39.3313],[26.543,39.3258],[26.5372,39.3222]]],[[[26.6447,39.3632],[26.6534,39.3634],[26.6565,39.3585],[26.6518,39.3541],[26.6577,39.349],[26.6596,39.3434],[26.6642,39.3392],[26.6751,39.3409],[26.678,39.3433],[26.6839,39.3438],[26.6827,39.3397],[26.6842,39.3371],[26.6902,39.3352],[26.6884,39.3326],[26.6826,39.333],[26.6692,39.3294],[26.6542,39.3314],[26.6517,39.3274],[26.6466,39.3253],[26.6331,39.325],[26.6227,39.3271],[26.6239,39.3296],[26.6181,39.3353],[26.6148,39.3368],[26.613,39.3419],[26.6157,39.3485],[26.6157,39.3537],[26.6082,39.3538],[26.6112,39.3575],[26.6234,39.3563],[26.6239,39.3596],[26.6207,39.3648],[26.6138,39.3704],[26.6178,39.3728],[26.6172,39.3801],[26.61,39.3844],[26.5987,39.3864],[26.6047,39.3911],[26.6146,39.395],[26.6183,39.3934],[26.6212,39.395],[26.6295,39.3947],[26.6276,39.3915],[26.6292,39.3885],[26.6375,39.3896],[26.6474,39.3837],[26.653,39.3848],[26.656,39.3872],[26.667,39.3899],[26.6641,39.3864],[26.6614,39.3757],[26.6543,39.3757],[26.6405,39.3771],[26.6238,39.381],[26.6241,39.3689],[26.6308,39.3632],[26.6301,39.3605],[26.6341,39.3572],[26.6367,39.3578],[26.6447,39.3632]]],[[[26.6084,39.333],[26.6022,39.3332],[26.5959,39.337],[26.6026,39.3428],[26.6103,39.3403],[26.6125,39.3337],[26.6084,39.333]]],[[[26.697,39.3483],[26.696,39.3433],[26.6887,39.3433],[26.6839,39.3451],[26.6952,39.3492],[26.697,39.3483]]],[[[26.586,39.3437],[26.5868,39.3495],[26.5924,39.3486],[26.5947,39.3501],[26.5996,39.3489],[26.6013,39.3442],[26.5929,39.3447],[26.586,39.3437]]],[[[26.7615,39.3738],[26.7689,39.3794],[26.7691,39.3756],[26.7615,39.3738]]],[[[26.706,39.3821],[26.7094,39.3799],[26.7096,39.3763],[26.7075,39.373],[26.7031,39.3741],[26.7041,39.3802],[26.706,39.3821]]],[[[26.5707,39.3786],[26.5684,39.3843],[26.5716,39.3851],[26.575,39.382],[26.5707,39.3786]]],[[[26.6026,39.3951],[26.5957,39.3886],[26.5943,39.3853],[26.5957,39.379],[26.5919,39.3777],[26.59,39.3689],[26.5846,39.3717],[26.5892,39.3749],[26.5844,39.3796],[26.5792,39.38],[26.5767,39.3831],[26.5783,39.3858],[26.5763,39.3906],[26.5806,39.392],[26.5884,39.3919],[26.5901,39.3961],[26.5967,39.3964],[26.6026,39.3951]]],[[[28.0773,40.4542],[28.0628,40.4581],[28.0752,40.4604],[28.0751,40.4553],[28.0773,40.4542]]],[[[27.623,40.4984],[27.6308,40.4953],[27.6346,40.4952],[27.6375,40.4992],[27.6454,40.4934],[27.6503,40.4938],[27.6497,40.4878],[27.6445,40.4847],[27.6425,40.4815],[27.6367,40.4779],[27.6321,40.472],[27.6328,40.4691],[27.6375,40.4658],[27.6374,40.4613],[27.6441,40.4573],[27.6467,40.4539],[27.6503,40.4528],[27.6548,40.4555],[27.6575,40.4607],[27.6635,40.4658],[27.6671,40.4586],[27.6636,40.4537],[27.6634,40.4498],[27.6668,40.4461],[27.6618,40.4448],[27.656,40.4457],[27.6535,40.4508],[27.6372,40.4549],[27.6306,40.4575],[27.6283,40.4607],[27.6237,40.4617],[27.6208,40.4596],[27.6117,40.4577],[27.6038,40.4609],[27.5963,40.4586],[27.5866,40.4629],[27.5809,40.4637],[27.5794,40.4679],[27.5812,40.47],[27.5806,40.4743],[27.5833,40.4768],[27.582,40.4818],[27.5973,40.4783],[27.6046,40.4791],[27.6078,40.4811],[27.6086,40.4871],[27.6039,40.4928],[27.6013,40.5002],[27.6012,40.5062],[27.613,40.5072],[27.6198,40.5105],[27.6193,40.5043],[27.623,40.4984]]],[[[27.4971,40.4707],[27.4943,40.4689],[27.4884,40.4692],[27.488,40.4739],[27.4899,40.4762],[27.4901,40.4818],[27.484,40.4862],[27.4813,40.4863],[27.4806,40.492],[27.4786,40.4933],[27.4821,40.499],[27.4856,40.4995],[27.4942,40.5055],[27.4967,40.5134],[27.4972,40.5211],[27.5008,40.5226],[27.5069,40.5292],[27.5111,40.5319],[27.5119,40.536],[27.5157,40.5369],[27.5277,40.5277],[27.5322,40.5291],[27.539,40.5216],[27.5472,40.5202],[27.5467,40.5175],[27.538,40.5134],[27.5374,40.5116],[27.5311,40.5092],[27.5264,40.5054],[27.524,40.4993],[27.5369,40.4884],[27.5294,40.4857],[27.5162,40.483],[27.511,40.4797],[27.5032,40.4793],[27.4971,40.4707]]],[[[27.5832,40.5218],[27.5847,40.5166],[27.5807,40.508],[27.5857,40.5036],[27.5831,40.502],[27.5827,40.4966],[27.5806,40.495],[27.5759,40.4971],[27.5741,40.5017],[27.5766,40.5035],[27.5753,40.5074],[27.5772,40.5136],[27.5769,40.5176],[27.5832,40.5218]]],[[[27.5049,40.5525],[27.4942,40.5464],[27.4882,40.5471],[27.4832,40.5458],[27.4731,40.5392],[27.4675,40.5369],[27.4653,40.5394],[27.4672,40.5476],[27.4773,40.5489],[27.483,40.5518],[27.4856,40.5511],[27.5014,40.5536],[27.5049,40.5525]]],[[[27.5641,40.6439],[27.5709,40.6456],[27.5738,40.6512],[27.5727,40.6531],[27.5827,40.6553],[27.589,40.6552],[27.6032,40.6608],[27.6067,40.6564],[27.6148,40.6566],[27.6169,40.6602],[27.6217,40.6587],[27.6257,40.6649],[27.6311,40.6661],[27.6337,40.6683],[27.6391,40.6664],[27.6464,40.6581],[27.6495,40.6581],[27.6586,40.6627],[27.6592,40.6537],[27.6657,40.6566],[27.6696,40.6553],[27.6733,40.6618],[27.6757,40.6573],[27.6744,40.6533],[27.6848,40.6485],[27.6926,40.6537],[27.6995,40.6518],[27.7074,40.6516],[27.71,40.6475],[27.715,40.645],[27.7196,40.6445],[27.7231,40.6415],[27.7353,40.6407],[27.7352,40.6324],[27.7405,40.6319],[27.7386,40.6265],[27.7349,40.6265],[27.7316,40.6233],[27.7268,40.6225],[27.713,40.6139],[27.7073,40.6162],[27.7027,40.6145],[27.7011,40.6108],[27.695,40.6086],[27.6899,40.6082],[27.6834,40.604],[27.6788,40.606],[27.6691,40.6052],[27.663,40.6025],[27.6621,40.5964],[27.6628,40.592],[27.6548,40.59],[27.6409,40.585],[27.6361,40.5849],[27.6337,40.5806],[27.6303,40.5794],[27.6233,40.5817],[27.6199,40.5771],[27.6113,40.5789],[27.6082,40.5748],[27.6049,40.578],[27.5948,40.581],[27.5899,40.5798],[27.5837,40.5802],[27.5746,40.5757],[27.5685,40.5773],[27.5651,40.5827],[27.5599,40.5857],[27.5521,40.5855],[27.5475,40.5922],[27.5445,40.592],[27.5378,40.596],[27.5341,40.5953],[27.5291,40.5984],[27.5307,40.6025],[27.5278,40.606],[27.533,40.6074],[27.5327,40.6118],[27.5352,40.6148],[27.5344,40.6209],[27.5296,40.6228],[27.5315,40.6254],[27.5255,40.6306],[27.5246,40.6343],[27.5282,40.6371],[27.5294,40.6411],[27.534,40.6474],[27.5415,40.6476],[27.5468,40.6528],[27.5504,40.6547],[27.5532,40.6523],[27.551,40.6437],[27.5584,40.6421],[27.5641,40.6439]]],[[[27.4857,40.6406],[27.4801,40.6416],[27.485,40.6469],[27.4882,40.6445],[27.4857,40.6406]]]]}},{"type":"Feature","properties":{"name":"Bilecik","number":11},"geometry":{"type":"Polygon","coordinates":[[[30.0316,39.6648],[30.0136,39.6607],[29.998,39.6599],[29.982,39.66],[29.9714,39.6614],[29.9539,39.666],[29.94,39.6715],[29.9318,39.6825],[29.9189,39.6902],[29.893,39.6989],[29.8809,39.7035],[29.8645,39.7071],[29.8477,39.7115],[29.831,39.7077],[29.8152,39.707],[29.7988,39.7099],[29.7775,39.7182],[29.7655,39.7259],[29.7299,39.7495],[29.7303,39.7728],[29.7348,39.79],[29.7442,39.8013],[29.7776,39.827],[29.781,39.8409],[29.772,39.8576],[29.7605,39.8678],[29.7496,39.8772],[29.7416,39.8855],[29.7473,39.9023],[29.7596,39.9159],[29.7981,39.9319],[29.792,39.9397],[29.7842,39.9413],[29.7602,39.9557],[29.7599,39.9665],[29.7493,39.9741],[29.743,39.9797],[29.7402,39.9868],[29.7528,39.9962],[29.7541,40.0018],[29.7351,40.0705],[29.7216,40.0995],[29.7227,40.1038],[29.7206,40.1185],[29.7216,40.1272],[29.7247,40.1412],[29.7261,40.1645],[29.7291,40.1704],[29.7369,40.1736],[29.763,40.1831],[29.7775,40.1888],[29.7853,40.1951],[29.7908,40.2016],[29.797,40.2234],[29.8016,40.2282],[29.8199,40.2393],[29.8286,40.2433],[29.827,40.2594],[29.8277,40.2665],[29.8343,40.2765],[29.835,40.282],[29.8395,40.2919],[29.8428,40.292],[29.845,40.2987],[29.8468,40.3076],[29.8454,40.3117],[29.8503,40.3153],[29.8487,40.3175],[29.8525,40.328],[29.8298,40.3486],[29.8259,40.3528],[29.7981,40.3698],[29.8167,40.3782],[29.8249,40.3851],[29.8423,40.3871],[29.8469,40.3942],[29.8441,40.3989],[29.8509,40.4052],[29.8575,40.4077],[29.8612,40.4111],[29.886,40.4155],[29.8908,40.4249],[29.8922,40.4327],[29.8863,40.4459],[29.8802,40.4542],[29.8582,40.453],[29.8513,40.466],[29.8642,40.4823],[29.8865,40.4904],[29.8994,40.4999],[29.9034,40.5077],[29.9012,40.5198],[29.9053,40.5301],[29.9317,40.5393],[29.9467,40.5437],[29.9532,40.547],[29.967,40.5514],[29.9876,40.5245],[29.992,40.5163],[29.9808,40.5062],[29.9772,40.5013],[29.9811,40.4869],[29.9848,40.4793],[29.9828,40.4745],[29.9882,40.4688],[29.9945,40.4652],[29.9993,40.4648],[29.9984,40.4596],[30.0037,40.4544],[30.0023,40.4471],[30.0059,40.4392],[30.0114,40.4302],[30.0188,40.4252],[30.0348,40.4211],[30.0387,40.4212],[30.0456,40.4264],[30.0482,40.4325],[30.0565,40.4419],[30.0547,40.4471],[30.0581,40.4539],[30.0642,40.4572],[30.0709,40.4581],[30.0721,40.4511],[30.0739,40.4476],[30.0858,40.4336],[30.0845,40.4298],[30.0875,40.428],[30.0897,40.4229],[30.0961,40.4228],[30.1017,40.4195],[30.1007,40.4139],[30.105,40.4084],[30.1081,40.4083],[30.1203,40.4019],[30.1186,40.3996],[30.1214,40.3936],[30.1247,40.3897],[30.1376,40.3801],[30.1381,40.3768],[30.1498,40.3668],[30.1525,40.3612],[30.1764,40.3521],[30.1824,40.3541],[30.1901,40.3548],[30.1929,40.3535],[30.1969,40.3446],[30.2023,40.3411],[30.2099,40.3376],[30.2205,40.3371],[30.2269,40.3448],[30.2275,40.3477],[30.2248,40.352],[30.2391,40.3606],[30.2406,40.3641],[30.2453,40.3617],[30.2492,40.3621],[30.2607,40.3668],[30.2807,40.3669],[30.2827,40.3711],[30.2904,40.3744],[30.2919,40.3729],[30.2984,40.3746],[30.3028,40.3791],[30.3071,40.378],[30.309,40.3809],[30.3166,40.381],[30.3266,40.3837],[30.3324,40.3827],[30.3386,40.3846],[30.3448,40.3817],[30.3491,40.382],[30.359,40.3793],[30.3628,40.3773],[30.3689,40.3793],[30.3763,40.3779],[30.383,40.3806],[30.39,40.3802],[30.3969,40.3848],[30.4069,40.3868],[30.4123,40.3851],[30.4178,40.3902],[30.4272,40.3941],[30.4315,40.3926],[30.4365,40.3932],[30.4397,40.3905],[30.4433,40.3905],[30.441,40.3837],[30.4452,40.3831],[30.451,40.3872],[30.4545,40.3879],[30.4622,40.3825],[30.4701,40.3811],[30.4744,40.3834],[30.4789,40.3769],[30.4817,40.3638],[30.4756,40.3582],[30.477,40.3484],[30.4812,40.3443],[30.4764,40.3396],[30.4765,40.337],[30.4721,40.332],[30.475,40.3275],[30.4783,40.3254],[30.4798,40.3207],[30.4898,40.3116],[30.5039,40.3128],[30.5085,40.3102],[30.5085,40.3011],[30.5115,40.2957],[30.5265,40.2944],[30.5606,40.2952],[30.5696,40.2906],[30.5832,40.2889],[30.588,40.2861],[30.5924,40.2827],[30.5919,40.2796],[30.5937,40.2744],[30.6016,40.2725],[30.6036,40.2685],[30.6037,40.2503],[30.6125,40.2435],[30.6112,40.2307],[30.6089,40.219],[30.6139,40.2119],[30.6392,40.2033],[30.6421,40.1985],[30.6291,40.1783],[30.6284,40.1724],[30.6336,40.1672],[30.6624,40.1677],[30.6619,40.164],[30.637,40.1555],[30.6214,40.1483],[30.5884,40.1357],[30.5685,40.1328],[30.567,40.1243],[30.5534,40.1261],[30.5449,40.1205],[30.5337,40.1219],[30.5368,40.102],[30.5319,40.0961],[30.5181,40.0842],[30.5168,40.0757],[30.5059,40.0645],[30.4929,40.0455],[30.4852,40.0362],[30.4663,40.0233],[30.4495,40.0111],[30.4313,40.0071],[30.4116,40.0121],[30.406,40.0091],[30.3895,40.0123],[30.385,40.0114],[30.3807,40.0126],[30.3831,40.0159],[30.3831,40.0247],[30.3764,40.0175],[30.3745,40.0118],[30.3753,40.0084],[30.3694,40.0057],[30.362,40.004],[30.3652,40.0008],[30.3694,39.994],[30.3638,39.9905],[30.3609,39.9904],[30.3591,39.9834],[30.3543,39.9798],[30.3472,39.976],[30.3501,39.9725],[30.3545,39.9703],[30.3568,39.9638],[30.3634,39.9628],[30.3655,39.9535],[30.3642,39.9515],[30.3576,39.9534],[30.3565,39.9456],[30.3524,39.9397],[30.3379,39.9373],[30.3319,39.9404],[30.3279,39.941],[30.318,39.9374],[30.3107,39.9413],[30.3061,39.9457],[30.2976,39.9467],[30.297,39.9535],[30.2953,39.9559],[30.2907,39.9532],[30.2895,39.9381],[30.2869,39.9303],[30.2965,39.9164],[30.2912,39.9027],[30.3002,39.8789],[30.3036,39.873],[30.317,39.8704],[30.3194,39.867],[30.3122,39.8676],[30.3039,39.8647],[30.295,39.8569],[30.2954,39.8482],[30.2935,39.8431],[30.2946,39.8405],[30.2777,39.8482],[30.2601,39.8511],[30.2499,39.8553],[30.2344,39.8604],[30.2207,39.8626],[30.2108,39.8608],[30.185,39.8626],[30.1555,39.8584],[30.1239,39.8502],[30.0985,39.8403],[30.0884,39.8327],[30.0692,39.8202],[30.0486,39.8016],[30.0162,39.7801],[29.9978,39.7547],[29.9962,39.741],[29.9889,39.7272],[29.9884,39.716],[29.992,39.7007],[30.0018,39.6909],[30.0149,39.6833],[30.0316,39.6648]]]}},{"type":"Feature","properties":{"name":"Bingöl","number":12},"geometry":{"type":"Polygon","coordinates":[[[39.9346,39.101],[39.945,39.1116],[39.9523,39.1217],[39.9521,39.1408],[39.947,39.1525],[39.9455,39.1656],[39.9468,39.1769],[39.9441,39.1898],[39.9536,39.1886],[39.9819,39.208],[39.9925,39.2388],[40.0008,39.2466],[40.0178,39.2558],[40.0303,39.27],[40.0336,39.2775],[40.0215,39.3101],[40.0422,39.3224],[40.055,39.3171],[40.073,39.3144],[40.0758,39.3167],[40.08,39.3155],[40.0868,39.3091],[40.0885,39.3048],[40.0953,39.3057],[40.0989,39.302],[40.1056,39.3039],[40.1068,39.3022],[40.1152,39.3017],[40.1169,39.3047],[40.1283,39.3179],[40.1323,39.321],[40.1394,39.3299],[40.1476,39.3323],[40.1473,39.3399],[40.1558,39.3468],[40.1692,39.3489],[40.1828,39.3565],[40.1917,39.3509],[40.2003,39.3525],[40.202,39.3569],[40.2151,39.362],[40.2372,39.3678],[40.2771,39.4228],[40.2903,39.4451],[40.2921,39.473],[40.2819,39.4835],[40.2821,39.4941],[40.2882,39.4982],[40.3027,39.5102],[40.3253,39.5218],[40.3966,39.553],[40.4038,39.565],[40.4135,39.554],[40.4169,39.5437],[40.4173,39.5319],[40.4244,39.5274],[40.4251,39.523],[40.4355,39.5197],[40.4487,39.5111],[40.472,39.5179],[40.48,39.5156],[40.4864,39.5167],[40.5157,39.5169],[40.52,39.5273],[40.5444,39.5299],[40.5609,39.5259],[40.5676,39.5267],[40.5967,39.5263],[40.6115,39.523],[40.634,39.5276],[40.6246,39.5212],[40.6195,39.5093],[40.6079,39.5023],[40.6096,39.4984],[40.6058,39.4966],[40.6029,39.4995],[40.5955,39.5],[40.5898,39.4966],[40.5877,39.4843],[40.5912,39.4707],[40.5908,39.4643],[40.5832,39.4612],[40.5739,39.4526],[40.5919,39.4442],[40.62,39.4446],[40.6322,39.4421],[40.6352,39.4367],[40.6472,39.4217],[40.6624,39.4222],[40.6792,39.4136],[40.6995,39.4112],[40.7131,39.4077],[40.7212,39.4187],[40.7317,39.422],[40.7388,39.4227],[40.75,39.4225],[40.76,39.4207],[40.7736,39.4258],[40.802,39.4256],[40.8133,39.4322],[40.8235,39.4365],[40.8442,39.4399],[40.8658,39.4471],[40.8838,39.4423],[40.9,39.4532],[40.9091,39.4566],[40.9279,39.454],[40.9505,39.4546],[40.9619,39.4574],[40.9717,39.4574],[40.9759,39.4555],[40.9818,39.4563],[40.9837,39.4615],[40.9829,39.4703],[40.9888,39.4734],[41.0025,39.4741],[41.0175,39.4633],[41.03,39.4632],[41.0374,39.4568],[41.046,39.455],[41.0504,39.4527],[41.0502,39.4455],[41.0534,39.4423],[41.0538,39.4297],[41.0612,39.4261],[41.0654,39.4265],[41.0739,39.4304],[41.0859,39.4191],[41.094,39.4193],[41.0938,39.4266],[41.0992,39.43],[41.0988,39.4341],[41.1085,39.4344],[41.1155,39.4263],[41.1225,39.4273],[41.1248,39.431],[41.1289,39.4324],[41.1475,39.4135],[41.1666,39.4129],[41.1793,39.4047],[41.1829,39.3872],[41.1783,39.3789],[41.1676,39.3725],[41.1481,39.3624],[41.1478,39.3605],[41.1519,39.3543],[41.1455,39.3474],[41.1399,39.3436],[41.1455,39.338],[41.1432,39.3326],[41.144,39.3291],[41.1391,39.3231],[41.1426,39.3187],[41.1387,39.3107],[41.1413,39.3067],[41.1391,39.298],[41.1354,39.2947],[41.1348,39.2919],[41.138,39.2838],[41.1387,39.2768],[41.137,39.2698],[41.1433,39.2662],[41.1435,39.2569],[41.1423,39.253],[41.1334,39.2494],[41.1305,39.2452],[41.1327,39.2369],[41.1598,39.2294],[41.1653,39.2287],[41.1772,39.2242],[41.185,39.2113],[41.1822,39.205],[41.183,39.1986],[41.1817,39.1929],[41.1848,39.1828],[41.1901,39.1707],[41.2026,39.1608],[41.2098,39.1587],[41.2186,39.1509],[41.2156,39.1392],[41.2197,39.1311],[41.2265,39.1245],[41.2341,39.1213],[41.2555,39.1136],[41.2509,39.105],[41.2544,39.0915],[41.2588,39.0888],[41.2637,39.0903],[41.266,39.0848],[41.2578,39.0801],[41.2538,39.0761],[41.2526,39.0681],[41.2487,39.0656],[41.2503,39.0537],[41.2615,39.042],[41.2641,39.0353],[41.2587,39.035],[41.2491,39.0288],[41.2324,39.0306],[41.2275,39.0301],[41.213,39.0206],[41.1888,39.0038],[41.1768,38.9861],[41.1775,38.9694],[41.1682,38.9638],[41.1521,38.9568],[41.15,38.9523],[41.1416,38.9493],[41.1332,38.9446],[41.13,38.9379],[41.1246,38.932],[41.1201,38.9285],[41.1203,38.9249],[41.1168,38.9172],[41.1169,38.9077],[41.1152,38.9012],[41.1094,38.8885],[41.1143,38.8773],[41.1183,38.8635],[41.1157,38.8591],[41.1154,38.8545],[41.1183,38.8486],[41.1168,38.842],[41.1109,38.8358],[41.1202,38.8278],[41.1186,38.825],[41.1199,38.8202],[41.1194,38.8157],[41.1155,38.8113],[41.1239,38.8013],[41.1248,38.7961],[41.1283,38.793],[41.1328,38.793],[41.14,38.7869],[41.1389,38.7821],[41.1463,38.7799],[41.1535,38.7757],[41.1558,38.7719],[41.1644,38.7712],[41.1717,38.7667],[41.1769,38.766],[41.1765,38.7614],[41.1733,38.7572],[41.1661,38.7545],[41.1588,38.7532],[41.1596,38.7387],[41.1579,38.7279],[41.1526,38.722],[41.1404,38.7179],[41.1392,38.7146],[41.1282,38.7137],[41.1094,38.71],[41.0871,38.6994],[41.0584,38.6904],[41.0004,38.6706],[40.9768,38.6557],[40.9328,38.629],[40.8943,38.612],[40.8781,38.599],[40.8473,38.5764],[40.8363,38.5768],[40.8147,38.5639],[40.8089,38.5611],[40.8061,38.5705],[40.8082,38.5743],[40.8004,38.574],[40.7956,38.5762],[40.7915,38.5746],[40.7938,38.5819],[40.7842,38.5926],[40.7673,38.6001],[40.7442,38.6011],[40.7175,38.5966],[40.7046,38.5974],[40.672,38.6013],[40.6589,38.5964],[40.6463,38.5781],[40.6331,38.5707],[40.6242,38.569],[40.6192,38.5634],[40.6034,38.5633],[40.5856,38.5804],[40.574,38.5833],[40.561,38.5827],[40.5514,38.5896],[40.541,38.5926],[40.5129,38.6065],[40.4984,38.6142],[40.4843,38.6195],[40.4731,38.6205],[40.4574,38.6184],[40.4477,38.6138],[40.4382,38.5993],[40.4448,38.5977],[40.4453,38.5945],[40.4404,38.5934],[40.4379,38.5881],[40.4433,38.5812],[40.4006,38.565],[40.366,38.5449],[40.3544,38.5325],[40.358,38.51],[40.3594,38.5058],[40.3664,38.5008],[40.3615,38.495],[40.3584,38.4942],[40.3549,38.4892],[40.3442,38.4872],[40.3406,38.4899],[40.3369,38.4855],[40.3331,38.4852],[40.3285,38.4878],[40.3191,38.4849],[40.3083,38.4894],[40.3039,38.4893],[40.3017,38.4814],[40.2988,38.4787],[40.2936,38.4767],[40.291,38.4835],[40.2634,38.4951],[40.2532,38.5222],[40.2453,38.5377],[40.2328,38.5516],[40.2107,38.5655],[40.1658,38.5791],[40.1106,38.6168],[40.0939,38.6377],[40.0915,38.6506],[40.1041,38.6586],[40.1273,38.6653],[40.1687,38.6753],[40.178,38.688],[40.2098,38.7043],[40.2199,38.7169],[40.2291,38.7384],[40.2335,38.737],[40.2431,38.7414],[40.259,38.7447],[40.2657,38.7422],[40.2733,38.7429],[40.2811,38.7392],[40.2874,38.7384],[40.2888,38.7408],[40.2964,38.744],[40.3174,38.7513],[40.3334,38.7708],[40.3348,38.784],[40.3296,38.7975],[40.318,38.813],[40.2968,38.8273],[40.2757,38.8307],[40.2358,38.8367],[40.2317,38.8464],[40.2359,38.8593],[40.2463,38.8629],[40.2639,38.8651],[40.2589,38.8757],[40.2556,38.8803],[40.2498,38.8823],[40.241,38.8812],[40.233,38.8877],[40.224,38.8925],[40.2152,38.9049],[40.2145,38.9357],[40.2102,38.9434],[40.183,38.9627],[40.1802,38.9733],[40.1861,38.9837],[40.2192,39.0174],[40.2133,39.0347],[40.2282,39.0502],[40.2418,39.0704],[40.241,39.0873],[40.2561,39.1077],[40.2757,39.1223],[40.2885,39.1237],[40.3021,39.1315],[40.301,39.149],[40.2833,39.166],[40.2769,39.177],[40.2733,39.181],[40.2661,39.1832],[40.2439,39.1831],[40.2328,39.1884],[40.2313,39.1914],[40.2234,39.1912],[40.2195,39.1857],[40.1934,39.1738],[40.1623,39.1697],[40.155,39.1637],[40.1454,39.1665],[40.1408,39.1616],[40.1243,39.1602],[40.1139,39.1519],[40.1023,39.1517],[40.1001,39.1449],[40.0928,39.1394],[40.0886,39.131],[40.0859,39.1283],[40.0753,39.1275],[40.0667,39.1301],[40.0635,39.1272],[40.0657,39.1221],[40.0545,39.1252],[40.0589,39.1198],[40.0541,39.1163],[40.0423,39.1132],[40.0419,39.1084],[40.0313,39.1022],[40.0276,39.0967],[40.0221,39.0958],[40.0211,39.1015],[40.0168,39.1006],[40.0104,39.094],[40.0008,39.0936],[39.9978,39.0915],[39.9809,39.0964],[39.9765,39.0902],[39.9724,39.0919],[39.9696,39.0957],[39.9664,39.0917],[39.961,39.0916],[39.9541,39.0894],[39.9478,39.0899],[39.9456,39.0915],[39.9446,39.0984],[39.9363,39.0981],[39.9346,39.101]]]}},{"type":"Feature","properties":{"name":"Bitlis","number":13},"geometry":{"type":"Polygon","coordinates":[[[42.6946,38.9576],[42.7147,38.9351],[42.7445,38.9373],[42.7715,38.9308],[42.8437,38.93],[42.9096,38.9308],[42.9254,38.947],[42.9241,38.9795],[42.9358,38.9974],[42.9439,39.0082],[42.9552,39.0217],[42.965,39.0241],[43.0008,39.0188],[43.0191,39.0129],[43.0353,39.0016],[43.0604,38.9633],[43.0711,38.9383],[43.0836,38.9204],[43.1149,38.918],[43.1598,38.9159],[43.1869,38.904],[43.1991,38.8955],[43.1966,38.8815],[43.1882,38.8623],[43.1871,38.8535],[43.1877,38.8455],[43.1839,38.8291],[43.1614,38.808],[43.1346,38.7827],[43.1163,38.7744],[43.1039,38.7704],[43.071,38.7608],[43.0411,38.7452],[43.0264,38.7339],[43.0121,38.7166],[43.0021,38.7025],[42.9992,38.7],[42.9846,38.683],[42.9762,38.6761],[42.9524,38.6472],[42.9439,38.64],[42.9288,38.6238],[42.927,38.6202],[42.9064,38.5933],[42.8919,38.5652],[42.8835,38.5525],[42.8787,38.5466],[42.8573,38.5313],[42.8112,38.5052],[42.7899,38.4958],[42.753,38.4676],[42.7562,38.4403],[42.7624,38.4299],[42.7776,38.4115],[42.7771,38.4045],[42.779,38.3953],[42.7886,38.3767],[42.7851,38.3658],[42.7918,38.3596],[42.7946,38.3552],[42.7953,38.3482],[42.79,38.3375],[42.79,38.3302],[42.7846,38.3265],[42.7825,38.3225],[42.7744,38.3194],[42.7678,38.3196],[42.7562,38.3223],[42.7469,38.3229],[42.7354,38.3246],[42.7256,38.3221],[42.7139,38.3285],[42.7086,38.3228],[42.6958,38.3197],[42.6916,38.3153],[42.6843,38.3115],[42.6722,38.3155],[42.6622,38.3131],[42.6631,38.2913],[42.6685,38.2812],[42.6702,38.2675],[42.685,38.2566],[42.7037,38.2566],[42.7081,38.2501],[42.7089,38.2453],[42.7186,38.2379],[42.723,38.231],[42.7357,38.2243],[42.7404,38.2152],[42.733,38.2012],[42.7325,38.1893],[42.7217,38.1844],[42.702,38.1806],[42.7007,38.173],[42.6967,38.166],[42.6891,38.1568],[42.6857,38.1504],[42.6721,38.1439],[42.6685,38.131],[42.67,38.1179],[42.6636,38.1097],[42.6695,38.1027],[42.6721,38.0974],[42.6832,38.0945],[42.6904,38.0869],[42.6887,38.0768],[42.68,38.0596],[42.6767,38.0464],[42.6786,38.0387],[42.6833,38.0305],[42.6632,38.0245],[42.6542,38.0167],[42.6547,37.999],[42.6495,37.9943],[42.6315,37.9884],[42.6265,37.9897],[42.6236,37.9883],[42.6172,37.9826],[42.6141,37.9811],[42.6036,37.9825],[42.5962,37.9846],[42.5892,37.9831],[42.588,37.9786],[42.5829,37.9768],[42.5764,37.9797],[42.5675,37.9824],[42.5657,37.9786],[42.5483,37.9692],[42.5414,37.9718],[42.5328,37.9711],[42.5145,37.9779],[42.5019,37.9816],[42.4913,37.9895],[42.4868,37.9941],[42.4835,37.9995],[42.4863,38.0051],[42.4868,38.0123],[42.4896,38.0203],[42.4847,38.0252],[42.4743,38.0292],[42.4706,38.0296],[42.4658,38.0336],[42.4614,38.041],[42.4539,38.0438],[42.4514,38.0501],[42.4404,38.0569],[42.4483,38.0661],[42.4489,38.0702],[42.4322,38.0678],[42.4168,38.0649],[42.4113,38.0665],[42.407,38.0655],[42.3915,38.0691],[42.3878,38.0766],[42.3748,38.0888],[42.3718,38.1048],[42.3885,38.1204],[42.3897,38.1274],[42.3839,38.1294],[42.3315,38.11],[42.2871,38.1194],[42.2772,38.1317],[42.2713,38.1403],[42.2564,38.1523],[42.2363,38.1802],[42.2407,38.1897],[42.246,38.2326],[42.2233,38.2367],[42.2023,38.2329],[42.1709,38.2228],[42.1322,38.216],[42.1163,38.2167],[42.0981,38.2031],[42.0612,38.1833],[42.0407,38.1731],[42.0162,38.1725],[41.9815,38.1669],[41.9765,38.1685],[41.9703,38.1577],[41.954,38.1633],[41.9436,38.1752],[41.9314,38.1851],[41.9149,38.1898],[41.8975,38.1906],[41.8789,38.1898],[41.8695,38.1914],[41.8546,38.1913],[41.8427,38.1982],[41.824,38.2028],[41.8179,38.2114],[41.7853,38.2357],[41.7656,38.2358],[41.7441,38.2371],[41.7146,38.2418],[41.6828,38.2437],[41.6607,38.2673],[41.6443,38.2868],[41.6383,38.2973],[41.642,38.3168],[41.6446,38.3214],[41.6413,38.3297],[41.589,38.3542],[41.5935,38.3722],[41.6114,38.4112],[41.6135,38.4273],[41.6096,38.4414],[41.6263,38.4552],[41.6421,38.4552],[41.6393,38.4727],[41.6671,38.4824],[41.6678,38.4882],[41.6641,38.496],[41.6609,38.4977],[41.6462,38.5028],[41.6295,38.5039],[41.6047,38.5067],[41.5867,38.5103],[41.5631,38.5243],[41.5365,38.5216],[41.5223,38.5315],[41.4937,38.5509],[41.4937,38.5589],[41.5019,38.5592],[41.5073,38.5642],[41.5094,38.5682],[41.5054,38.5728],[41.5077,38.5768],[41.5071,38.5818],[41.5174,38.5878],[41.5321,38.5843],[41.536,38.5852],[41.5383,38.592],[41.543,38.5938],[41.5513,38.5946],[41.5519,38.5973],[41.5571,38.5999],[41.5736,38.6007],[41.5792,38.6033],[41.5909,38.6032],[41.5941,38.6057],[41.5972,38.6026],[41.6007,38.6021],[41.6015,38.607],[41.6083,38.6147],[41.6165,38.6096],[41.6244,38.6079],[41.6398,38.6094],[41.6462,38.6136],[41.6583,38.6189],[41.6715,38.6179],[41.6985,38.617],[41.7047,38.6183],[41.709,38.6158],[41.7182,38.6167],[41.7258,38.6142],[41.7296,38.6113],[41.7371,38.6107],[41.7651,38.6046],[41.7704,38.6021],[41.775,38.5967],[41.7818,38.5993],[41.7862,38.5996],[41.7932,38.6034],[41.8015,38.5998],[41.8054,38.5991],[41.8171,38.5995],[41.824,38.5956],[41.8304,38.5974],[41.8375,38.5979],[41.8428,38.5965],[41.8488,38.5932],[41.8549,38.5846],[41.857,38.5792],[41.8639,38.5748],[41.8705,38.575],[41.8739,38.5707],[41.8754,38.5657],[41.8874,38.5563],[41.8922,38.5545],[41.9017,38.543],[41.909,38.5407],[41.9147,38.5442],[41.9179,38.5495],[41.9215,38.5517],[41.9462,38.5617],[41.9541,38.5696],[41.9543,38.5773],[41.9483,38.5811],[41.9498,38.584],[41.9475,38.5882],[41.9389,38.5906],[41.9367,38.5933],[41.9402,38.5982],[41.9426,38.61],[41.9418,38.6212],[41.936,38.6294],[41.9311,38.6325],[41.9355,38.6359],[41.9458,38.6355],[41.9513,38.6387],[41.9573,38.6388],[41.9605,38.6422],[41.9658,38.6415],[41.9675,38.6438],[41.9829,38.6503],[41.9838,38.653],[41.9889,38.6526],[41.9985,38.6499],[42.007,38.6528],[42.0096,38.6565],[42.0203,38.6595],[42.0234,38.6619],[42.0262,38.6595],[42.0356,38.6597],[42.041,38.6638],[42.042,38.6713],[42.0351,38.6728],[42.0345,38.6745],[42.0391,38.6797],[42.0376,38.6826],[42.0305,38.6888],[42.0306,38.6927],[42.037,38.6992],[42.0434,38.7022],[42.0557,38.7038],[42.0628,38.7063],[42.0679,38.7065],[42.0789,38.71],[42.0827,38.7133],[42.0872,38.7197],[42.0984,38.7263],[42.1059,38.7289],[42.1113,38.7323],[42.1158,38.737],[42.1142,38.7414],[42.1162,38.7434],[42.1167,38.7511],[42.1155,38.7581],[42.1168,38.7632],[42.1107,38.7632],[42.1033,38.7592],[42.0954,38.7567],[42.0958,38.7605],[42.0984,38.7625],[42.099,38.7671],[42.0917,38.7689],[42.0882,38.7727],[42.0883,38.7784],[42.0926,38.7844],[42.0997,38.7899],[42.1089,38.792],[42.1121,38.7908],[42.1135,38.7954],[42.114,38.8033],[42.1099,38.808],[42.1094,38.8112],[42.117,38.8166],[42.117,38.8237],[42.119,38.8362],[42.1319,38.8461],[42.1657,38.8443],[42.1746,38.8568],[42.1701,38.8712],[42.1703,38.8763],[42.1808,38.876],[42.1874,38.878],[42.1923,38.8814],[42.2011,38.883],[42.2066,38.8859],[42.2396,38.8915],[42.2414,38.8895],[42.2622,38.8862],[42.2757,38.8941],[42.2731,38.9007],[42.2735,38.9051],[42.2844,38.9061],[42.2953,38.9129],[42.2888,38.9221],[42.2918,38.9295],[42.3048,38.9373],[42.3105,38.9377],[42.3092,38.9417],[42.3165,38.9454],[42.3202,38.9446],[42.3277,38.9485],[42.3331,38.9483],[42.349,38.9371],[42.3599,38.936],[42.3675,38.9279],[42.3778,38.9264],[42.3917,38.9336],[42.3946,38.9363],[42.4005,38.9364],[42.4108,38.9493],[42.4166,38.9504],[42.422,38.9574],[42.4294,38.9579],[42.4336,38.9544],[42.4394,38.9539],[42.4445,38.9519],[42.4475,38.9552],[42.4556,38.9548],[42.4659,38.9512],[42.4738,38.9505],[42.4726,38.9466],[42.483,38.935],[42.4904,38.9319],[42.4979,38.9318],[42.5033,38.923],[42.5266,38.9246],[42.5387,38.9263],[42.5586,38.9324],[42.5683,38.9278],[42.5668,38.923],[42.5707,38.9203],[42.5707,38.9138],[42.5771,38.9104],[42.5798,38.9138],[42.5845,38.9111],[42.5876,38.9192],[42.5918,38.9197],[42.593,38.9243],[42.6016,38.9256],[42.6049,38.9206],[42.6099,38.9219],[42.6141,38.9203],[42.6169,38.9253],[42.6213,38.9261],[42.6258,38.9296],[42.6299,38.93],[42.6326,38.9353],[42.6416,38.9364],[42.6471,38.9387],[42.6523,38.9371],[42.6611,38.9276],[42.6608,38.9318],[42.6638,38.9322],[42.6689,38.9387],[42.6752,38.9426],[42.6739,38.9493],[42.6806,38.9538],[42.6886,38.9547],[42.6946,38.9576]]]}},{"type":"Feature","properties":{"name":"Bolu","number":14},"geometry":{"type":"Polygon","coordinates":[[[32.5935,40.7454],[32.5886,40.7468],[32.586,40.7414],[32.5791,40.7418],[32.5752,40.7359],[32.565,40.7383],[32.5636,40.7401],[32.54,40.7344],[32.5241,40.7346],[32.5261,40.7311],[32.5267,40.7198],[32.5304,40.7181],[32.5282,40.7114],[32.5226,40.7058],[32.5234,40.699],[32.52,40.6912],[32.5124,40.6843],[32.5138,40.6803],[32.5103,40.6734],[32.5058,40.6735],[32.5012,40.6777],[32.4939,40.6782],[32.4869,40.6813],[32.4751,40.683],[32.4704,40.6855],[32.4644,40.6857],[32.4602,40.6826],[32.4552,40.6834],[32.4492,40.6823],[32.4454,40.6847],[32.4362,40.6827],[32.4318,40.6868],[32.4266,40.6849],[32.4288,40.679],[32.4278,40.6736],[32.4316,40.6676],[32.426,40.6597],[32.4158,40.6592],[32.4163,40.6491],[32.4146,40.6416],[32.4183,40.6309],[32.4205,40.6308],[32.4367,40.6226],[32.4329,40.6201],[32.431,40.6153],[32.4369,40.614],[32.4345,40.6066],[32.4286,40.606],[32.431,40.6014],[32.4352,40.5976],[32.4292,40.5932],[32.4294,40.5902],[32.4381,40.5887],[32.4461,40.5799],[32.4531,40.5781],[32.4598,40.5827],[32.4619,40.581],[32.4591,40.5738],[32.4534,40.572],[32.4504,40.5633],[32.4408,40.5588],[32.4368,40.5588],[32.4287,40.5551],[32.4285,40.5529],[32.421,40.5545],[32.4139,40.5539],[32.4115,40.5496],[32.406,40.5474],[32.3983,40.5468],[32.3964,40.5452],[32.3857,40.551],[32.3729,40.5461],[32.3605,40.5402],[32.3606,40.5469],[32.3587,40.5516],[32.3636,40.5619],[32.3631,40.5656],[32.358,40.5687],[32.3595,40.5708],[32.3674,40.5723],[32.3696,40.5772],[32.3725,40.5793],[32.3728,40.585],[32.3662,40.5873],[32.3632,40.5925],[32.3569,40.5947],[32.3429,40.5939],[32.338,40.5869],[32.3342,40.5836],[32.3286,40.5834],[32.3263,40.5876],[32.3211,40.5913],[32.3162,40.5875],[32.3071,40.5877],[32.3007,40.5812],[32.2985,40.5807],[32.2941,40.574],[32.2948,40.5668],[32.2862,40.5665],[32.2782,40.5686],[32.268,40.5688],[32.2636,40.5675],[32.2578,40.5631],[32.2542,40.5627],[32.2529,40.5566],[32.255,40.5541],[32.2517,40.5501],[32.2516,40.5446],[32.2408,40.5428],[32.2335,40.5433],[32.227,40.5451],[32.2158,40.5535],[32.2093,40.5493],[32.1987,40.5473],[32.1917,40.5469],[32.1797,40.5449],[32.1705,40.5467],[32.1625,40.5463],[32.1567,40.5489],[32.1506,40.5455],[32.1453,40.5457],[32.1359,40.5409],[32.1317,40.5362],[32.1271,40.5349],[32.1211,40.5351],[32.1149,40.5325],[32.1139,40.5228],[32.1086,40.5197],[32.1069,40.5146],[32.0964,40.5059],[32.0907,40.5004],[32.0782,40.4992],[32.0678,40.5052],[32.06,40.5036],[32.0539,40.5041],[32.0487,40.5],[32.0414,40.5004],[32.0413,40.5045],[32.0299,40.507],[32.0294,40.5024],[32.0246,40.5022],[32.0184,40.4944],[32.0111,40.4901],[32.0046,40.4897],[32.0038,40.4872],[31.996,40.486],[31.9923,40.4825],[31.9974,40.4784],[31.9976,40.4709],[32.0015,40.4683],[32.0051,40.4732],[32.0094,40.4741],[32.0267,40.4673],[32.0306,40.4643],[32.0316,40.4569],[32.03,40.453],[32.0298,40.4441],[32.0196,40.4311],[32.0219,40.4207],[32.0235,40.4185],[32.0326,40.4175],[32.0336,40.413],[32.0286,40.4082],[32.0233,40.4011],[32.0166,40.3969],[32.0124,40.3915],[32.0147,40.3864],[32.0118,40.3846],[32.0125,40.3803],[32.0029,40.3767],[31.9985,40.3726],[31.9882,40.3688],[31.9811,40.3654],[31.9704,40.3655],[31.9669,40.3639],[31.9652,40.3527],[31.9587,40.3528],[31.9457,40.3473],[31.9372,40.345],[31.932,40.3483],[31.9235,40.3486],[31.9149,40.3451],[31.9108,40.3459],[31.9093,40.3418],[31.905,40.3387],[31.8938,40.3376],[31.8918,40.336],[31.8927,40.328],[31.8854,40.3227],[31.8778,40.3215],[31.8739,40.3181],[31.8651,40.3143],[31.864,40.3105],[31.8596,40.3105],[31.8528,40.3048],[31.8453,40.3049],[31.8397,40.3101],[31.8352,40.3111],[31.8278,40.3083],[31.8162,40.3128],[31.8058,40.3155],[31.8044,40.3208],[31.7932,40.3208],[31.7835,40.3255],[31.7791,40.3255],[31.7713,40.3309],[31.7674,40.3305],[31.7628,40.3331],[31.7495,40.3318],[31.7413,40.3261],[31.7387,40.3259],[31.7272,40.318],[31.7214,40.3168],[31.707,40.3106],[31.6992,40.309],[31.698,40.3119],[31.6983,40.3191],[31.6889,40.3147],[31.6741,40.3138],[31.663,40.3066],[31.6433,40.2912],[31.6385,40.2884],[31.6126,40.2785],[31.6044,40.2729],[31.5923,40.2704],[31.5889,40.2726],[31.576,40.2755],[31.5725,40.2781],[31.5609,40.2817],[31.5515,40.2859],[31.5466,40.2938],[31.54,40.2964],[31.5224,40.2977],[31.5159,40.295],[31.5148,40.3024],[31.5165,40.3044],[31.5087,40.3073],[31.507,40.305],[31.5108,40.3019],[31.5104,40.2994],[31.5017,40.2882],[31.4937,40.2909],[31.4809,40.2866],[31.4721,40.2865],[31.4645,40.2895],[31.4598,40.2925],[31.455,40.2924],[31.4514,40.2901],[31.4557,40.2739],[31.4574,40.2698],[31.4557,40.2625],[31.4505,40.2662],[31.4302,40.2717],[31.4166,40.2677],[31.4174,40.27],[31.4159,40.2899],[31.4086,40.2914],[31.4027,40.2956],[31.3977,40.2975],[31.3947,40.3054],[31.3867,40.3128],[31.387,40.3168],[31.397,40.3177],[31.4116,40.3229],[31.4153,40.3281],[31.4217,40.3327],[31.42,40.3348],[31.4355,40.3355],[31.4393,40.3324],[31.4406,40.3234],[31.4488,40.3278],[31.4466,40.334],[31.4454,40.3424],[31.4312,40.3494],[31.4314,40.3516],[31.4397,40.3579],[31.4358,40.3603],[31.4352,40.3653],[31.4264,40.3645],[31.4188,40.3662],[31.4151,40.3633],[31.406,40.3632],[31.4016,40.3645],[31.3853,40.3714],[31.3795,40.3701],[31.3826,40.3624],[31.3782,40.3568],[31.3773,40.3534],[31.3734,40.3499],[31.3597,40.3442],[31.3515,40.3434],[31.3454,40.3408],[31.34,40.3437],[31.3365,40.3531],[31.3272,40.3537],[31.3212,40.3509],[31.3194,40.3472],[31.3146,40.3435],[31.3123,40.3301],[31.3049,40.3303],[31.2943,40.3347],[31.2877,40.3352],[31.2789,40.3374],[31.2782,40.3422],[31.2651,40.3419],[31.2498,40.338],[31.2398,40.3391],[31.2325,40.3373],[31.2263,40.3345],[31.2211,40.337],[31.2135,40.3366],[31.2056,40.3397],[31.2025,40.3431],[31.2058,40.346],[31.2007,40.3485],[31.1995,40.3521],[31.1846,40.3496],[31.1663,40.349],[31.1627,40.3509],[31.146,40.3501],[31.1423,40.3519],[31.1328,40.353],[31.1242,40.3551],[31.1092,40.3549],[31.0741,40.3492],[31.0675,40.3472],[31.0664,40.3403],[31.0674,40.3372],[31.063,40.3342],[31.0664,40.3312],[31.0675,40.3264],[31.06,40.3186],[31.0666,40.3138],[31.0657,40.3101],[31.0619,40.3082],[31.0574,40.2955],[31.0557,40.2819],[31.0613,40.2759],[31.0566,40.2722],[31.0582,40.2691],[31.0668,40.2689],[31.0679,40.2608],[31.0722,40.2585],[31.0764,40.2507],[31.0715,40.2479],[31.0655,40.241],[31.0658,40.2357],[31.0685,40.2355],[31.0727,40.2285],[31.0651,40.223],[31.0508,40.221],[31.0464,40.2179],[31.0111,40.2146],[30.9925,40.2121],[30.9756,40.2116],[30.9658,40.214],[30.9594,40.2115],[30.9552,40.2118],[30.9488,40.2081],[30.9487,40.2027],[30.9507,40.1909],[30.9435,40.179],[30.9368,40.1733],[30.9301,40.1714],[30.9253,40.1683],[30.917,40.1733],[30.9047,40.1762],[30.9013,40.1777],[30.8965,40.1732],[30.8889,40.1712],[30.8828,40.1712],[30.8725,40.165],[30.8657,40.1646],[30.8542,40.1581],[30.8483,40.1531],[30.8529,40.1422],[30.8562,40.137],[30.8643,40.1305],[30.8619,40.1226],[30.868,40.1254],[30.8733,40.1107],[30.8704,40.1086],[30.8661,40.1086],[30.8642,40.1056],[30.8516,40.1016],[30.8473,40.1032],[30.8415,40.0995],[30.8361,40.0979],[30.826,40.1342],[30.819,40.1419],[30.8111,40.1441],[30.8011,40.145],[30.7906,40.1486],[30.7739,40.1534],[30.762,40.1543],[30.7497,40.1564],[30.7399,40.1529],[30.7319,40.1535],[30.7284,40.1559],[30.7156,40.1562],[30.6888,40.1744],[30.6866,40.1855],[30.6804,40.1873],[30.6638,40.1775],[30.6624,40.1677],[30.6336,40.1672],[30.6284,40.1724],[30.6291,40.1783],[30.6421,40.1985],[30.6392,40.2033],[30.6139,40.2119],[30.6089,40.219],[30.6112,40.2307],[30.6125,40.2435],[30.6037,40.2503],[30.6036,40.2685],[30.6016,40.2725],[30.5937,40.2744],[30.5919,40.2796],[30.5924,40.2827],[30.588,40.2861],[30.5853,40.2966],[30.5814,40.3017],[30.5701,40.306],[30.5667,40.3087],[30.5717,40.3136],[30.5708,40.3266],[30.5758,40.3287],[30.5881,40.327],[30.5961,40.3242],[30.6076,40.3265],[30.6086,40.3367],[30.6024,40.3422],[30.5874,40.3455],[30.5762,40.3449],[30.5677,40.3502],[30.5648,40.3571],[30.572,40.3674],[30.5791,40.3709],[30.582,40.3798],[30.5746,40.3856],[30.5741,40.3885],[30.5785,40.3949],[30.5837,40.3988],[30.5815,40.4009],[30.5835,40.4047],[30.5785,40.4094],[30.5767,40.4181],[30.5772,40.4233],[30.5792,40.4244],[30.5791,40.4302],[30.585,40.4369],[30.5841,40.4429],[30.5798,40.4499],[30.5898,40.4603],[30.5914,40.463],[30.5902,40.4709],[30.5879,40.4722],[30.579,40.473],[30.5716,40.4764],[30.5684,40.4822],[30.5683,40.4873],[30.5718,40.4909],[30.5815,40.4888],[30.5865,40.4858],[30.5928,40.4848],[30.6061,40.4845],[30.6117,40.489],[30.6219,40.4903],[30.6302,40.5018],[30.6386,40.5073],[30.652,40.5072],[30.6587,40.5054],[30.67,40.5038],[30.6805,40.4993],[30.6998,40.4994],[30.7101,40.501],[30.7281,40.5],[30.732,40.5011],[30.746,40.5026],[30.7602,40.5034],[30.7667,40.5044],[30.7743,40.5036],[30.7824,40.5074],[30.7904,40.5079],[30.7993,40.5141],[30.8213,40.5165],[30.8318,40.5144],[30.8377,40.5157],[30.8532,40.5149],[30.856,40.5123],[30.8612,40.5107],[30.8669,40.513],[30.8656,40.519],[30.8727,40.5249],[30.8766,40.5324],[30.8826,40.5385],[30.8717,40.5441],[30.8712,40.5515],[30.8747,40.564],[30.8722,40.5672],[30.8751,40.5709],[30.8786,40.5704],[30.8853,40.5721],[30.8868,40.5753],[30.8826,40.5764],[30.873,40.5752],[30.8735,40.5854],[30.8709,40.5913],[30.8705,40.5986],[30.8856,40.6209],[30.8915,40.6244],[30.8965,40.6303],[30.895,40.6446],[30.8983,40.6479],[30.9018,40.6541],[30.9086,40.6574],[30.9186,40.6599],[30.923,40.655],[30.9408,40.6504],[30.9399,40.6316],[30.9693,40.6248],[31.0118,40.6305],[31.0359,40.6394],[31.0716,40.6502],[31.0924,40.6548],[31.1118,40.654],[31.1256,40.6487],[31.1481,40.6414],[31.1602,40.6392],[31.1687,40.6356],[31.1895,40.6242],[31.2064,40.6229],[31.2263,40.6231],[31.2337,40.6358],[31.2473,40.644],[31.2549,40.6399],[31.2645,40.6397],[31.2714,40.6325],[31.2793,40.6282],[31.3028,40.629],[31.3112,40.6408],[31.3393,40.6443],[31.3486,40.6479],[31.3557,40.6482],[31.3641,40.6517],[31.3701,40.6579],[31.375,40.6598],[31.3767,40.6629],[31.3812,40.6659],[31.3858,40.6709],[31.3848,40.6742],[31.3855,40.6839],[31.3849,40.6874],[31.3911,40.6979],[31.3946,40.7023],[31.4018,40.7151],[31.4077,40.7284],[31.4092,40.7385],[31.4144,40.7481],[31.4158,40.758],[31.4152,40.7628],[31.4247,40.7668],[31.4376,40.7731],[31.4428,40.7788],[31.458,40.7809],[31.4728,40.7821],[31.478,40.7837],[31.5016,40.7937],[31.519,40.8018],[31.5262,40.8025],[31.5456,40.8027],[31.533,40.8612],[31.5383,40.8675],[31.5485,40.8699],[31.5528,40.8699],[31.5672,40.8741],[31.5753,40.8779],[31.5945,40.8849],[31.6035,40.8902],[31.61,40.895],[31.6157,40.9008],[31.6205,40.9085],[31.6369,40.9136],[31.643,40.9208],[31.644,40.9505],[31.6501,40.9555],[31.6535,40.9542],[31.663,40.9551],[31.67,40.9603],[31.6782,40.9618],[31.6798,40.9646],[31.6921,40.97],[31.7007,40.9693],[31.7055,40.9705],[31.7121,40.976],[31.716,40.9757],[31.7176,40.9793],[31.7314,40.9829],[31.7396,40.9841],[31.7503,40.9878],[31.7566,40.9852],[31.7613,40.9804],[31.767,40.9776],[31.7711,40.9772],[31.7764,40.973],[31.7771,40.9679],[31.7807,40.9608],[31.7855,40.965],[31.7877,40.9703],[31.7958,40.9721],[31.8388,40.998],[31.845,40.9988],[31.8505,41.0032],[31.8536,41.0083],[31.885,41.0083],[31.8937,41.007],[31.9013,41.0118],[31.927,41.0119],[31.9436,41.0355],[31.9625,41.0443],[31.9809,41.0463],[32.0067,41.0287],[32.0279,41.0201],[32.0373,41.0192],[32.0437,41.0227],[32.059,41.0126],[32.0839,41.0078],[32.101,41.0076],[32.1137,41.0106],[32.1188,41.0293],[32.157,41.0304],[32.1713,41.0487],[32.2359,41.0303],[32.2755,41.0325],[32.3277,41.0266],[32.3719,41.0084],[32.3567,40.9953],[32.3551,40.9822],[32.3447,40.967],[32.3499,40.957],[32.3519,40.95],[32.3666,40.9485],[32.4009,40.9624],[32.4043,40.9353],[32.4029,40.9267],[32.3905,40.9216],[32.3828,40.9104],[32.3533,40.8986],[32.3261,40.88],[32.331,40.8686],[32.3757,40.859],[32.3869,40.8552],[32.4058,40.8539],[32.4194,40.8537],[32.4351,40.8584],[32.4541,40.8665],[32.4758,40.877],[32.4925,40.8827],[32.505,40.8813],[32.5135,40.8818],[32.5197,40.8792],[32.5221,40.8734],[32.5225,40.8657],[32.5349,40.8466],[32.5523,40.8387],[32.572,40.8254],[32.5958,40.8135],[32.5926,40.8068],[32.5814,40.7782],[32.5692,40.7656],[32.5935,40.7454]]]}},{"type":"Feature","properties":{"name":"Burdur","number":15},"geometry":{"type":"Polygon","coordinates":[[[29.8971,37.7775],[29.9207,37.7878],[29.9351,37.789],[29.9528,37.7937],[29.9641,37.795],[29.9744,37.797],[29.9939,37.8069],[30.012,37.8069],[30.0257,37.8074],[30.0371,37.801],[30.0479,37.7905],[30.0926,37.7992],[30.1178,37.7987],[30.1528,37.7957],[30.1927,37.7842],[30.2192,37.7875],[30.2579,37.7888],[30.2832,37.7948],[30.3003,37.7997],[30.3139,37.8049],[30.3241,37.8102],[30.3176,37.8195],[30.3197,37.8287],[30.3266,37.8363],[30.3387,37.8366],[30.3521,37.8397],[30.3732,37.8462],[30.3808,37.8454],[30.3865,37.8393],[30.4037,37.8317],[30.4229,37.8201],[30.4338,37.8071],[30.4408,37.7944],[30.447,37.7724],[30.4398,37.7552],[30.4413,37.7327],[30.4572,37.7202],[30.4847,37.7013],[30.4979,37.6939],[30.51,37.6907],[30.5382,37.6946],[30.553,37.7069],[30.572,37.7069],[30.5842,37.7048],[30.5841,37.6958],[30.5895,37.6916],[30.6005,37.6909],[30.6175,37.681],[30.6493,37.6716],[30.6577,37.6714],[30.6709,37.6726],[30.6912,37.6711],[30.7112,37.6727],[30.7231,37.6756],[30.7346,37.6737],[30.7407,37.668],[30.7459,37.6574],[30.7538,37.638],[30.7596,37.6213],[30.7639,37.6024],[30.7632,37.5928],[30.7646,37.5835],[30.7714,37.5652],[30.7755,37.558],[30.78,37.5524],[30.7882,37.5388],[30.795,37.5296],[30.8062,37.516],[30.8126,37.5009],[30.8189,37.4932],[30.8223,37.4864],[30.8194,37.4786],[30.825,37.4697],[30.8306,37.4647],[30.8347,37.4592],[30.839,37.4378],[30.8391,37.4318],[30.8628,37.4333],[30.8744,37.4142],[30.884,37.4089],[30.8943,37.4045],[30.9042,37.4031],[30.9089,37.3998],[30.9131,37.3899],[30.9138,37.3724],[30.9116,37.3596],[30.9031,37.3217],[30.8939,37.2986],[30.879,37.2777],[30.8645,37.2628],[30.8513,37.2546],[30.8459,37.2387],[30.8242,37.2403],[30.8172,37.2395],[30.798,37.2323],[30.7905,37.2316],[30.7717,37.2309],[30.7518,37.2375],[30.7421,37.2444],[30.7297,37.2421],[30.715,37.2457],[30.674,37.2511],[30.6072,37.2459],[30.5997,37.2424],[30.5877,37.2425],[30.5764,37.2433],[30.5637,37.2367],[30.5435,37.2366],[30.536,37.2341],[30.5144,37.236],[30.5036,37.2406],[30.4983,37.2409],[30.4785,37.2457],[30.4606,37.2453],[30.4409,37.2354],[30.427,37.2359],[30.416,37.2402],[30.4229,37.256],[30.4195,37.2697],[30.4144,37.2823],[30.3811,37.2899],[30.371,37.2912],[30.3631,37.3019],[30.3548,37.3059],[30.3425,37.3068],[30.3346,37.3094],[30.3236,37.3091],[30.3119,37.3065],[30.2981,37.3011],[30.2885,37.3022],[30.2831,37.3],[30.2685,37.3061],[30.2481,37.3095],[30.2299,37.3107],[30.213,37.3101],[30.2003,37.3184],[30.1722,37.3195],[30.1454,37.3171],[30.1286,37.3087],[30.1149,37.2999],[30.1049,37.2893],[30.0934,37.2636],[30.0773,37.2566],[30.0673,37.2453],[30.0484,37.2406],[30.0188,37.2357],[29.9714,37.2227],[29.9558,37.2158],[29.9174,37.2195],[29.8866,37.2084],[29.8489,37.186],[29.8401,37.1691],[29.8364,37.1465],[29.8338,37.1329],[29.8286,37.1231],[29.8118,37.1069],[29.8123,37.099],[29.8162,37.0898],[29.8286,37.0776],[29.8427,37.0676],[29.8583,37.0598],[29.8716,37.0549],[29.8781,37.0501],[29.8814,37.0439],[29.881,37.039],[29.8761,37.0368],[29.873,37.0309],[29.8656,37.0246],[29.8426,37.017],[29.8343,37.0123],[29.8268,37.007],[29.8095,36.9921],[29.7944,36.9817],[29.7796,36.976],[29.7736,36.9704],[29.7585,36.9634],[29.7465,36.9635],[29.7308,36.9589],[29.6748,36.978],[29.6491,36.9805],[29.6027,36.9689],[29.5928,36.9644],[29.5826,36.9609],[29.5708,36.9532],[29.549,36.9351],[29.5428,36.9278],[29.536,36.9165],[29.5309,36.9058],[29.5294,36.8974],[29.5296,36.8865],[29.528,36.8753],[29.5241,36.8661],[29.5177,36.8557],[29.5086,36.8475],[29.5002,36.8412],[29.4923,36.8387],[29.4757,36.8408],[29.4692,36.836],[29.4644,36.836],[29.453,36.8326],[29.448,36.8293],[29.4428,36.8237],[29.4362,36.8082],[29.4326,36.803],[29.4281,36.7996],[29.4228,36.7982],[29.4121,36.7988],[29.405,36.8006],[29.3952,36.8049],[29.3818,36.8124],[29.3733,36.821],[29.3727,36.8241],[29.3748,36.8293],[29.3731,36.8393],[29.3653,36.8463],[29.3452,36.8555],[29.3359,36.862],[29.3297,36.868],[29.327,36.8728],[29.3256,36.8783],[29.3257,36.8836],[29.3284,36.8899],[29.3398,36.9046],[29.3452,36.9261],[29.3506,36.9372],[29.35,36.9456],[29.3586,36.9567],[29.3713,36.9622],[29.3788,36.9663],[29.3914,36.9818],[29.386,36.9864],[29.3804,36.9862],[29.3726,36.9887],[29.379,36.9944],[29.3788,36.9991],[29.3662,37.0127],[29.3658,37.024],[29.3682,37.0333],[29.3736,37.0403],[29.3701,37.0455],[29.3713,37.0511],[29.3813,37.0619],[29.3827,37.0665],[29.3953,37.0639],[29.4014,37.0653],[29.3993,37.0573],[29.4004,37.0543],[29.4046,37.0499],[29.4134,37.0463],[29.4206,37.0401],[29.4252,37.0384],[29.4295,37.0398],[29.4305,37.0484],[29.4324,37.0562],[29.4318,37.0615],[29.4399,37.0707],[29.44,37.0773],[29.4415,37.0832],[29.4412,37.0908],[29.4319,37.0919],[29.4311,37.0992],[29.4401,37.1084],[29.4381,37.1219],[29.4475,37.124],[29.4434,37.1334],[29.4461,37.1439],[29.4458,37.1561],[29.4514,37.1629],[29.4515,37.1673],[29.4466,37.1688],[29.4461,37.1762],[29.4441,37.1768],[29.4422,37.1829],[29.4385,37.1879],[29.4431,37.1963],[29.446,37.1998],[29.4525,37.2042],[29.4617,37.206],[29.47,37.2178],[29.4712,37.2229],[29.4747,37.2296],[29.482,37.2409],[29.497,37.2541],[29.5022,37.2557],[29.5112,37.276],[29.5242,37.2931],[29.5328,37.2917],[29.5411,37.2885],[29.5561,37.2876],[29.5682,37.2876],[29.577,37.29],[29.5807,37.2921],[29.5809,37.2957],[29.5889,37.3006],[29.5899,37.317],[29.5931,37.3302],[29.601,37.3315],[29.6066,37.3363],[29.6157,37.3418],[29.6182,37.345],[29.6206,37.3539],[29.6204,37.3635],[29.6236,37.3684],[29.624,37.3759],[29.6232,37.3835],[29.6255,37.3903],[29.6243,37.3996],[29.6203,37.4043],[29.6231,37.4117],[29.623,37.4381],[29.6196,37.4419],[29.6121,37.4467],[29.6082,37.448],[29.6016,37.446],[29.5935,37.449],[29.5859,37.449],[29.5796,37.4453],[29.5697,37.4444],[29.5623,37.4404],[29.5528,37.4475],[29.5507,37.4516],[29.5453,37.4577],[29.5363,37.4789],[29.5286,37.4835],[29.5223,37.484],[29.5158,37.4868],[29.5087,37.4931],[29.5042,37.4989],[29.5008,37.5053],[29.5204,37.5088],[29.5319,37.5099],[29.5413,37.5118],[29.54,37.5164],[29.5504,37.5194],[29.5631,37.5241],[29.5785,37.5257],[29.5847,37.528],[29.5866,37.5408],[29.5838,37.5434],[29.5703,37.5614],[29.5717,37.5682],[29.5655,37.5698],[29.5559,37.5663],[29.5444,37.5703],[29.5335,37.5728],[29.5117,37.5821],[29.5065,37.5859],[29.5138,37.5888],[29.5174,37.5935],[29.5209,37.5954],[29.5284,37.5966],[29.5364,37.6],[29.5431,37.6086],[29.551,37.6059],[29.573,37.6096],[29.5835,37.6176],[29.6015,37.6182],[29.6144,37.621],[29.6231,37.6341],[29.6519,37.628],[29.6673,37.6177],[29.6778,37.6153],[29.6847,37.6103],[29.694,37.6103],[29.7102,37.6074],[29.7175,37.6131],[29.7268,37.6188],[29.7307,37.6234],[29.725,37.6298],[29.7159,37.6348],[29.7003,37.6457],[29.6937,37.6469],[29.6832,37.6553],[29.6796,37.6672],[29.6865,37.6776],[29.6865,37.6862],[29.6964,37.7005],[29.7021,37.7078],[29.6946,37.7171],[29.7081,37.7152],[29.7307,37.7095],[29.7427,37.7109],[29.7475,37.7145],[29.7601,37.7071],[29.7643,37.694],[29.7734,37.6959],[29.7866,37.6943],[29.8043,37.6852],[29.8202,37.6855],[29.8314,37.695],[29.8374,37.7062],[29.8455,37.7297],[29.8566,37.7385],[29.8632,37.7411],[29.8662,37.7492],[29.8719,37.7513],[29.8737,37.7568],[29.8882,37.7646],[29.8966,37.7727],[29.8971,37.7775]]]}},{"type":"Feature","properties":{"name":"Bursa","number":16},"geometry":{"type":"MultiPolygon","coordinates":[[[[28.9976,39.5987],[28.9893,39.5938],[28.9873,39.5958],[28.9898,39.599],[28.9868,39.6018],[28.9877,39.6075],[28.9919,39.6074],[28.9922,39.6114],[28.9808,39.608],[28.9772,39.6139],[28.9685,39.6113],[28.9658,39.6156],[28.9553,39.6196],[28.9496,39.6178],[28.9435,39.6188],[28.9407,39.6231],[28.925,39.6194],[28.9197,39.6228],[28.9101,39.6225],[28.9061,39.6206],[28.8969,39.6243],[28.8954,39.6207],[28.8873,39.6175],[28.8783,39.6155],[28.8712,39.6167],[28.8666,39.6129],[28.8616,39.6141],[28.8584,39.6186],[28.8504,39.6192],[28.8447,39.6172],[28.8391,39.6133],[28.8341,39.6167],[28.8258,39.6147],[28.8184,39.6175],[28.8149,39.6172],[28.8083,39.6208],[28.8071,39.6242],[28.8029,39.6251],[28.7973,39.624],[28.7881,39.6303],[28.788,39.6328],[28.7919,39.6375],[28.7889,39.6388],[28.7843,39.6346],[28.7799,39.6356],[28.7823,39.6424],[28.786,39.6401],[28.7888,39.6437],[28.7781,39.648],[28.7696,39.6464],[28.7675,39.6551],[28.7584,39.6547],[28.7581,39.6607],[28.7645,39.6661],[28.7692,39.6732],[28.7806,39.6816],[28.7817,39.6853],[28.7793,39.6963],[28.7613,39.6977],[28.7412,39.6869],[28.7362,39.6881],[28.7315,39.6873],[28.7264,39.6908],[28.7265,39.6942],[28.7312,39.7032],[28.727,39.7103],[28.7284,39.7144],[28.7246,39.7168],[28.7271,39.7215],[28.7242,39.7259],[28.7294,39.732],[28.7253,39.7343],[28.7248,39.7385],[28.7293,39.742],[28.7273,39.7464],[28.7301,39.7547],[28.7348,39.7589],[28.7321,39.7616],[28.7288,39.7583],[28.7254,39.7599],[28.7184,39.7502],[28.6924,39.7624],[28.6694,39.7759],[28.6467,39.7733],[28.6332,39.7709],[28.6069,39.7637],[28.5803,39.7597],[28.5629,39.7524],[28.5468,39.7533],[28.5274,39.7539],[28.5133,39.76],[28.5,39.768],[28.488,39.7775],[28.492,39.7945],[28.4835,39.8095],[28.4511,39.8133],[28.4499,39.8254],[28.4499,39.8485],[28.4357,39.8595],[28.4285,39.8616],[28.4063,39.8566],[28.3765,39.8551],[28.3625,39.8577],[28.3507,39.8627],[28.3384,39.8761],[28.3265,39.8898],[28.316,39.898],[28.2984,39.9043],[28.2875,39.9112],[28.266,39.9289],[28.2544,39.9653],[28.2528,39.9683],[28.238,39.9787],[28.2268,39.9779],[28.2187,39.982],[28.2115,39.9868],[28.2056,39.9936],[28.2004,40.0106],[28.1943,40.0256],[28.1983,40.0347],[28.1886,40.0411],[28.1931,40.0503],[28.1969,40.0599],[28.1919,40.0743],[28.1839,40.0795],[28.159,40.0989],[28.1448,40.1108],[28.1336,40.1269],[28.1129,40.1473],[28.1178,40.1569],[28.1241,40.1646],[28.1283,40.1716],[28.1314,40.1852],[28.1265,40.2009],[28.1205,40.2164],[28.1142,40.226],[28.1075,40.231],[28.1069,40.2484],[28.1103,40.2501],[28.1098,40.2632],[28.1162,40.2619],[28.1258,40.2575],[28.1326,40.259],[28.1619,40.2505],[28.172,40.2532],[28.1754,40.2571],[28.1775,40.2648],[28.1773,40.2841],[28.1757,40.2917],[28.1723,40.2981],[28.1672,40.305],[28.1648,40.3129],[28.1747,40.3223],[28.1832,40.3358],[28.1803,40.356],[28.1756,40.3685],[28.1745,40.3776],[28.1749,40.3869],[28.179,40.3974],[28.1942,40.398],[28.1992,40.3969],[28.2082,40.3981],[28.2233,40.3978],[28.2328,40.4004],[28.2452,40.4018],[28.2476,40.401],[28.2634,40.4014],[28.2961,40.396],[28.315,40.3985],[28.3234,40.3981],[28.3342,40.4014],[28.3443,40.4016],[28.3596,40.3983],[28.3721,40.3992],[28.3777,40.3977],[28.3931,40.3953],[28.4089,40.394],[28.4227,40.3936],[28.457,40.3955],[28.4748,40.3957],[28.4956,40.3951],[28.5151,40.394],[28.5612,40.3789],[28.5771,40.3745],[28.6021,40.369],[28.6147,40.3668],[28.632,40.3645],[28.6377,40.3629],[28.6521,40.3614],[28.6608,40.3611],[28.6706,40.3624],[28.6761,40.3649],[28.6785,40.3681],[28.6755,40.3745],[28.6929,40.3751],[28.6997,40.3773],[28.7107,40.3764],[28.7256,40.379],[28.7273,40.3828],[28.7344,40.3822],[28.7466,40.3879],[28.7541,40.3901],[28.7631,40.391],[28.7713,40.3942],[28.7826,40.3934],[28.7965,40.3942],[28.8023,40.3913],[28.8112,40.3917],[28.8311,40.3834],[28.8366,40.3836],[28.8421,40.3816],[28.8529,40.3811],[28.8593,40.384],[28.8656,40.3854],[28.8722,40.3826],[28.8795,40.3815],[28.8935,40.3711],[28.8978,40.3708],[28.9107,40.3625],[28.9254,40.356],[28.9317,40.3556],[28.9469,40.3565],[28.9517,40.359],[28.965,40.3586],[28.9734,40.3558],[28.9851,40.3563],[28.994,40.3583],[29.0097,40.3602],[29.0195,40.3609],[29.0347,40.3642],[29.0524,40.3624],[29.0587,40.3644],[29.0633,40.3678],[29.0688,40.3753],[29.0702,40.386],[29.0675,40.3888],[29.0761,40.4005],[29.0788,40.4074],[29.0832,40.4132],[29.0881,40.4176],[29.0962,40.4189],[29.102,40.416],[29.1053,40.4171],[29.1173,40.4184],[29.1203,40.4171],[29.124,40.4194],[29.1319,40.4207],[29.1354,40.423],[29.141,40.4218],[29.1459,40.4236],[29.1514,40.4222],[29.1543,40.4237],[29.1545,40.4282],[29.1509,40.4367],[29.1383,40.4415],[29.1323,40.4452],[29.131,40.4478],[29.1232,40.4526],[29.1218,40.4551],[29.1152,40.4567],[29.1066,40.4622],[29.1032,40.4664],[29.0984,40.4679],[29.0936,40.4733],[29.0816,40.4779],[29.0701,40.4769],[29.064,40.4788],[29.0608,40.4773],[29.0549,40.4792],[29.051,40.4783],[29.0408,40.4798],[29.032,40.48],[29.0254,40.4791],[29.0198,40.4754],[29.0164,40.4706],[29.0112,40.4703],[29.0085,40.4762],[29.0056,40.4793],[29.0004,40.4802],[28.995,40.4865],[28.9999,40.4999],[29.0007,40.5142],[29.004,40.5216],[29.0079,40.5448],[29.0158,40.5596],[29.0159,40.5639],[29.019,40.5703],[29.0305,40.5769],[29.0319,40.5797],[29.0399,40.5762],[29.0507,40.5667],[29.0619,40.5616],[29.0666,40.5645],[29.0716,40.5645],[29.0767,40.5724],[29.085,40.5764],[29.0969,40.5779],[29.0998,40.5761],[29.1001,40.5677],[29.1064,40.5709],[29.1168,40.5711],[29.1226,40.5682],[29.1268,40.5686],[29.1324,40.5773],[29.1487,40.576],[29.1577,40.5666],[29.158,40.5628],[29.1529,40.5543],[29.1626,40.548],[29.1669,40.5476],[29.1668,40.5429],[29.1765,40.5368],[29.1854,40.5379],[29.1972,40.5369],[29.2051,40.5345],[29.2057,40.5293],[29.2135,40.5242],[29.2209,40.5243],[29.2291,40.5206],[29.2342,40.522],[29.2374,40.529],[29.2417,40.5321],[29.246,40.533],[29.2537,40.5324],[29.2565,40.536],[29.2701,40.5365],[29.2741,40.5333],[29.2787,40.5361],[29.2886,40.5353],[29.3015,40.53],[29.3044,40.5263],[29.3097,40.5282],[29.3171,40.5277],[29.3189,40.5328],[29.3248,40.5402],[29.329,40.5483],[29.3292,40.5511],[29.333,40.5584],[29.3393,40.5622],[29.3415,40.5656],[29.3475,40.5691],[29.3711,40.5639],[29.3832,40.5606],[29.3882,40.5552],[29.3971,40.5513],[29.4045,40.5517],[29.4102,40.5488],[29.4143,40.5484],[29.423,40.5438],[29.4277,40.5452],[29.438,40.5428],[29.4424,40.5444],[29.4469,40.5419],[29.4505,40.5487],[29.4472,40.5529],[29.4568,40.5555],[29.4572,40.5643],[29.47,40.5679],[29.4818,40.564],[29.4811,40.5612],[29.4843,40.5572],[29.4913,40.5553],[29.4935,40.5464],[29.4972,40.5424],[29.4933,40.5377],[29.495,40.5361],[29.495,40.5305],[29.499,40.5272],[29.5053,40.5308],[29.5146,40.53],[29.5188,40.526],[29.5242,40.5275],[29.5314,40.5326],[29.5411,40.5323],[29.5432,40.5341],[29.5489,40.531],[29.5576,40.5297],[29.5563,40.5376],[29.5612,40.5402],[29.5642,40.5392],[29.5673,40.535],[29.5796,40.5413],[29.5868,40.5396],[29.59,40.5436],[29.5945,40.5452],[29.5986,40.5412],[29.6104,40.5417],[29.6131,40.5447],[29.6207,40.5445],[29.6273,40.547],[29.635,40.5566],[29.6382,40.5546],[29.6433,40.5578],[29.6426,40.5648],[29.6516,40.57],[29.6598,40.5707],[29.665,40.5777],[29.6766,40.5836],[29.6787,40.5868],[29.6844,40.5902],[29.6864,40.5959],[29.6856,40.6007],[29.6826,40.6039],[29.6971,40.6067],[29.6994,40.6113],[29.7148,40.612],[29.7204,40.6105],[29.7262,40.6115],[29.7334,40.6098],[29.7406,40.6065],[29.7566,40.6019],[29.7738,40.5987],[29.7765,40.596],[29.7888,40.5918],[29.7929,40.5914],[29.8013,40.588],[29.8023,40.5865],[29.8194,40.5833],[29.8223,40.5843],[29.8396,40.5834],[29.8466,40.5845],[29.8584,40.5842],[29.8639,40.5831],[29.8746,40.5784],[29.8836,40.5732],[29.8917,40.5727],[29.8958,40.5741],[29.9026,40.5707],[29.9021,40.568],[29.9064,40.5649],[29.9083,40.5594],[29.9053,40.5569],[29.9084,40.5546],[29.9049,40.5521],[29.9033,40.5445],[29.9043,40.5324],[29.9053,40.5301],[29.9012,40.5198],[29.9034,40.5077],[29.8994,40.4999],[29.8865,40.4904],[29.8642,40.4823],[29.8513,40.466],[29.8582,40.453],[29.8802,40.4542],[29.8863,40.4459],[29.8922,40.4327],[29.8908,40.4249],[29.886,40.4155],[29.8612,40.4111],[29.8575,40.4077],[29.8509,40.4052],[29.8441,40.3989],[29.8469,40.3942],[29.8423,40.3871],[29.8249,40.3851],[29.8167,40.3782],[29.7981,40.3698],[29.8259,40.3528],[29.8298,40.3486],[29.8525,40.328],[29.8487,40.3175],[29.8503,40.3153],[29.8454,40.3117],[29.8468,40.3076],[29.845,40.2987],[29.8428,40.292],[29.8395,40.2919],[29.835,40.282],[29.8343,40.2765],[29.8277,40.2665],[29.827,40.2594],[29.8286,40.2433],[29.8199,40.2393],[29.8016,40.2282],[29.797,40.2234],[29.7908,40.2016],[29.7853,40.1951],[29.7775,40.1888],[29.763,40.1831],[29.7369,40.1736],[29.7291,40.1704],[29.7261,40.1645],[29.7247,40.1412],[29.7216,40.1272],[29.7206,40.1185],[29.7227,40.1038],[29.7216,40.0995],[29.7351,40.0705],[29.7541,40.0018],[29.7528,39.9962],[29.7402,39.9868],[29.743,39.9797],[29.7493,39.9741],[29.7599,39.9665],[29.7602,39.9557],[29.7842,39.9413],[29.792,39.9397],[29.7981,39.9319],[29.7596,39.9159],[29.7473,39.9023],[29.7416,39.8855],[29.7496,39.8772],[29.7605,39.8678],[29.6991,39.8658],[29.6468,39.8654],[29.6217,39.8675],[29.6041,39.8677],[29.5781,39.8715],[29.5606,39.8789],[29.5262,39.877],[29.5089,39.8716],[29.4975,39.8606],[29.4831,39.8486],[29.4717,39.8384],[29.4553,39.8308],[29.4238,39.8269],[29.4254,39.8171],[29.4111,39.7997],[29.402,39.7938],[29.3762,39.7903],[29.3641,39.7832],[29.3508,39.7804],[29.3422,39.776],[29.3362,39.778],[29.3251,39.7779],[29.3211,39.7805],[29.3165,39.78],[29.3204,39.7704],[29.3132,39.7641],[29.3028,39.7612],[29.3002,39.7592],[29.2865,39.7577],[29.2644,39.7494],[29.2614,39.7465],[29.2607,39.7376],[29.2738,39.7316],[29.2858,39.7242],[29.2858,39.7148],[29.284,39.7144],[29.279,39.7075],[29.2757,39.698],[29.2655,39.6927],[29.2533,39.6918],[29.2486,39.6907],[29.2413,39.672],[29.2392,39.6592],[29.2362,39.6539],[29.2257,39.6441],[29.2255,39.6404],[29.2228,39.6375],[29.22,39.6288],[29.2093,39.6185],[29.1989,39.6057],[29.1964,39.5993],[29.168,39.5938],[29.1571,39.5935],[29.1486,39.5963],[29.1385,39.5975],[29.125,39.5973],[29.0999,39.5988],[29.0911,39.6017],[29.084,39.6031],[29.0762,39.6021],[29.0682,39.6026],[29.0482,39.6111],[29.0423,39.6121],[29.0222,39.6075],[28.9976,39.5987]]],[[[28.5264,40.5115],[28.522,40.5131],[28.5163,40.5201],[28.5244,40.5349],[28.527,40.5502],[28.5248,40.5603],[28.519,40.5638],[28.5365,40.5673],[28.5543,40.5654],[28.5505,40.5599],[28.5504,40.5569],[28.5427,40.5541],[28.5385,40.5539],[28.5356,40.5491],[28.5391,40.5412],[28.5395,40.5371],[28.5452,40.5263],[28.5432,40.5229],[28.542,40.5163],[28.5264,40.5115]]]]}},{"type":"Feature","properties":{"name":"Çanakkale","number":17},"geometry":{"type":"MultiPolygon","coordinates":[[[[27.517,40.3037],[27.518,40.2957],[27.5154,40.2855],[27.5106,40.271],[27.5073,40.2633],[27.4945,40.2542],[27.4808,40.2453],[27.4592,40.2323],[27.4445,40.2213],[27.4309,40.2047],[27.4133,40.1841],[27.4067,40.174],[27.4028,40.1724],[27.3998,40.1654],[27.3995,40.1568],[27.3872,40.1397],[27.3794,40.1333],[27.4114,40.1387],[27.415,40.1368],[27.425,40.1351],[27.4306,40.1357],[27.4436,40.139],[27.4545,40.1396],[27.4586,40.1382],[27.4692,40.1326],[27.4823,40.1287],[27.5003,40.1282],[27.5036,40.1262],[27.5042,40.1224],[27.5028,40.114],[27.497,40.0998],[27.4911,40.0904],[27.482,40.0696],[27.48,40.0573],[27.48,40.044],[27.4792,40.0354],[27.4753,40.029],[27.4575,40.0107],[27.4478,39.9948],[27.4478,39.9912],[27.4506,39.9843],[27.457,39.9799],[27.4776,39.9738],[27.4886,39.9727],[27.5003,39.9743],[27.5168,39.9777],[27.5169,39.9658],[27.5196,39.9557],[27.537,39.9409],[27.5487,39.9259],[27.5456,39.9113],[27.5326,39.8999],[27.5097,39.891],[27.4967,39.8815],[27.4895,39.8708],[27.4901,39.8642],[27.4834,39.8513],[27.4763,39.8311],[27.4761,39.8127],[27.4796,39.7981],[27.4764,39.7846],[27.4667,39.7652],[27.4536,39.7517],[27.4111,39.7596],[27.3834,39.7455],[27.3787,39.7211],[27.3725,39.7111],[27.3596,39.7068],[27.3523,39.7055],[27.3472,39.699],[27.3313,39.6911],[27.3142,39.6782],[27.2971,39.6869],[27.2559,39.6818],[27.2024,39.6841],[27.1816,39.6946],[27.1386,39.7306],[27.1122,39.7471],[27.0863,39.7563],[27.061,39.7608],[27.0284,39.7614],[26.9928,39.7682],[26.9728,39.773],[26.9484,39.7867],[26.9233,39.779],[26.8761,39.7739],[26.8411,39.7709],[26.783,39.7573],[26.752,39.7466],[26.7271,39.7355],[26.7082,39.7218],[26.6981,39.7159],[26.6922,39.7108],[26.6808,39.7061],[26.6778,39.7039],[26.6733,39.6886],[26.6725,39.68],[26.6529,39.6626],[26.659,39.6534],[26.6592,39.6442],[26.6578,39.6403],[26.6568,39.622],[26.6584,39.6184],[26.6578,39.6141],[26.6539,39.6122],[26.6547,39.6094],[26.6592,39.6085],[26.6625,39.6056],[26.6616,39.6],[26.6541,39.5925],[26.6517,39.5824],[26.6494,39.5781],[26.6526,39.5755],[26.6519,39.5685],[26.6561,39.5634],[26.6564,39.5532],[26.6587,39.5523],[26.6459,39.5552],[26.6327,39.5551],[26.6225,39.5513],[26.6171,39.5472],[26.6078,39.5444],[26.6009,39.5461],[26.5936,39.5449],[26.5866,39.5401],[26.5764,39.5398],[26.5595,39.5354],[26.5574,39.5356],[26.5477,39.531],[26.5379,39.5333],[26.5218,39.5323],[26.5107,39.5275],[26.5053,39.5264],[26.4965,39.5281],[26.4905,39.5282],[26.4762,39.5251],[26.4729,39.5224],[26.4611,39.5217],[26.4545,39.5183],[26.4469,39.5183],[26.4409,39.5164],[26.4372,39.5132],[26.4283,39.5099],[26.4203,39.5054],[26.4175,39.5014],[26.4134,39.5024],[26.4007,39.5012],[26.3925,39.4977],[26.3856,39.4981],[26.3775,39.4967],[26.373,39.4938],[26.3669,39.4814],[26.3601,39.484],[26.3552,39.4876],[26.3452,39.4878],[26.3364,39.4855],[26.33,39.4822],[26.3241,39.4813],[26.3109,39.4841],[26.3023,39.4851],[26.2934,39.4846],[26.2887,39.486],[26.2737,39.4829],[26.2648,39.4833],[26.2618,39.4806],[26.2546,39.479],[26.2492,39.4741],[26.2415,39.4642],[26.2355,39.4662],[26.2364,39.4683],[26.2332,39.4728],[26.2299,39.4746],[26.2219,39.4738],[26.2113,39.4699],[26.2081,39.464],[26.2053,39.4625],[26.1975,39.4616],[26.1846,39.4614],[26.1749,39.4599],[26.1631,39.4598],[26.1555,39.4577],[26.1475,39.4586],[26.1428,39.4544],[26.1318,39.4533],[26.1248,39.4559],[26.1164,39.4554],[26.1117,39.4594],[26.106,39.4622],[26.0854,39.4677],[26.0821,39.4674],[26.0735,39.4721],[26.0634,39.4798],[26.0658,39.4864],[26.0656,39.4897],[26.0693,39.4947],[26.0714,39.5044],[26.0817,39.5091],[26.0846,39.5151],[26.0808,39.5217],[26.0885,39.5279],[26.0925,39.5418],[26.0913,39.5472],[26.0927,39.5519],[26.0975,39.5613],[26.0966,39.5625],[26.1016,39.5677],[26.1018,39.5734],[26.1039,39.5789],[26.1042,39.5845],[26.1063,39.5872],[26.1149,39.5913],[26.121,39.5964],[26.1323,39.6021],[26.1381,39.607],[26.1423,39.6125],[26.1499,39.6257],[26.1515,39.6316],[26.1571,39.6419],[26.1606,39.6565],[26.1633,39.6594],[26.1624,39.67],[26.1627,39.6781],[26.1646,39.6815],[26.1615,39.6893],[26.1613,39.6943],[26.1572,39.7147],[26.1586,39.7205],[26.1523,39.7295],[26.1518,39.7354],[26.1452,39.7428],[26.1422,39.7492],[26.1433,39.7512],[26.1391,39.7584],[26.1496,39.7643],[26.1568,39.7726],[26.1576,39.7786],[26.1564,39.7905],[26.1543,39.7941],[26.1571,39.8026],[26.1563,39.8047],[26.162,39.8083],[26.1633,39.8107],[26.1632,39.8215],[26.1613,39.8248],[26.155,39.8298],[26.1455,39.8359],[26.1352,39.8414],[26.1419,39.8434],[26.1439,39.8465],[26.1432,39.8504],[26.1471,39.8568],[26.1435,39.8612],[26.1448,39.8667],[26.1501,39.8694],[26.1554,39.8766],[26.1542,39.8784],[26.1592,39.8836],[26.1588,39.8897],[26.161,39.8945],[26.1573,39.9013],[26.1519,39.9059],[26.1501,39.9094],[26.1514,39.9156],[26.1552,39.9188],[26.1589,39.9265],[26.1629,39.9378],[26.1625,39.9413],[26.1659,39.9517],[26.1665,39.9612],[26.1714,39.9684],[26.1783,39.9901],[26.1826,39.9934],[26.1869,40.0001],[26.1948,40.0045],[26.1985,40.0086],[26.2018,40.0088],[26.2112,40.0063],[26.2286,40.0033],[26.2381,39.9989],[26.2423,40.0009],[26.2493,39.9984],[26.258,40.0014],[26.262,40],[26.2728,40.0011],[26.28,40.0048],[26.2867,40.0042],[26.2928,40.0082],[26.2953,40.0116],[26.2999,40.014],[26.3086,40.0154],[26.3116,40.017],[26.32,40.0169],[26.3272,40.0225],[26.3291,40.0259],[26.3343,40.0284],[26.3376,40.0347],[26.3382,40.0429],[26.349,40.0471],[26.349,40.0506],[26.3563,40.0571],[26.3565,40.0675],[26.3586,40.0706],[26.3582,40.0749],[26.3658,40.0827],[26.3619,40.0925],[26.3649,40.0983],[26.3707,40.1044],[26.3763,40.103],[26.379,40.104],[26.3871,40.102],[26.3972,40.1045],[26.4007,40.1101],[26.4082,40.116],[26.4097,40.1183],[26.4077,40.1286],[26.4053,40.1331],[26.4009,40.1378],[26.3975,40.1433],[26.3988,40.1486],[26.4071,40.1533],[26.4084,40.1588],[26.4034,40.1631],[26.4046,40.1667],[26.402,40.176],[26.4051,40.1765],[26.4071,40.1848],[26.4055,40.1876],[26.4087,40.1901],[26.4061,40.1975],[26.4166,40.1999],[26.4251,40.1957],[26.4296,40.1945],[26.4347,40.1953],[26.4421,40.1936],[26.4494,40.194],[26.4535,40.1986],[26.4618,40.197],[26.4678,40.1972],[26.4735,40.2022],[26.4815,40.1999],[26.5005,40.2108],[26.5139,40.2148],[26.5152,40.217],[26.5246,40.2172],[26.5309,40.2273],[26.5366,40.2321],[26.5416,40.2341],[26.5421,40.2412],[26.545,40.2427],[26.5482,40.2508],[26.5508,40.2539],[26.5586,40.2568],[26.5565,40.263],[26.5633,40.2651],[26.563,40.2682],[26.5688,40.2769],[26.5757,40.2807],[26.5808,40.2813],[26.5893,40.2841],[26.6022,40.2815],[26.6071,40.2814],[26.6106,40.2876],[26.6144,40.2902],[26.6179,40.2953],[26.625,40.2966],[26.6296,40.305],[26.6338,40.3059],[26.6386,40.3165],[26.6436,40.3188],[26.6537,40.3293],[26.6599,40.3311],[26.665,40.3373],[26.6702,40.3384],[26.6799,40.3467],[26.689,40.3494],[26.693,40.354],[26.6894,40.3613],[26.6902,40.3655],[26.7009,40.3688],[26.7125,40.3768],[26.7147,40.3806],[26.719,40.3805],[26.7204,40.3834],[26.7353,40.3889],[26.7334,40.3928],[26.752,40.4025],[26.7578,40.4039],[26.7634,40.4022],[26.7688,40.4027],[26.7769,40.4058],[26.7886,40.4045],[26.8056,40.3984],[26.8139,40.3974],[26.8186,40.3955],[26.8229,40.396],[26.8263,40.3987],[26.8326,40.3984],[26.84,40.4006],[26.8446,40.3991],[26.8526,40.3988],[26.868,40.3963],[26.8736,40.3978],[26.8845,40.396],[26.8928,40.3978],[26.9058,40.4051],[26.9131,40.4054],[26.9229,40.3971],[26.9329,40.3903],[26.9385,40.3876],[26.9524,40.3838],[26.9593,40.3832],[26.9666,40.3853],[26.9804,40.3861],[26.9915,40.384],[26.9935,40.3874],[26.9995,40.3866],[27.0096,40.3894],[27.017,40.3902],[27.0335,40.3898],[27.0415,40.3935],[27.0422,40.3984],[27.0482,40.404],[27.0522,40.4056],[27.0553,40.4104],[27.0629,40.4138],[27.0667,40.4217],[27.0615,40.4291],[27.0735,40.4269],[27.0787,40.4302],[27.0785,40.4351],[27.0852,40.4359],[27.0899,40.4395],[27.0903,40.4421],[27.096,40.4433],[27.1054,40.4421],[27.1135,40.4442],[27.1239,40.4494],[27.1246,40.451],[27.1373,40.4486],[27.1429,40.4501],[27.1491,40.4482],[27.1552,40.4519],[27.1619,40.4465],[27.1676,40.4433],[27.1729,40.4421],[27.1848,40.4356],[27.1912,40.4329],[27.198,40.4348],[27.2056,40.4346],[27.2096,40.4391],[27.2112,40.4431],[27.2224,40.4459],[27.2244,40.4479],[27.2311,40.4481],[27.2362,40.4518],[27.255,40.4587],[27.2589,40.458],[27.2628,40.4609],[27.2695,40.4634],[27.2701,40.4675],[27.2749,40.4723],[27.2859,40.475],[27.288,40.4666],[27.2907,40.4661],[27.2932,40.4604],[27.2974,40.4585],[27.2987,40.455],[27.3052,40.4529],[27.3067,40.4499],[27.3155,40.4457],[27.3186,40.439],[27.3204,40.4236],[27.327,40.4224],[27.3298,40.4192],[27.3257,40.4168],[27.3263,40.4141],[27.3321,40.4122],[27.3236,40.4087],[27.3145,40.4092],[27.309,40.4032],[27.3044,40.4],[27.3077,40.391],[27.3126,40.3835],[27.3225,40.374],[27.327,40.3709],[27.3426,40.3625],[27.3535,40.3574],[27.3802,40.3459],[27.4317,40.3251],[27.4502,40.3189],[27.4614,40.3157],[27.4919,40.3079],[27.517,40.3037]]],[[[26.0706,39.8397],[26.0775,39.8227],[26.074,39.8211],[26.0753,39.8169],[26.0735,39.8131],[26.0774,39.808],[26.0775,39.8039],[26.0815,39.8001],[26.0805,39.7977],[26.0733,39.7933],[26.0576,39.7895],[26.0533,39.7873],[26.0495,39.7897],[26.0489,39.7936],[26.0461,39.7964],[26.0365,39.7989],[26.0318,39.8019],[26.0247,39.8041],[26.0213,39.8081],[26.0157,39.8087],[26.0063,39.8129],[26.0023,39.8178],[25.9908,39.8221],[25.9852,39.8189],[25.9749,39.822],[25.9701,39.8255],[25.9674,39.8327],[25.9624,39.8387],[25.9736,39.8394],[25.9809,39.8414],[25.9897,39.8409],[25.9941,39.8415],[25.998,39.8447],[26.0139,39.8439],[26.0155,39.8449],[26.0315,39.8432],[26.038,39.8415],[26.0415,39.8443],[26.0514,39.8468],[26.0553,39.8461],[26.0598,39.8419],[26.0706,39.8397]]],[[[26.0583,39.9358],[26.0604,39.9403],[26.0745,39.9362],[26.0724,39.9328],[26.0686,39.9316],[26.0583,39.9358]]],[[[26.7255,40.6425],[26.7268,40.6459],[26.7252,40.6544],[26.7359,40.6594],[26.728,40.6619],[26.7246,40.6681],[26.7196,40.672],[26.7205,40.6743],[26.7336,40.6789],[26.7357,40.6842],[26.7197,40.6887],[26.7079,40.6856],[26.708,40.6898],[26.7125,40.6961],[26.7127,40.7024],[26.7224,40.7011],[26.7286,40.7104],[26.7369,40.7071],[26.7533,40.712],[26.7623,40.7086],[26.7671,40.711],[26.7705,40.7089],[26.7797,40.7124],[26.7888,40.7106],[26.7924,40.7145],[26.7977,40.7241],[26.8049,40.7266],[26.8086,40.7281],[26.812,40.7233],[26.8176,40.7249],[26.8239,40.723],[26.8283,40.7255],[26.8313,40.7244],[26.8387,40.7256],[26.8414,40.7246],[26.8563,40.7292],[26.8549,40.7369],[26.8576,40.7422],[26.86,40.7431],[26.8753,40.7452],[26.8887,40.7499],[26.9035,40.7491],[26.9072,40.754],[26.9129,40.7519],[26.9229,40.7553],[26.9302,40.7509],[26.9344,40.7536],[26.9556,40.7581],[26.9613,40.762],[26.9677,40.7607],[26.9804,40.7506],[26.9864,40.7523],[26.9932,40.7523],[27.0102,40.7505],[27.0202,40.7528],[27.0252,40.7489],[27.0334,40.7492],[27.0406,40.7454],[27.048,40.7476],[27.0499,40.7449],[27.0418,40.74],[27.0422,40.7332],[27.0355,40.7331],[27.0351,40.7284],[27.0394,40.7268],[27.0396,40.7228],[27.0329,40.7192],[27.0341,40.7129],[27.0295,40.7063],[27.0305,40.7002],[27.0228,40.702],[27.0241,40.6918],[27.0145,40.6839],[27.0092,40.687],[27.0058,40.6812],[26.9987,40.6826],[26.9906,40.6765],[26.9883,40.6765],[26.9819,40.6804],[26.9778,40.6739],[26.9692,40.6714],[26.9666,40.6697],[26.9615,40.6621],[26.9593,40.661],[26.9516,40.6616],[26.9485,40.6587],[26.9489,40.6546],[26.9426,40.653],[26.9441,40.6483],[26.935,40.6414],[26.9267,40.6408],[26.9146,40.6452],[26.9135,40.6404],[26.9194,40.6326],[26.9113,40.6266],[26.918,40.6198],[26.9193,40.616],[26.9138,40.611],[26.9152,40.6062],[26.9033,40.5898],[26.9046,40.5852],[26.9114,40.5749],[26.9096,40.5685],[26.9118,40.5614],[26.9076,40.5516],[26.9086,40.5452],[26.9071,40.5383],[26.9003,40.5365],[26.8882,40.5312],[26.8851,40.528],[26.8773,40.5242],[26.8539,40.511],[26.8513,40.5111],[26.8388,40.507],[26.8347,40.505],[26.827,40.5033],[26.8203,40.4994],[26.8045,40.4965],[26.791,40.4926],[26.7773,40.4859],[26.7567,40.4819],[26.7403,40.4773],[26.7324,40.473],[26.7251,40.4634],[26.7126,40.456],[26.7059,40.4562],[26.6945,40.4509],[26.6925,40.4466],[26.6936,40.4375],[26.6984,40.4195],[26.6871,40.4193],[26.68,40.4164],[26.68,40.4111],[26.6828,40.4103],[26.6752,40.4037],[26.6684,40.4063],[26.6589,40.4076],[26.6512,40.4041],[26.6433,40.4042],[26.6403,40.4021],[26.6387,40.3974],[26.6386,40.3904],[26.6338,40.3908],[26.6304,40.3864],[26.6263,40.3852],[26.6266,40.3793],[26.6313,40.3639],[26.6265,40.3565],[26.6133,40.3439],[26.6089,40.3415],[26.6,40.3325],[26.5928,40.3278],[26.5936,40.3242],[26.585,40.3192],[26.5784,40.3206],[26.5737,40.3197],[26.5674,40.3079],[26.5612,40.305],[26.554,40.3051],[26.5488,40.2999],[26.5444,40.2997],[26.5351,40.2959],[26.5291,40.2957],[26.5235,40.2927],[26.5185,40.2932],[26.509,40.2882],[26.5042,40.283],[26.4945,40.2788],[26.4922,40.2763],[26.4939,40.2701],[26.4882,40.2625],[26.4813,40.2589],[26.4793,40.2549],[26.4732,40.2526],[26.4691,40.2474],[26.447,40.2345],[26.4342,40.2301],[26.4283,40.2299],[26.4256,40.2232],[26.4232,40.2209],[26.4057,40.217],[26.4008,40.2171],[26.3905,40.2135],[26.3866,40.2098],[26.3806,40.2088],[26.375,40.2037],[26.368,40.2027],[26.3634,40.2052],[26.3578,40.2025],[26.3583,40.1991],[26.3614,40.1953],[26.3581,40.1913],[26.362,40.1789],[26.3666,40.1729],[26.3715,40.1687],[26.3724,40.1654],[26.3773,40.1568],[26.3777,40.1518],[26.3803,40.1485],[26.3812,40.144],[26.3701,40.1387],[26.3636,40.1345],[26.3559,40.1321],[26.3503,40.1272],[26.346,40.1254],[26.3451,40.1215],[26.3406,40.1186],[26.3359,40.1132],[26.3283,40.1063],[26.3125,40.1004],[26.3093,40.0931],[26.2955,40.0849],[26.2859,40.0826],[26.2739,40.0779],[26.2666,40.0742],[26.2623,40.0733],[26.2492,40.0681],[26.2478,40.0652],[26.2391,40.061],[26.2329,40.0605],[26.2253,40.0509],[26.2178,40.0487],[26.2141,40.0519],[26.2058,40.0534],[26.2003,40.0514],[26.1937,40.0439],[26.1886,40.041],[26.1819,40.0441],[26.1752,40.043],[26.171,40.0461],[26.1666,40.0514],[26.1675,40.0551],[26.1719,40.0577],[26.1769,40.063],[26.182,40.0699],[26.1871,40.081],[26.1912,40.0857],[26.2059,40.0988],[26.2111,40.1064],[26.2126,40.1164],[26.222,40.1275],[26.2243,40.133],[26.2306,40.1421],[26.231,40.1443],[26.2376,40.1565],[26.2465,40.1624],[26.2523,40.1698],[26.2533,40.174],[26.2586,40.1776],[26.2613,40.1833],[26.2708,40.1935],[26.2712,40.2009],[26.268,40.2071],[26.2721,40.2083],[26.2783,40.2153],[26.2788,40.223],[26.2759,40.2323],[26.2769,40.2394],[26.2813,40.2416],[26.2811,40.2497],[26.2743,40.2593],[26.263,40.2699],[26.2486,40.2795],[26.232,40.2883],[26.241,40.2935],[26.2423,40.298],[26.2469,40.3001],[26.2475,40.3043],[26.244,40.3112],[26.2386,40.3158],[26.2327,40.3176],[26.2244,40.3165],[26.2199,40.3195],[26.2339,40.3269],[26.2375,40.3306],[26.2486,40.3349],[26.257,40.3427],[26.2673,40.3473],[26.2711,40.3466],[26.2838,40.3483],[26.2961,40.3525],[26.301,40.3593],[26.3117,40.3666],[26.3194,40.3684],[26.3211,40.3646],[26.3249,40.3623],[26.3316,40.3635],[26.3344,40.3657],[26.3378,40.3731],[26.341,40.374],[26.3456,40.3782],[26.3626,40.3846],[26.364,40.3903],[26.3691,40.3931],[26.3742,40.3941],[26.3786,40.3973],[26.386,40.3988],[26.3955,40.4051],[26.3972,40.4094],[26.4039,40.4114],[26.4107,40.4104],[26.4149,40.4138],[26.426,40.4199],[26.4295,40.4249],[26.4341,40.4266],[26.4359,40.4307],[26.4428,40.4337],[26.456,40.441],[26.4602,40.4409],[26.4921,40.4469],[26.5004,40.4509],[26.5021,40.4538],[26.5106,40.4559],[26.5122,40.4585],[26.5176,40.4599],[26.5279,40.4642],[26.5291,40.4668],[26.5432,40.4744],[26.5492,40.4796],[26.5588,40.4814],[26.5629,40.4807],[26.5737,40.4871],[26.5757,40.4898],[26.5829,40.4917],[26.5893,40.4966],[26.5991,40.4993],[26.6071,40.5029],[26.6141,40.5034],[26.6221,40.5057],[26.6254,40.5081],[26.6366,40.5087],[26.6442,40.5065],[26.6523,40.5074],[26.6591,40.5063],[26.6679,40.5081],[26.692,40.5088],[26.7042,40.5104],[26.7081,40.5124],[26.7107,40.5162],[26.7163,40.5334],[26.7189,40.5376],[26.7238,40.5418],[26.733,40.5445],[26.7365,40.5509],[26.741,40.5537],[26.7465,40.5482],[26.7516,40.5454],[26.7583,40.5458],[26.7669,40.5447],[26.7745,40.5471],[26.7854,40.5518],[26.7954,40.5549],[26.8015,40.5586],[26.8048,40.5622],[26.8128,40.5665],[26.8188,40.5718],[26.8357,40.5817],[26.8386,40.5866],[26.8391,40.5906],[26.8356,40.6055],[26.8317,40.6182],[26.8282,40.626],[26.8224,40.6353],[26.8209,40.6422],[26.8163,40.6484],[26.8094,40.6488],[26.8064,40.654],[26.7962,40.6568],[26.778,40.6564],[26.7722,40.6556],[26.7528,40.6509],[26.7436,40.6439],[26.7385,40.6437],[26.7311,40.6452],[26.7255,40.6425]]],[[[25.7371,40.1867],[25.7424,40.1896],[25.7496,40.1911],[25.757,40.1968],[25.7663,40.1993],[25.7727,40.2034],[25.7888,40.2107],[25.8027,40.2113],[25.8077,40.2128],[25.8153,40.2122],[25.8243,40.2141],[25.8301,40.2123],[25.8458,40.2121],[25.85,40.2177],[25.8644,40.2214],[25.8726,40.2277],[25.8856,40.2312],[25.892,40.2298],[25.8938,40.2334],[25.901,40.2364],[25.9141,40.2352],[25.9242,40.2402],[25.9311,40.24],[25.9335,40.2382],[25.9411,40.2365],[25.9448,40.2405],[25.9487,40.2365],[25.9452,40.2316],[25.9533,40.2226],[25.9589,40.224],[25.962,40.2219],[25.9668,40.2226],[25.9756,40.2157],[25.973,40.2104],[25.9738,40.1995],[25.976,40.1977],[25.9746,40.1934],[25.975,40.1887],[25.9722,40.1842],[25.9681,40.1811],[25.9733,40.1754],[25.9728,40.1712],[25.9664,40.1673],[25.9644,40.1643],[25.9659,40.1614],[25.9643,40.1573],[25.9689,40.1553],[25.9654,40.1514],[25.9697,40.1469],[25.9771,40.1444],[25.9838,40.1435],[25.9899,40.1455],[25.992,40.1534],[26.001,40.1533],[26.0075,40.1554],[26.0084,40.1608],[26.0121,40.1605],[26.0145,40.1557],[26.0143,40.148],[26.008,40.1436],[25.998,40.1391],[25.9953,40.1332],[25.992,40.1322],[25.9826,40.132],[25.9756,40.1297],[25.9727,40.1254],[25.9693,40.1264],[25.9633,40.1241],[25.9549,40.1252],[25.9402,40.1283],[25.93,40.1262],[25.9255,40.1241],[25.9172,40.1233],[25.9135,40.1204],[25.9052,40.1206],[25.8981,40.1188],[25.8935,40.1159],[25.8803,40.1145],[25.8722,40.1103],[25.8691,40.1109],[25.8561,40.1077],[25.8526,40.1038],[25.8401,40.1014],[25.8382,40.1],[25.8183,40.1029],[25.8004,40.1047],[25.7954,40.1028],[25.7923,40.0963],[25.7817,40.0997],[25.7749,40.0977],[25.7682,40.1001],[25.7616,40.1],[25.7567,40.0969],[25.751,40.0971],[25.7464,40.0956],[25.7425,40.0924],[25.7385,40.0914],[25.7358,40.0936],[25.7309,40.0936],[25.7261,40.1053],[25.7236,40.1077],[25.708,40.113],[25.7074,40.1154],[25.7023,40.1177],[25.6739,40.1239],[25.6666,40.1269],[25.67,40.1417],[25.6678,40.1475],[25.6712,40.1534],[25.6793,40.157],[25.6835,40.1573],[25.6905,40.1602],[25.6994,40.1675],[25.6998,40.1696],[25.7049,40.1727],[25.7159,40.1767],[25.7208,40.1812],[25.7371,40.1867]]],[[[26.7322,40.6163],[26.7408,40.6176],[26.7386,40.6126],[26.7322,40.6163]]]]}},{"type":"Feature","properties":{"name":"Çankırı","number":18},"geometry":{"type":"Polygon","coordinates":[[[33.6468,40.2956],[33.6292,40.3038],[33.6216,40.3039],[33.6213,40.3059],[33.611,40.3149],[33.6031,40.3187],[33.6031,40.323],[33.6001,40.327],[33.5948,40.3205],[33.5922,40.3255],[33.5859,40.3301],[33.5648,40.3314],[33.5579,40.3406],[33.5565,40.3448],[33.5513,40.3441],[33.5503,40.3409],[33.5547,40.3386],[33.5486,40.3333],[33.5471,40.3293],[33.5382,40.3293],[33.532,40.325],[33.528,40.3252],[33.5271,40.3211],[33.5206,40.3209],[33.517,40.3229],[33.5153,40.3166],[33.5091,40.3195],[33.5068,40.317],[33.4936,40.3164],[33.4874,40.3185],[33.4834,40.3153],[33.4783,40.3198],[33.4821,40.321],[33.4826,40.3295],[33.4809,40.3345],[33.4858,40.3337],[33.4886,40.337],[33.4824,40.3385],[33.4745,40.3365],[33.4656,40.3369],[33.4576,40.3408],[33.4504,40.3429],[33.4511,40.3456],[33.4475,40.3482],[33.4391,40.3494],[33.4355,40.3518],[33.4273,40.3552],[33.4288,40.3605],[33.4353,40.3658],[33.4353,40.3703],[33.4329,40.376],[33.4256,40.3757],[33.4244,40.3822],[33.4202,40.3845],[33.4177,40.3897],[33.4143,40.3878],[33.4153,40.3829],[33.4128,40.3772],[33.4021,40.3749],[33.3957,40.3792],[33.399,40.3815],[33.4004,40.3851],[33.3929,40.3915],[33.387,40.3896],[33.3838,40.3909],[33.3784,40.3875],[33.3656,40.3938],[33.3644,40.3895],[33.3612,40.3887],[33.3557,40.3917],[33.3537,40.3959],[33.3494,40.3951],[33.3473,40.3989],[33.3408,40.3985],[33.3384,40.4015],[33.33,40.4049],[33.3218,40.406],[33.3189,40.4083],[33.3131,40.4074],[33.315,40.4003],[33.313,40.3927],[33.3143,40.3879],[33.3142,40.3822],[33.3182,40.377],[33.3171,40.3751],[33.3227,40.3727],[33.3205,40.3704],[33.3271,40.3611],[33.3321,40.3595],[33.3421,40.3585],[33.3457,40.3502],[33.3391,40.3439],[33.3362,40.3382],[33.3382,40.3322],[33.3245,40.3324],[33.318,40.3384],[33.3102,40.3348],[33.3007,40.3357],[33.2965,40.3348],[33.2995,40.3281],[33.2856,40.3257],[33.2815,40.3227],[33.2711,40.3197],[33.265,40.3187],[33.2649,40.3217],[33.2596,40.3246],[33.2566,40.3299],[33.2461,40.3344],[33.2403,40.3395],[33.2414,40.3443],[33.2343,40.3463],[33.2404,40.3499],[33.2369,40.3577],[33.234,40.3591],[33.2188,40.3616],[33.2106,40.3732],[33.2063,40.3758],[33.2044,40.38],[33.206,40.3824],[33.2142,40.3842],[33.2154,40.3868],[33.2119,40.3902],[33.2115,40.3952],[33.213,40.4074],[33.2098,40.4135],[33.1997,40.4125],[33.1941,40.419],[33.1889,40.4204],[33.1832,40.4249],[33.1795,40.4253],[33.1792,40.43],[33.1696,40.4373],[33.167,40.4414],[33.1643,40.4486],[33.156,40.4537],[33.1518,40.4605],[33.1539,40.4622],[33.1473,40.4674],[33.1438,40.4645],[33.139,40.4656],[33.1369,40.4623],[33.1316,40.4643],[33.1398,40.4702],[33.1284,40.4789],[33.129,40.4889],[33.1258,40.4904],[33.1172,40.4914],[33.1094,40.4848],[33.1074,40.4784],[33.1035,40.4775],[33.0946,40.4841],[33.0842,40.4756],[33.0748,40.4723],[33.0629,40.4715],[33.0519,40.4689],[33.0434,40.4678],[33.0376,40.4711],[33.0363,40.4737],[33.0367,40.4804],[33.0288,40.4866],[33.0089,40.499],[33.015,40.5017],[33.0149,40.5036],[33.0042,40.5161],[32.999,40.5199],[32.9889,40.5299],[32.9848,40.5317],[32.9793,40.5372],[32.9698,40.5347],[32.9652,40.5375],[32.9631,40.5439],[32.9579,40.5417],[32.9422,40.5332],[32.944,40.5267],[32.9345,40.522],[32.9289,40.5204],[32.9228,40.5235],[32.9196,40.5171],[32.9059,40.5141],[32.9029,40.5167],[32.8963,40.5139],[32.8922,40.5141],[32.8902,40.5172],[32.8816,40.5163],[32.88,40.5211],[32.883,40.5242],[32.881,40.5342],[32.8785,40.537],[32.8787,40.5454],[32.8775,40.5477],[32.8798,40.5592],[32.8882,40.5602],[32.8954,40.5625],[32.905,40.5698],[32.9151,40.5745],[32.9089,40.5775],[32.9014,40.578],[32.8997,40.5804],[32.9014,40.5839],[32.9077,40.5851],[32.9158,40.584],[32.9188,40.5863],[32.9156,40.5941],[32.9117,40.5962],[32.9107,40.5909],[32.9023,40.5923],[32.8997,40.5967],[32.8832,40.5996],[32.8858,40.6062],[32.8887,40.6082],[32.8893,40.6148],[32.8914,40.6234],[32.8953,40.6276],[32.8952,40.6379],[32.892,40.6431],[32.874,40.6396],[32.8696,40.6403],[32.8659,40.6429],[32.8438,40.6498],[32.8196,40.6567],[32.8102,40.6583],[32.7936,40.6592],[32.7896,40.6613],[32.7793,40.6604],[32.7748,40.6651],[32.7677,40.6704],[32.7598,40.6748],[32.7532,40.6772],[32.7447,40.6832],[32.7375,40.6836],[32.7351,40.6894],[32.7304,40.692],[32.7246,40.6928],[32.7169,40.6976],[32.7135,40.7037],[32.7085,40.7043],[32.7075,40.7075],[32.7097,40.71],[32.7078,40.7166],[32.7108,40.721],[32.7059,40.7311],[32.7023,40.7337],[32.6995,40.7408],[32.6918,40.7456],[32.6774,40.7514],[32.667,40.7539],[32.6656,40.7518],[32.6601,40.751],[32.6556,40.7465],[32.6211,40.7467],[32.6206,40.7439],[32.6109,40.7396],[32.6064,40.7425],[32.5971,40.7433],[32.5935,40.7454],[32.5692,40.7656],[32.5814,40.7782],[32.5926,40.8068],[32.5958,40.8135],[32.572,40.8254],[32.5908,40.8307],[32.6219,40.842],[32.6605,40.8523],[32.6761,40.8557],[32.7334,40.8733],[32.7501,40.8771],[32.7569,40.9004],[32.7735,40.9156],[32.7783,40.9263],[32.7825,40.9311],[32.7839,40.9462],[32.7862,40.9531],[32.7965,40.9565],[32.799,40.9523],[32.8059,40.9542],[32.8118,40.9544],[32.8184,40.9532],[32.8244,40.9543],[32.8339,40.9644],[32.8489,40.9532],[32.8614,40.9504],[32.8928,40.9482],[32.9328,40.9568],[32.9723,40.9634],[32.9981,40.9707],[32.9991,40.984],[33.0225,40.9923],[33.0369,40.9908],[33.0528,40.9921],[33.0469,40.9939],[33.0448,40.9976],[33.0447,41.0092],[33.0457,41.0172],[33.0401,41.0269],[33.0404,41.0339],[33.0455,41.04],[33.0635,41.045],[33.0702,41.0514],[33.0708,41.0599],[33.0739,41.0627],[33.0978,41.0583],[33.1058,41.055],[33.1223,41.0544],[33.1423,41.0653],[33.1501,41.0628],[33.1634,41.0708],[33.1792,41.0745],[33.188,41.0716],[33.1911,41.0716],[33.1997,41.0685],[33.2088,41.0616],[33.2158,41.0596],[33.2184,41.0573],[33.2281,41.054],[33.2338,41.0556],[33.2373,41.0524],[33.243,41.0528],[33.2478,41.0504],[33.2482,41.0472],[33.2531,41.0451],[33.2565,41.0466],[33.2671,41.0429],[33.2715,41.044],[33.2823,41.0392],[33.2916,41.0387],[33.2969,41.0366],[33.2982,41.0333],[33.3035,41.0301],[33.3019,41.0268],[33.3057,41.0211],[33.3099,41.0208],[33.3103,41.0161],[33.3146,41.0132],[33.3214,41.0055],[33.3254,41.0053],[33.3251,41.0013],[33.3215,41.0004],[33.3219,40.9956],[33.3154,40.9911],[33.3261,40.9804],[33.3353,40.9799],[33.3415,40.9817],[33.3595,40.9836],[33.3712,40.9811],[33.3863,40.9837],[33.3933,40.9829],[33.413,40.9869],[33.4265,41.0022],[33.4206,41.0164],[33.4193,41.0271],[33.4271,41.0329],[33.4542,41.0347],[33.4649,41.0319],[33.4735,41.0497],[33.4731,41.0507],[33.4936,41.0558],[33.5054,41.0511],[33.5151,41.0462],[33.5255,41.0456],[33.5232,41.0346],[33.5281,41.0278],[33.5417,41.0251],[33.5631,41.0272],[33.5739,41.0245],[33.5916,41.0239],[33.6184,41.0222],[33.6319,41.023],[33.6558,41.031],[33.6853,41.0492],[33.6967,41.0539],[33.7236,41.0543],[33.7399,41.0651],[33.7618,41.0693],[33.771,41.081],[33.7787,41.0853],[33.7922,41.0855],[33.8175,41.0829],[33.835,41.0892],[33.8515,41.0818],[33.8506,41.0772],[33.8527,41.0712],[33.8525,41.0665],[33.8484,41.0606],[33.8532,41.0502],[33.8453,41.0443],[33.8442,41.0399],[33.8221,41.0343],[33.8238,41.0265],[33.8214,41.019],[33.8097,41.0107],[33.8152,40.9993],[33.8053,40.9967],[33.7974,40.9851],[33.7967,40.9786],[33.7747,40.9765],[33.7771,40.9745],[33.7761,40.9711],[33.7812,40.9693],[33.784,40.9654],[33.7764,40.9581],[33.7764,40.9475],[33.7713,40.9452],[33.7675,40.9384],[33.7799,40.9332],[33.7905,40.9239],[33.7991,40.9184],[33.8042,40.9104],[33.8094,40.9098],[33.8042,40.9055],[33.8084,40.9025],[33.7982,40.8896],[33.7953,40.8825],[33.8132,40.8803],[33.8159,40.8765],[33.8171,40.8704],[33.8274,40.8687],[33.8269,40.8647],[33.8317,40.8591],[33.8472,40.8494],[33.8485,40.8429],[33.8549,40.8421],[33.8648,40.845],[33.8796,40.8441],[33.8822,40.8408],[33.8918,40.8416],[33.899,40.8462],[33.9246,40.8565],[33.9301,40.8568],[33.9345,40.8587],[33.9438,40.856],[33.9514,40.8567],[33.9651,40.8516],[33.9754,40.8491],[33.98,40.8438],[33.9848,40.8434],[33.9898,40.8469],[33.9965,40.8437],[33.9994,40.8389],[33.9986,40.8276],[34.0149,40.828],[34.0214,40.8239],[34.0339,40.8282],[34.055,40.8277],[34.0581,40.8216],[34.0664,40.8197],[34.0782,40.8223],[34.0777,40.8033],[34.0847,40.7915],[34.081,40.7773],[34.0765,40.768],[34.0705,40.7614],[34.0614,40.7569],[34.0597,40.7496],[34.0642,40.7414],[34.0651,40.7335],[34.0557,40.7283],[34.0587,40.7132],[34.0669,40.7021],[34.0918,40.6829],[34.1017,40.6805],[34.1136,40.6762],[34.1195,40.6672],[34.1303,40.6484],[34.1279,40.639],[34.1293,40.6351],[34.1204,40.6191],[34.1152,40.615],[34.0973,40.604],[34.0868,40.5933],[34.0852,40.5895],[34.0865,40.5816],[34.0922,40.5791],[34.0911,40.5726],[34.0965,40.5632],[34.1029,40.5617],[34.1043,40.557],[34.1125,40.5592],[34.1185,40.5593],[34.1217,40.5531],[34.1218,40.5472],[34.124,40.5432],[34.1206,40.5359],[34.1261,40.5314],[34.1311,40.5229],[34.1305,40.5152],[34.1271,40.5009],[34.1088,40.4835],[34.1116,40.4765],[34.1037,40.4699],[34.103,40.4651],[34.0921,40.4565],[34.0906,40.4506],[34.0837,40.4441],[34.0948,40.4382],[34.1072,40.4449],[34.1188,40.45],[34.1374,40.4517],[34.1433,40.4402],[34.1416,40.4352],[34.1446,40.4324],[34.1482,40.4323],[34.151,40.4239],[34.1539,40.4232],[34.1633,40.4249],[34.1631,40.4214],[34.1589,40.4168],[34.1624,40.4116],[34.1598,40.408],[34.1629,40.404],[34.1563,40.403],[34.1566,40.4007],[34.1637,40.4006],[34.1657,40.3991],[34.1639,40.3951],[34.1553,40.3978],[34.1486,40.3979],[34.1452,40.3963],[34.1466,40.3924],[34.1422,40.3899],[34.1377,40.3925],[34.134,40.3917],[34.1343,40.3867],[34.1289,40.384],[34.1219,40.3775],[34.1222,40.3706],[34.1165,40.3634],[34.1116,40.3606],[34.109,40.3565],[34.112,40.3425],[34.1064,40.3392],[34.1094,40.3336],[34.1091,40.3273],[34.1028,40.3216],[34.0952,40.3191],[34.0893,40.315],[34.0854,40.3063],[34.0728,40.2959],[34.0459,40.2941],[34.0176,40.2941],[34.0031,40.2921],[33.9677,40.2735],[33.9631,40.2659],[33.9613,40.2548],[33.9482,40.2685],[33.9311,40.2656],[33.916,40.2715],[33.8954,40.2708],[33.8759,40.2731],[33.8543,40.277],[33.8288,40.2761],[33.8104,40.2807],[33.8014,40.3164],[33.8018,40.3349],[33.7941,40.3332],[33.7931,40.3259],[33.7879,40.3212],[33.7835,40.3208],[33.7808,40.323],[33.7744,40.321],[33.7685,40.3211],[33.7581,40.3192],[33.7448,40.3256],[33.7377,40.3265],[33.7339,40.3255],[33.7262,40.3275],[33.7235,40.324],[33.7178,40.3254],[33.7137,40.3248],[33.7069,40.3268],[33.7001,40.33],[33.697,40.3337],[33.6934,40.3328],[33.6906,40.3277],[33.6791,40.3314],[33.6737,40.3285],[33.6707,40.3234],[33.6599,40.3241],[33.6575,40.3207],[33.6468,40.2956]]]}},{"type":"Feature","properties":{"name":"Çorum","number":19},"geometry":{"type":"Polygon","coordinates":[[[35.0814,41.076],[35.0919,41.0683],[35.0938,41.0623],[35.1013,41.0621],[35.1016,41.0541],[35.0996,41.046],[35.0953,41.0431],[35.0951,41.0399],[35.0918,41.0372],[35.0879,41.0311],[35.0757,41.022],[35.0656,41.021],[35.0629,41.0197],[35.0496,41.0184],[35.0447,41.0146],[35.0378,41.0113],[35.0354,41.0118],[35.0263,41.0059],[35.0175,40.9955],[35.0244,40.9924],[35.0346,40.9696],[35.0462,40.9608],[35.0538,40.9513],[35.0645,40.9463],[35.0593,40.9378],[35.0598,40.9254],[35.0654,40.9107],[35.0561,40.9034],[35.0426,40.8908],[35.0311,40.8822],[35.0216,40.8728],[35.0082,40.8639],[35.0061,40.8542],[35.0075,40.8261],[35.002,40.8148],[34.9863,40.8079],[34.98,40.8005],[34.9788,40.7921],[34.9825,40.785],[34.9903,40.7768],[35.0153,40.7679],[35.0189,40.7623],[35.0125,40.757],[35.0141,40.7543],[35.0258,40.7437],[35.0301,40.7289],[35.0428,40.718],[35.0698,40.7117],[35.1109,40.7134],[35.13,40.712],[35.1738,40.7074],[35.1754,40.6992],[35.2035,40.7096],[35.2215,40.7118],[35.2349,40.7058],[35.2538,40.7093],[35.2616,40.703],[35.2796,40.7024],[35.2833,40.6984],[35.2937,40.6984],[35.3037,40.6926],[35.3143,40.6903],[35.3292,40.6839],[35.3306,40.6743],[35.3255,40.6665],[35.3252,40.6575],[35.3237,40.6488],[35.3337,40.6435],[35.3538,40.641],[35.3652,40.6423],[35.3713,40.6382],[35.3894,40.6399],[35.3987,40.6364],[35.4066,40.6402],[35.4203,40.6295],[35.4265,40.6285],[35.4312,40.625],[35.4564,40.622],[35.4679,40.6145],[35.4747,40.6064],[35.4855,40.5971],[35.4839,40.5924],[35.4868,40.5889],[35.485,40.5841],[35.4869,40.5694],[35.4934,40.5683],[35.5151,40.5634],[35.5214,40.5655],[35.5273,40.5571],[35.5309,40.5487],[35.5305,40.5372],[35.5135,40.5208],[35.502,40.513],[35.4839,40.5039],[35.4618,40.4953],[35.4349,40.4877],[35.4114,40.4632],[35.4011,40.4295],[35.3958,40.4057],[35.3539,40.3857],[35.3615,40.3596],[35.373,40.3418],[35.3799,40.332],[35.4061,40.3347],[35.4104,40.3321],[35.4086,40.3233],[35.3905,40.2923],[35.3851,40.2862],[35.3559,40.2762],[35.3514,40.2673],[35.3373,40.2583],[35.34,40.2551],[35.2846,40.2267],[35.2683,40.2141],[35.2498,40.1982],[35.2427,40.1931],[35.2306,40.1977],[35.2053,40.1984],[35.1922,40.2043],[35.1875,40.2156],[35.1806,40.2254],[35.1807,40.2316],[35.1791,40.235],[35.1722,40.2391],[35.1573,40.2395],[35.1482,40.2309],[35.1395,40.2186],[35.1361,40.2117],[35.1367,40.2057],[35.1447,40.1947],[35.157,40.1834],[35.1578,40.1703],[35.1553,40.1633],[35.1559,40.151],[35.1633,40.1482],[35.1773,40.1469],[35.1956,40.1529],[35.2013,40.152],[35.2027,40.1432],[35.1847,40.1396],[35.1771,40.1343],[35.1753,40.1235],[35.1587,40.1127],[35.1465,40.1073],[35.143,40.0986],[35.1517,40.092],[35.1727,40.0889],[35.1855,40.0877],[35.1955,40.0816],[35.1951,40.069],[35.1895,40.0554],[35.1661,40.0283],[35.153,40.0199],[35.1058,40.0261],[35.0806,40.0185],[35.0698,40.0045],[35.0584,40.0032],[35.0414,40.0062],[35.03,40.0057],[35.0188,40.0019],[35.0054,40.0003],[34.968,40.0028],[34.9444,40.0013],[34.9183,39.9872],[34.8976,39.9885],[34.8886,39.9971],[34.8884,40.0057],[34.8909,40.0166],[34.8987,40.0308],[34.8948,40.0383],[34.8768,40.0491],[34.87,40.0453],[34.855,40.0335],[34.8445,40.0181],[34.834,40.0042],[34.8092,39.9963],[34.7965,39.9938],[34.7765,39.998],[34.7548,40.0068],[34.7073,40.0067],[34.683,40.0176],[34.6582,40.0109],[34.6448,40.0004],[34.6382,39.988],[34.6344,39.9628],[34.6199,39.9538],[34.6036,39.9506],[34.5995,39.9476],[34.5844,39.9436],[34.5599,39.9485],[34.549,39.9498],[34.5417,39.9518],[34.5414,39.9596],[34.5298,39.9784],[34.5097,39.9835],[34.4881,39.9796],[34.4697,39.9868],[34.4635,39.9923],[34.4261,39.9955],[34.413,39.9952],[34.4046,39.983],[34.3911,39.9656],[34.3804,39.955],[34.3687,39.9544],[34.36,39.9507],[34.3588,39.9433],[34.3207,39.9394],[34.2861,39.9449],[34.279,39.9421],[34.2498,39.9452],[34.2369,39.9583],[34.2178,39.9732],[34.2081,39.9776],[34.1976,39.9856],[34.1888,39.9982],[34.1762,40.0043],[34.1645,40.0131],[34.1608,40.023],[34.1531,40.0324],[34.143,40.0427],[34.1228,40.052],[34.111,40.0614],[34.1042,40.0629],[34.1039,40.0664],[34.0914,40.0697],[34.0889,40.0736],[34.0899,40.0806],[34.08,40.0891],[34.0831,40.0982],[34.0757,40.1159],[34.0767,40.1294],[34.0811,40.1456],[34.0714,40.1617],[34.0735,40.1774],[34.0684,40.1887],[34.0616,40.1971],[34.0517,40.1983],[34.0347,40.1967],[34.0086,40.1909],[33.9947,40.1901],[33.9785,40.2138],[33.9727,40.2395],[33.9664,40.2491],[33.9613,40.2548],[33.9631,40.2659],[33.9677,40.2735],[34.0031,40.2921],[34.0176,40.2941],[34.0459,40.2941],[34.0728,40.2959],[34.0854,40.3063],[34.0893,40.315],[34.0952,40.3191],[34.1028,40.3216],[34.1091,40.3273],[34.1094,40.3336],[34.1064,40.3392],[34.112,40.3425],[34.109,40.3565],[34.1116,40.3606],[34.1165,40.3634],[34.1222,40.3706],[34.1219,40.3775],[34.1289,40.384],[34.1343,40.3867],[34.134,40.3917],[34.1377,40.3925],[34.1422,40.3899],[34.1466,40.3924],[34.1452,40.3963],[34.1486,40.3979],[34.1553,40.3978],[34.1639,40.3951],[34.1657,40.3991],[34.1637,40.4006],[34.1566,40.4007],[34.1563,40.403],[34.1629,40.404],[34.1598,40.408],[34.1624,40.4116],[34.1589,40.4168],[34.1631,40.4214],[34.1633,40.4249],[34.1539,40.4232],[34.151,40.4239],[34.1482,40.4323],[34.1446,40.4324],[34.1416,40.4352],[34.1433,40.4402],[34.1374,40.4517],[34.1188,40.45],[34.1072,40.4449],[34.0948,40.4382],[34.0837,40.4441],[34.0906,40.4506],[34.0921,40.4565],[34.103,40.4651],[34.1037,40.4699],[34.1116,40.4765],[34.1088,40.4835],[34.1271,40.5009],[34.1305,40.5152],[34.1311,40.5229],[34.1261,40.5314],[34.1206,40.5359],[34.124,40.5432],[34.1218,40.5472],[34.1217,40.5531],[34.1185,40.5593],[34.1125,40.5592],[34.1043,40.557],[34.1029,40.5617],[34.0965,40.5632],[34.0911,40.5726],[34.0922,40.5791],[34.0865,40.5816],[34.0852,40.5895],[34.0868,40.5933],[34.0973,40.604],[34.1152,40.615],[34.1204,40.6191],[34.1293,40.6351],[34.1279,40.639],[34.1303,40.6484],[34.1195,40.6672],[34.1136,40.6762],[34.1017,40.6805],[34.0918,40.6829],[34.0669,40.7021],[34.0587,40.7132],[34.0557,40.7283],[34.0651,40.7335],[34.0642,40.7414],[34.0597,40.7496],[34.0614,40.7569],[34.0705,40.7614],[34.0765,40.768],[34.081,40.7773],[34.0847,40.7915],[34.0777,40.8033],[34.0782,40.8223],[34.0895,40.8274],[34.0957,40.828],[34.0981,40.8303],[34.1232,40.8386],[34.1333,40.8363],[34.1755,40.8393],[34.1786,40.8377],[34.1824,40.8506],[34.1915,40.8508],[34.1936,40.8449],[34.1996,40.8462],[34.2104,40.8568],[34.2198,40.859],[34.2304,40.8599],[34.2364,40.8648],[34.2401,40.8658],[34.2383,40.8767],[34.2415,40.8815],[34.2367,40.8881],[34.2418,40.888],[34.2463,40.8926],[34.25,40.9024],[34.2507,40.9114],[34.2537,40.9151],[34.2495,40.9212],[34.2487,40.9274],[34.255,40.9331],[34.2603,40.9411],[34.2607,40.9544],[34.2591,40.9619],[34.2605,40.9673],[34.266,40.9698],[34.2674,40.9747],[34.2767,40.9772],[34.2779,40.9737],[34.2837,40.9737],[34.2961,40.9765],[34.3105,40.9726],[34.3218,40.9721],[34.3256,40.9691],[34.3422,40.9693],[34.357,40.9745],[34.3592,40.9777],[34.3652,40.9787],[34.3704,40.9835],[34.373,40.9947],[34.3656,40.9984],[34.363,41.0037],[34.3567,41.0068],[34.3536,41.0123],[34.3371,41.0206],[34.3312,41.025],[34.3292,41.0289],[34.33,41.0333],[34.3244,41.034],[34.3225,41.0364],[34.3246,41.04],[34.323,41.0429],[34.3239,41.0515],[34.3199,41.0624],[34.3261,41.0638],[34.3311,41.0673],[34.33,41.0724],[34.3263,41.0769],[34.3216,41.0797],[34.3091,41.0809],[34.3021,41.0872],[34.2935,41.0896],[34.2743,41.0806],[34.2694,41.0774],[34.2567,41.074],[34.2418,41.0744],[34.2291,41.0814],[34.2252,41.0897],[34.2202,41.0957],[34.2246,41.0982],[34.2245,41.1037],[34.2229,41.1076],[34.231,41.1126],[34.2332,41.1187],[34.2258,41.1222],[34.2258,41.1286],[34.2216,41.1363],[34.2061,41.1427],[34.2054,41.1448],[34.2152,41.146],[34.2331,41.1496],[34.2324,41.1608],[34.2255,41.1653],[34.2291,41.1722],[34.2258,41.1765],[34.2212,41.178],[34.2176,41.1825],[34.241,41.1915],[34.244,41.1994],[34.2606,41.209],[34.2938,41.2127],[34.2923,41.2236],[34.2943,41.229],[34.2992,41.2325],[34.2994,41.24],[34.314,41.246],[34.3217,41.2531],[34.3191,41.258],[34.3109,41.2642],[34.3114,41.2703],[34.3205,41.273],[34.3311,41.2811],[34.3354,41.2865],[34.3364,41.293],[34.3573,41.2943],[34.3756,41.2876],[34.3977,41.2804],[34.398,41.2762],[34.3948,41.2682],[34.3943,41.2625],[34.4002,41.2578],[34.4027,41.2522],[34.4094,41.2555],[34.413,41.2656],[34.4176,41.2685],[34.4222,41.2695],[34.4231,41.279],[34.4301,41.288],[34.4447,41.2973],[34.4609,41.3048],[34.4603,41.3092],[34.4653,41.3214],[34.4669,41.3279],[34.473,41.3342],[34.4741,41.3377],[34.481,41.3443],[34.4833,41.3509],[34.4907,41.3509],[34.4988,41.3483],[34.5045,41.3388],[34.5063,41.3267],[34.5168,41.3245],[34.5226,41.3193],[34.5247,41.3095],[34.5332,41.3],[34.5476,41.2962],[34.5623,41.2958],[34.5807,41.3019],[34.6026,41.3041],[34.6221,41.2993],[34.6319,41.295],[34.6497,41.3005],[34.669,41.2981],[34.6904,41.3008],[34.6966,41.3023],[34.7082,41.2994],[34.7116,41.2883],[34.7162,41.2798],[34.7172,41.2688],[34.7186,41.2632],[34.7267,41.2494],[34.7674,41.2366],[34.7887,41.2379],[34.8045,41.2254],[34.8242,41.2139],[34.8366,41.2083],[34.8436,41.2075],[34.8464,41.202],[34.859,41.2122],[34.8724,41.2278],[34.8747,41.2357],[34.8732,41.2464],[34.8787,41.2569],[34.8832,41.2523],[34.8827,41.2499],[34.9059,41.2399],[34.9169,41.2292],[34.927,41.2235],[34.9313,41.2101],[34.9299,41.1993],[34.9326,41.1966],[34.9415,41.195],[34.9566,41.198],[34.965,41.1851],[34.9607,41.1703],[34.9619,41.1657],[34.9728,41.156],[34.9771,41.1537],[34.9826,41.1478],[34.9841,41.1436],[34.9828,41.1394],[34.9732,41.1306],[34.9692,41.1247],[34.9605,41.1211],[34.9512,41.1196],[34.9433,41.1156],[34.9309,41.1079],[34.923,41.0992],[34.9231,41.0963],[34.9283,41.0942],[34.9353,41.098],[34.9435,41.0979],[34.951,41.0963],[34.9628,41.0914],[34.9863,41.0905],[34.9871,41.0813],[34.9933,41.0818],[35.0001,41.0798],[35.0081,41.0828],[35.0117,41.0829],[35.0139,41.0792],[35.0198,41.0794],[35.0244,41.0814],[35.033,41.0831],[35.0439,41.083],[35.0479,41.0809],[35.0565,41.0808],[35.0751,41.0762],[35.0814,41.076]]]}},{"type":"Feature","properties":{"name":"Denizli","number":20},"geometry":{"type":"Polygon","coordinates":[[[29.8143,38.4741],[29.8343,38.4709],[29.846,38.4631],[29.8653,38.4611],[29.8735,38.4629],[29.8812,38.4595],[29.8856,38.4545],[29.8853,38.4477],[29.891,38.4446],[29.8952,38.4387],[29.9007,38.4251],[29.9139,38.4184],[29.9258,38.4133],[29.9321,38.4094],[29.9489,38.411],[29.9667,38.4114],[29.9782,38.421],[29.9943,38.4101],[30.0056,38.4041],[30.0059,38.3924],[29.9931,38.3879],[29.9795,38.375],[29.9841,38.3686],[29.9831,38.3565],[29.9797,38.346],[29.9697,38.3382],[29.9903,38.3206],[29.9911,38.3114],[30.0039,38.3048],[30.019,38.303],[30.0245,38.2974],[30.0365,38.2961],[30.0544,38.2882],[30.0643,38.2792],[30.0853,38.2518],[30.093,38.2359],[30.0843,38.2248],[30.0766,38.2193],[30.0763,38.2112],[30.0795,38.2036],[30.08,38.1978],[30.072,38.1894],[30.0581,38.1842],[30.02,38.195],[30.0175,38.1903],[30.0174,38.1846],[30.0097,38.1838],[30.0047,38.1796],[29.9989,38.1771],[30.0034,38.1687],[30.0009,38.1625],[30.0019,38.1517],[29.9993,38.1415],[29.9911,38.1394],[29.9686,38.1349],[29.9724,38.1481],[29.9581,38.1413],[29.952,38.1522],[29.9584,38.1637],[29.9294,38.1702],[29.912,38.1621],[29.8995,38.1585],[29.885,38.1505],[29.8742,38.138],[29.8671,38.1358],[29.8702,38.1156],[29.8854,38.0971],[29.8938,38.0932],[29.8634,38.0819],[29.8474,38.0734],[29.841,38.0756],[29.812,38.0706],[29.8141,38.0604],[29.8118,38.0507],[29.8024,38.0454],[29.7786,38.036],[29.7709,38.0219],[29.7632,38.0178],[29.7448,37.9949],[29.7456,37.9879],[29.7401,37.9859],[29.7247,37.9863],[29.7101,37.9794],[29.707,37.9795],[29.7029,37.9855],[29.7,37.985],[29.6952,37.9877],[29.6837,37.9884],[29.677,38.0006],[29.6765,38.0055],[29.6723,38.0123],[29.6681,38.0154],[29.6609,38.0092],[29.6688,38.0086],[29.6688,38.0017],[29.6634,37.9894],[29.6658,37.9845],[29.6589,37.9763],[29.6668,37.9632],[29.6783,37.9601],[29.6832,37.9561],[29.687,37.9559],[29.6961,37.9528],[29.7093,37.9559],[29.7138,37.955],[29.7157,37.951],[29.7227,37.9433],[29.7157,37.9336],[29.7056,37.9231],[29.6944,37.9155],[29.6685,37.9122],[29.6694,37.8981],[29.678,37.8932],[29.6823,37.8864],[29.68,37.8793],[29.6977,37.8789],[29.7045,37.8725],[29.7184,37.8688],[29.7352,37.8631],[29.7418,37.8582],[29.7438,37.8495],[29.7474,37.8216],[29.7703,37.8126],[29.8869,37.8254],[29.8906,37.8072],[29.8958,37.8009],[29.8971,37.7775],[29.8966,37.7727],[29.8882,37.7646],[29.8737,37.7568],[29.8719,37.7513],[29.8662,37.7492],[29.8632,37.7411],[29.8566,37.7385],[29.8455,37.7297],[29.8374,37.7062],[29.8314,37.695],[29.8202,37.6855],[29.8043,37.6852],[29.7866,37.6943],[29.7734,37.6959],[29.7643,37.694],[29.7601,37.7071],[29.7475,37.7145],[29.7427,37.7109],[29.7307,37.7095],[29.7081,37.7152],[29.6946,37.7171],[29.7021,37.7078],[29.6964,37.7005],[29.6865,37.6862],[29.6865,37.6776],[29.6796,37.6672],[29.6832,37.6553],[29.6937,37.6469],[29.7003,37.6457],[29.7159,37.6348],[29.725,37.6298],[29.7307,37.6234],[29.7268,37.6188],[29.7175,37.6131],[29.7102,37.6074],[29.694,37.6103],[29.6847,37.6103],[29.6778,37.6153],[29.6673,37.6177],[29.6519,37.628],[29.6231,37.6341],[29.6144,37.621],[29.6015,37.6182],[29.5835,37.6176],[29.573,37.6096],[29.551,37.6059],[29.5431,37.6086],[29.5364,37.6],[29.5284,37.5966],[29.5209,37.5954],[29.5174,37.5935],[29.5138,37.5888],[29.5065,37.5859],[29.5117,37.5821],[29.5335,37.5728],[29.5444,37.5703],[29.5559,37.5663],[29.5655,37.5698],[29.5717,37.5682],[29.5703,37.5614],[29.5838,37.5434],[29.5866,37.5408],[29.5847,37.528],[29.5785,37.5257],[29.5631,37.5241],[29.5504,37.5194],[29.54,37.5164],[29.5413,37.5118],[29.5319,37.5099],[29.5204,37.5088],[29.5008,37.5053],[29.5042,37.4989],[29.5087,37.4931],[29.5158,37.4868],[29.5223,37.484],[29.5286,37.4835],[29.5363,37.4789],[29.5453,37.4577],[29.5507,37.4516],[29.5528,37.4475],[29.5623,37.4404],[29.5697,37.4444],[29.5796,37.4453],[29.5859,37.449],[29.5935,37.449],[29.6016,37.446],[29.6082,37.448],[29.6121,37.4467],[29.6196,37.4419],[29.623,37.4381],[29.6231,37.4117],[29.6203,37.4043],[29.6243,37.3996],[29.6255,37.3903],[29.6232,37.3835],[29.624,37.3759],[29.6236,37.3684],[29.6204,37.3635],[29.6206,37.3539],[29.6182,37.345],[29.6157,37.3418],[29.6066,37.3363],[29.601,37.3315],[29.5931,37.3302],[29.5899,37.317],[29.5889,37.3006],[29.5809,37.2957],[29.5807,37.2921],[29.577,37.29],[29.5682,37.2876],[29.5561,37.2876],[29.5411,37.2885],[29.5328,37.2917],[29.5242,37.2931],[29.5112,37.276],[29.5022,37.2557],[29.497,37.2541],[29.482,37.2409],[29.4747,37.2296],[29.4712,37.2229],[29.47,37.2178],[29.4617,37.206],[29.4525,37.2042],[29.446,37.1998],[29.4431,37.1963],[29.4385,37.1879],[29.4422,37.1829],[29.4441,37.1768],[29.4461,37.1762],[29.4466,37.1688],[29.4515,37.1673],[29.4514,37.1629],[29.4458,37.1561],[29.4461,37.1439],[29.4434,37.1334],[29.4475,37.124],[29.4381,37.1219],[29.4401,37.1084],[29.4311,37.0992],[29.4319,37.0919],[29.4412,37.0908],[29.4415,37.0832],[29.44,37.0773],[29.4399,37.0707],[29.4318,37.0615],[29.4324,37.0562],[29.4305,37.0484],[29.4295,37.0398],[29.4252,37.0384],[29.4206,37.0401],[29.4134,37.0463],[29.4046,37.0499],[29.4004,37.0543],[29.3993,37.0573],[29.4014,37.0653],[29.3953,37.0639],[29.3827,37.0665],[29.3813,37.0619],[29.3713,37.0511],[29.3701,37.0455],[29.3736,37.0403],[29.3682,37.0333],[29.3658,37.024],[29.3662,37.0127],[29.3788,36.9991],[29.379,36.9944],[29.3726,36.9887],[29.3804,36.9862],[29.386,36.9864],[29.3914,36.9818],[29.3788,36.9663],[29.3713,36.9622],[29.3586,36.9567],[29.35,36.9456],[29.3506,36.9372],[29.3452,36.9261],[29.3408,36.9251],[29.337,36.922],[29.3366,36.9176],[29.3316,36.9185],[29.3291,36.9267],[29.3255,36.9242],[29.3257,36.918],[29.3201,36.9155],[29.3146,36.9167],[29.3097,36.9192],[29.3039,36.919],[29.2991,36.9175],[29.2898,36.9213],[29.2832,36.9223],[29.2791,36.9212],[29.2786,36.9185],[29.2686,36.9133],[29.256,36.9174],[29.2331,36.9172],[29.2231,36.9149],[29.2163,36.9114],[29.2085,36.9096],[29.2049,36.8967],[29.1999,36.8881],[29.1939,36.8823],[29.1797,36.8815],[29.1675,36.8824],[29.1419,36.8941],[29.1432,36.9007],[29.1414,36.9036],[29.1333,36.9053],[29.1141,36.9179],[29.1109,36.9232],[29.1043,36.9313],[29.0978,36.9433],[29.0973,36.9516],[29.0997,36.9594],[29.1032,36.9618],[29.0999,36.9684],[29.1,36.9734],[29.1016,36.9768],[29.1178,36.9701],[29.1373,36.9777],[29.1437,36.9828],[29.1352,36.99],[29.1279,37.0054],[29.1237,37.0094],[29.1223,37.0169],[29.1232,37.0234],[29.1188,37.0243],[29.1085,37.03],[29.0981,37.0317],[29.0874,37.0363],[29.0894,37.0428],[29.0899,37.0488],[29.0764,37.051],[29.0653,37.0504],[29.0597,37.0549],[29.0534,37.0542],[29.0517,37.0566],[29.0394,37.0627],[29.0346,37.0634],[29.0125,37.0705],[29.0136,37.073],[29.0062,37.0763],[29.0068,37.0782],[29.0011,37.0812],[29.0011,37.0837],[28.9965,37.0884],[28.9969,37.0923],[28.9914,37.0942],[28.9859,37.0999],[28.9821,37.0992],[28.9757,37.1007],[28.9729,37.1053],[28.974,37.1103],[28.9727,37.1143],[28.9652,37.1196],[28.9627,37.1238],[28.9594,37.1244],[28.9482,37.1383],[28.9421,37.1426],[28.9362,37.142],[28.9243,37.1458],[28.908,37.1443],[28.9094,37.1462],[28.9059,37.1496],[28.9019,37.1496],[28.8972,37.1442],[28.8951,37.146],[28.8907,37.1421],[28.874,37.1429],[28.8725,37.1457],[28.8666,37.1451],[28.8634,37.1426],[28.8538,37.1417],[28.8425,37.1384],[28.8341,37.1401],[28.8314,37.1449],[28.8336,37.1491],[28.8319,37.1523],[28.8353,37.1563],[28.8275,37.1603],[28.8299,37.1634],[28.8282,37.1675],[28.819,37.1755],[28.8178,37.1789],[28.8012,37.1791],[28.7969,37.1839],[28.7928,37.1857],[28.7912,37.19],[28.7849,37.1963],[28.7834,37.2019],[28.7854,37.2068],[28.7819,37.2096],[28.7832,37.2167],[28.7821,37.2205],[28.7786,37.223],[28.781,37.2275],[28.7786,37.2304],[28.7796,37.2377],[28.7823,37.2407],[28.773,37.2468],[28.7675,37.2446],[28.7646,37.2478],[28.7636,37.255],[28.7605,37.2573],[28.753,37.2666],[28.7483,37.2684],[28.7406,37.2673],[28.7348,37.2735],[28.7382,37.2779],[28.7321,37.2843],[28.7302,37.2929],[28.7341,37.2924],[28.7348,37.2966],[28.7332,37.2998],[28.7374,37.3028],[28.7363,37.3057],[28.7371,37.3159],[28.7404,37.317],[28.7407,37.3238],[28.7342,37.3266],[28.7271,37.3321],[28.7173,37.3379],[28.7176,37.3428],[28.7153,37.3459],[28.716,37.3513],[28.7082,37.3563],[28.7073,37.3598],[28.701,37.3657],[28.6974,37.3659],[28.6897,37.3634],[28.679,37.3681],[28.6751,37.3679],[28.6661,37.373],[28.6588,37.372],[28.6543,37.3737],[28.6504,37.3715],[28.6474,37.3664],[28.6411,37.3706],[28.6441,37.3743],[28.644,37.379],[28.6396,37.3786],[28.6344,37.3836],[28.6408,37.3839],[28.6316,37.3905],[28.6335,37.3942],[28.6271,37.3978],[28.6245,37.4046],[28.6279,37.4103],[28.6255,37.418],[28.6174,37.4224],[28.6157,37.4287],[28.619,37.4407],[28.6231,37.4441],[28.6212,37.4473],[28.6295,37.4533],[28.6309,37.4623],[28.6293,37.4691],[28.6238,37.4777],[28.6193,37.4776],[28.6146,37.4834],[28.6138,37.4861],[28.6142,37.4882],[28.6088,37.4929],[28.6052,37.4937],[28.6044,37.4967],[28.6063,37.5002],[28.6052,37.5046],[28.5996,37.5137],[28.5928,37.5199],[28.5854,37.5198],[28.5781,37.5245],[28.5747,37.5242],[28.569,37.5265],[28.5707,37.5313],[28.5864,37.5359],[28.6037,37.5421],[28.615,37.5423],[28.6318,37.5478],[28.6428,37.5461],[28.6514,37.5426],[28.6564,37.5491],[28.6633,37.5529],[28.6716,37.5535],[28.6777,37.5577],[28.6822,37.5631],[28.6926,37.5724],[28.6925,37.5786],[28.6907,37.5852],[28.6961,37.5904],[28.7076,37.5932],[28.7134,37.5962],[28.7175,37.601],[28.7192,37.6053],[28.7227,37.607],[28.7388,37.6046],[28.7478,37.6089],[28.7523,37.6136],[28.7584,37.6228],[28.7628,37.6257],[28.7637,37.6324],[28.7695,37.632],[28.7743,37.6386],[28.7747,37.6428],[28.7844,37.6426],[28.7903,37.6447],[28.7919,37.6473],[28.7911,37.6514],[28.7947,37.6551],[28.7938,37.6744],[28.8083,37.68],[28.8116,37.686],[28.8058,37.6895],[28.8054,37.6951],[28.8031,37.6994],[28.8096,37.7074],[28.8145,37.7087],[28.8214,37.7067],[28.8311,37.7062],[28.8362,37.7121],[28.8474,37.7203],[28.8551,37.7229],[28.8639,37.7218],[28.8738,37.7166],[28.8891,37.7114],[28.9045,37.7136],[28.8883,37.7219],[28.877,37.7295],[28.871,37.735],[28.8689,37.74],[28.8627,37.7435],[28.8618,37.7513],[28.8519,37.7551],[28.8403,37.7656],[28.8292,37.7706],[28.8134,37.7726],[28.8079,37.7768],[28.8081,37.7844],[28.7913,37.7927],[28.7742,37.7993],[28.7679,37.8062],[28.7561,37.811],[28.7444,37.8136],[28.7439,37.8163],[28.7477,37.8191],[28.7505,37.8239],[28.7449,37.8275],[28.743,37.8325],[28.7402,37.8357],[28.7461,37.85],[28.7479,37.8589],[28.7471,37.8681],[28.7482,37.8801],[28.7466,37.8859],[28.7443,37.889],[28.7455,37.8924],[28.7409,37.8953],[28.7371,37.9019],[28.7471,37.9183],[28.7398,37.9373],[28.7404,37.9407],[28.7376,37.9446],[28.7397,37.948],[28.7506,37.9453],[28.7597,37.9485],[28.7638,37.946],[28.7705,37.9448],[28.7718,37.9412],[28.7763,37.9419],[28.781,37.9407],[28.7878,37.9369],[28.794,37.9378],[28.7996,37.9362],[28.805,37.9327],[28.8096,37.9342],[28.8108,37.9302],[28.8194,37.9331],[28.8249,37.9335],[28.8324,37.9399],[28.833,37.9437],[28.8393,37.9425],[28.8414,37.9449],[28.8423,37.9535],[28.8411,37.957],[28.8454,37.9612],[28.8442,37.9767],[28.8355,37.9861],[28.8073,37.988],[28.8019,37.9857],[28.7998,37.9811],[28.7945,37.9778],[28.786,37.9796],[28.7771,37.9829],[28.7702,37.9826],[28.7618,37.9881],[28.7581,37.9926],[28.7568,38.0003],[28.748,38.0072],[28.7422,38.0146],[28.7378,38.0267],[28.7342,38.0296],[28.7331,38.0366],[28.7297,38.0414],[28.7229,38.047],[28.722,38.0518],[28.7155,38.0547],[28.7156,38.0594],[28.7097,38.0594],[28.699,38.0618],[28.6926,38.0662],[28.6881,38.0641],[28.6727,38.0662],[28.6695,38.0649],[28.6596,38.0637],[28.6503,38.0693],[28.6416,38.0845],[28.639,38.0906],[28.6409,38.0922],[28.6523,38.0918],[28.6576,38.0954],[28.6799,38.0944],[28.6859,38.1002],[28.6781,38.104],[28.6783,38.1079],[28.7026,38.1075],[28.7095,38.1146],[28.7189,38.1177],[28.7301,38.1309],[28.7321,38.137],[28.7322,38.1503],[28.7291,38.1532],[28.7296,38.1608],[28.7316,38.1657],[28.7306,38.1743],[28.74,38.1772],[28.7545,38.1782],[28.7746,38.1819],[28.7853,38.1826],[28.8069,38.1722],[28.8086,38.1813],[28.8121,38.1868],[28.812,38.1948],[28.8302,38.2038],[28.8288,38.2126],[28.8351,38.2144],[28.8461,38.2134],[28.8487,38.2208],[28.8695,38.2326],[28.8954,38.2444],[28.9104,38.2481],[28.9177,38.2435],[28.9249,38.2414],[28.9309,38.2363],[28.9382,38.2353],[28.9415,38.2313],[28.95,38.2304],[28.9527,38.2343],[28.9609,38.2354],[28.9684,38.2324],[28.9753,38.2312],[28.9725,38.2362],[28.9717,38.2427],[28.9781,38.2406],[28.9948,38.2432],[29.0019,38.24],[29.0086,38.2395],[29.0118,38.2373],[29.0116,38.2304],[29.0184,38.2351],[29.0231,38.2342],[29.0357,38.236],[29.0337,38.2286],[29.038,38.2242],[29.045,38.2193],[29.0621,38.2292],[29.0777,38.234],[29.0821,38.2378],[29.0949,38.2303],[29.0978,38.2334],[29.1038,38.2365],[29.1148,38.2346],[29.1248,38.2351],[29.1366,38.2262],[29.1456,38.2275],[29.1549,38.2266],[29.1598,38.2223],[29.1648,38.223],[29.1728,38.2145],[29.182,38.2148],[29.1839,38.2029],[29.1833,38.1965],[29.1854,38.1931],[29.1826,38.1858],[29.1881,38.1772],[29.1952,38.1738],[29.2068,38.1659],[29.2101,38.1672],[29.212,38.1786],[29.2209,38.1931],[29.2162,38.1991],[29.2211,38.2042],[29.2194,38.2114],[29.2117,38.2134],[29.2082,38.2204],[29.205,38.2236],[29.2073,38.228],[29.2138,38.225],[29.2193,38.2268],[29.2135,38.2312],[29.2149,38.2407],[29.2194,38.2401],[29.2215,38.2378],[29.2309,38.2368],[29.2336,38.241],[29.2426,38.2432],[29.2474,38.2458],[29.2478,38.2514],[29.2598,38.2625],[29.2664,38.2666],[29.2742,38.27],[29.2776,38.2804],[29.2843,38.2845],[29.2862,38.2906],[29.2932,38.2963],[29.2981,38.2991],[29.3111,38.3038],[29.3206,38.3058],[29.3375,38.3064],[29.3455,38.3161],[29.3538,38.3222],[29.3603,38.3234],[29.3699,38.3216],[29.3826,38.3265],[29.4157,38.3227],[29.4202,38.3197],[29.4264,38.3027],[29.4352,38.2967],[29.4449,38.2956],[29.4564,38.2831],[29.4705,38.2759],[29.4788,38.2759],[29.4821,38.2728],[29.4971,38.2779],[29.5098,38.2761],[29.5244,38.2883],[29.5307,38.2891],[29.5404,38.2798],[29.5461,38.2718],[29.5793,38.2641],[29.5899,38.2598],[29.5907,38.2547],[29.5894,38.2454],[29.6061,38.2472],[29.6144,38.2441],[29.6136,38.2489],[29.6079,38.2547],[29.6144,38.2756],[29.6182,38.2823],[29.6186,38.2871],[29.6239,38.2896],[29.632,38.2909],[29.625,38.3004],[29.6245,38.3073],[29.6207,38.3133],[29.6175,38.3227],[29.625,38.3271],[29.6245,38.3326],[29.6265,38.3364],[29.6145,38.3423],[29.6151,38.3458],[29.6229,38.3527],[29.6298,38.3552],[29.64,38.3617],[29.6471,38.3647],[29.6484,38.3747],[29.6368,38.3749],[29.623,38.384],[29.619,38.3837],[29.6137,38.3886],[29.6117,38.396],[29.6167,38.4012],[29.6128,38.4096],[29.6183,38.4209],[29.6269,38.4234],[29.647,38.4226],[29.6545,38.4251],[29.6662,38.4181],[29.6703,38.4206],[29.669,38.4255],[29.6566,38.4345],[29.6763,38.4592],[29.6854,38.4601],[29.7126,38.4644],[29.7297,38.4637],[29.7407,38.4656],[29.7535,38.4621],[29.7571,38.4579],[29.7841,38.4599],[29.7972,38.4594],[29.8044,38.4671],[29.8143,38.4741]]]}},{"type":"Feature","properties":{"name":"Diyarbakır","number":21},"geometry":{"type":"Polygon","coordinates":[[[39.1375,38.018],[39.1505,38.0156],[39.1594,38.0181],[39.1767,38.0293],[39.183,38.0417],[39.1966,38.0487],[39.2015,38.0629],[39.2223,38.0718],[39.2261,38.0805],[39.2275,38.0883],[39.2351,38.1061],[39.2361,38.1149],[39.2378,38.1214],[39.2466,38.1254],[39.2536,38.133],[39.2629,38.1461],[39.2633,38.1528],[39.2584,38.1659],[39.2568,38.1779],[39.253,38.183],[39.2436,38.1893],[39.2383,38.1914],[39.2335,38.1916],[39.2319,38.2007],[39.2265,38.2059],[39.2201,38.2078],[39.2134,38.2068],[39.207,38.2076],[39.2033,38.2059],[39.1952,38.2068],[39.1871,38.2019],[39.1742,38.1912],[39.1625,38.1835],[39.152,38.1832],[39.1449,38.1853],[39.1376,38.1891],[39.1343,38.1893],[39.1267,38.1867],[39.122,38.1883],[39.1117,38.1956],[39.1065,38.2038],[39.1108,38.2085],[39.1197,38.2106],[39.1286,38.2187],[39.1389,38.2311],[39.1414,38.2557],[39.1512,38.2914],[39.1514,38.2993],[39.1643,38.3038],[39.172,38.305],[39.1778,38.3073],[39.1848,38.3082],[39.1905,38.3069],[39.1934,38.3089],[39.2006,38.3059],[39.2093,38.3046],[39.212,38.3083],[39.2256,38.3076],[39.2327,38.3028],[39.2493,38.3109],[39.2584,38.3166],[39.28,38.3409],[39.3005,38.3523],[39.3049,38.3554],[39.3125,38.3557],[39.3197,38.3503],[39.3295,38.3465],[39.3433,38.3427],[39.3493,38.3336],[39.3575,38.3275],[39.4004,38.3299],[39.4152,38.3311],[39.4684,38.3129],[39.5353,38.2558],[39.5389,38.2538],[39.5367,38.2503],[39.5395,38.24],[39.5461,38.2429],[39.5519,38.2432],[39.5512,38.2502],[39.5613,38.2512],[39.5746,38.2671],[39.5807,38.2735],[39.5793,38.2809],[39.5849,38.2917],[39.5984,38.2962],[39.6072,38.3053],[39.6198,38.3051],[39.6352,38.3106],[39.6405,38.3102],[39.6455,38.3143],[39.6549,38.3178],[39.6594,38.3179],[39.6588,38.3223],[39.6659,38.3265],[39.6657,38.3318],[39.6703,38.3377],[39.6735,38.3381],[39.6812,38.3444],[39.6815,38.3481],[39.687,38.3468],[39.6923,38.3471],[39.6952,38.3428],[39.7013,38.3395],[39.706,38.3409],[39.707,38.3447],[39.7124,38.3469],[39.7286,38.3479],[39.734,38.3539],[39.7388,38.3535],[39.7536,38.3551],[39.7614,38.3578],[39.7604,38.3631],[39.7645,38.3636],[39.7698,38.3605],[39.7708,38.3669],[39.7746,38.3681],[39.7777,38.375],[39.7832,38.3724],[39.8045,38.3819],[39.8117,38.3798],[39.8179,38.3738],[39.8212,38.3722],[39.8278,38.374],[39.8349,38.3701],[39.8507,38.3719],[39.8599,38.3674],[39.865,38.3753],[39.8771,38.4054],[39.8885,38.4185],[39.901,38.4252],[39.9087,38.4523],[39.9199,38.4625],[39.9374,38.4733],[39.9525,38.477],[39.9803,38.4744],[39.9978,38.466],[40.0178,38.4609],[40.0358,38.4614],[40.0522,38.4627],[40.081,38.4666],[40.1188,38.462],[40.1353,38.4558],[40.1482,38.4586],[40.1624,38.4599],[40.1806,38.4567],[40.1854,38.4623],[40.1953,38.4631],[40.2058,38.4664],[40.2097,38.4654],[40.2144,38.4612],[40.2183,38.4616],[40.2209,38.4643],[40.228,38.464],[40.2308,38.4613],[40.2498,38.4604],[40.2606,38.4614],[40.2658,38.4633],[40.2657,38.4662],[40.2907,38.4743],[40.2936,38.4767],[40.2988,38.4787],[40.3017,38.4814],[40.3039,38.4893],[40.3083,38.4894],[40.3191,38.4849],[40.3285,38.4878],[40.3331,38.4852],[40.3369,38.4855],[40.3406,38.4899],[40.3442,38.4872],[40.3549,38.4892],[40.3584,38.4942],[40.3615,38.495],[40.3664,38.5008],[40.3594,38.5058],[40.358,38.51],[40.3544,38.5325],[40.366,38.5449],[40.4006,38.565],[40.4433,38.5812],[40.4379,38.5881],[40.4404,38.5934],[40.4453,38.5945],[40.4448,38.5977],[40.4382,38.5993],[40.4477,38.6138],[40.4574,38.6184],[40.4731,38.6205],[40.4843,38.6195],[40.4984,38.6142],[40.5129,38.6065],[40.541,38.5926],[40.5514,38.5896],[40.561,38.5827],[40.574,38.5833],[40.5856,38.5804],[40.6034,38.5633],[40.6192,38.5634],[40.6242,38.569],[40.6331,38.5707],[40.6463,38.5781],[40.6589,38.5964],[40.672,38.6013],[40.7046,38.5974],[40.7175,38.5966],[40.7442,38.6011],[40.7673,38.6001],[40.7842,38.5926],[40.7938,38.5819],[40.7915,38.5746],[40.7956,38.5762],[40.8004,38.574],[40.8082,38.5743],[40.8061,38.5705],[40.8089,38.5611],[40.8147,38.5639],[40.8363,38.5768],[40.8473,38.5764],[40.8781,38.599],[40.8943,38.612],[40.9328,38.629],[40.9768,38.6557],[41.0004,38.6706],[41.0584,38.6904],[41.0871,38.6994],[41.1094,38.71],[41.1282,38.7137],[41.1392,38.7146],[41.1388,38.7114],[41.1293,38.7033],[41.1205,38.7019],[41.1118,38.7014],[41.1045,38.6825],[41.1164,38.6725],[41.1193,38.6632],[41.1395,38.662],[41.162,38.6564],[41.1722,38.6563],[41.1931,38.6533],[41.1982,38.6566],[41.203,38.6577],[41.2071,38.6565],[41.2104,38.6584],[41.2133,38.656],[41.2255,38.657],[41.228,38.6544],[41.2329,38.6548],[41.2435,38.6513],[41.2545,38.6499],[41.2573,38.6488],[41.2616,38.6503],[41.2597,38.6404],[41.2741,38.6299],[41.2744,38.626],[41.2718,38.6237],[41.272,38.6188],[41.2695,38.6163],[41.2735,38.6091],[41.2745,38.6025],[41.2735,38.5958],[41.2794,38.5898],[41.2807,38.5865],[41.2873,38.5782],[41.287,38.5756],[41.2829,38.5695],[41.2836,38.5644],[41.2861,38.5617],[41.2868,38.5576],[41.2854,38.5541],[41.2896,38.5492],[41.2893,38.5443],[41.2929,38.5396],[41.3023,38.535],[41.3106,38.5346],[41.3049,38.5277],[41.3073,38.5184],[41.3056,38.5169],[41.2974,38.5152],[41.296,38.5122],[41.3046,38.5121],[41.3216,38.5094],[41.3323,38.5037],[41.3362,38.4958],[41.3553,38.492],[41.3666,38.4833],[41.3655,38.4794],[41.3591,38.4762],[41.3545,38.467],[41.3558,38.4616],[41.3504,38.4589],[41.346,38.4594],[41.3379,38.4654],[41.3337,38.4659],[41.3219,38.462],[41.3194,38.4556],[41.3154,38.452],[41.3093,38.4516],[41.3025,38.4531],[41.2933,38.4464],[41.2861,38.4436],[41.2816,38.4438],[41.2806,38.4394],[41.2772,38.4377],[41.2806,38.4328],[41.2738,38.4322],[41.2666,38.4282],[41.2654,38.4185],[41.2639,38.4161],[41.257,38.4172],[41.2555,38.4155],[41.2499,38.4154],[41.2495,38.4131],[41.2401,38.4101],[41.2378,38.4011],[41.2312,38.3904],[41.2354,38.3791],[41.2402,38.3735],[41.2376,38.3707],[41.2323,38.3721],[41.2315,38.3671],[41.2191,38.3638],[41.2153,38.356],[41.2152,38.3498],[41.2078,38.3404],[41.1993,38.3247],[41.1971,38.3193],[41.1935,38.3164],[41.1858,38.3155],[41.1833,38.313],[41.1783,38.3115],[41.1774,38.3084],[41.1816,38.3034],[41.1818,38.2959],[41.1838,38.2952],[41.1872,38.2891],[41.1835,38.2842],[41.1837,38.2759],[41.1783,38.2656],[41.1751,38.2441],[41.1902,38.2404],[41.2023,38.2328],[41.2072,38.2119],[41.2186,38.2077],[41.2205,38.2025],[41.2261,38.1967],[41.2194,38.1892],[41.2192,38.185],[41.2219,38.1705],[41.2208,38.1619],[41.2172,38.1542],[41.2143,38.1502],[41.216,38.1464],[41.2183,38.1283],[41.218,38.1242],[41.2065,38.0903],[41.2059,38.0856],[41.2088,38.0816],[41.1964,38.0688],[41.1919,38.0672],[41.1857,38.07],[41.1823,38.0691],[41.1768,38.0634],[41.1789,38.0517],[41.1724,38.0464],[41.1733,38.0356],[41.1647,38.0323],[41.1648,38.0284],[41.1623,38.0236],[41.1625,38.0185],[41.1567,38.0182],[41.1528,38.016],[41.1509,38.0097],[41.1482,38.0067],[41.1468,38.002],[41.1497,37.998],[41.1538,37.9978],[41.155,37.9914],[41.147,37.985],[41.1439,37.9839],[41.1374,37.9859],[41.1268,37.9802],[41.1226,37.9751],[41.1004,37.9762],[41.0859,37.9809],[41.0577,37.9854],[41.0103,37.979],[41.0103,37.9674],[41.0147,37.9625],[41.0138,37.9539],[41.0316,37.9433],[41.0335,37.9344],[41.0307,37.931],[41.0364,37.9292],[41.0449,37.9295],[41.0406,37.9167],[41.0294,37.9047],[41.017,37.8852],[41.0205,37.8807],[41.03,37.8768],[41.0234,37.8695],[41.0183,37.8693],[41.0113,37.8636],[41.0041,37.8542],[41.0055,37.849],[41.0028,37.8453],[40.9983,37.8438],[40.9974,37.838],[41.002,37.836],[41.0024,37.8318],[40.9965,37.8281],[40.9957,37.8254],[40.9987,37.8219],[40.992,37.8126],[40.9867,37.8082],[40.9877,37.8039],[40.9921,37.8022],[40.9967,37.7979],[41.0034,37.7952],[41.0128,37.7878],[41.018,37.7905],[41.0203,37.7971],[41.026,37.7973],[41.0309,37.792],[41.0281,37.7855],[41.0181,37.7793],[41.018,37.7759],[41.028,37.7735],[41.0382,37.7818],[41.0446,37.7824],[41.0504,37.7814],[41.0506,37.7747],[41.0565,37.7707],[41.0633,37.7686],[41.059,37.759],[41.0452,37.745],[41.0432,37.7364],[41.0136,37.7194],[40.9906,37.7042],[40.9703,37.6871],[40.9575,37.6748],[40.944,37.6695],[40.9289,37.6614],[40.9149,37.6557],[40.8966,37.658],[40.8911,37.6554],[40.8852,37.6476],[40.8784,37.6425],[40.8695,37.6375],[40.858,37.641],[40.8473,37.6489],[40.8241,37.6505],[40.8009,37.6514],[40.7649,37.6568],[40.732,37.6775],[40.711,37.6809],[40.6974,37.6922],[40.6827,37.7055],[40.6769,37.716],[40.6728,37.7247],[40.6752,37.735],[40.6646,37.7307],[40.66,37.7137],[40.6597,37.6844],[40.6486,37.6557],[40.6573,37.6456],[40.6725,37.6257],[40.6769,37.6146],[40.6821,37.606],[40.6781,37.5941],[40.6841,37.5835],[40.6771,37.5652],[40.6733,37.5506],[40.6742,37.5337],[40.6614,37.5342],[40.649,37.5382],[40.6238,37.5502],[40.5887,37.5571],[40.5624,37.5652],[40.5433,37.5852],[40.5224,37.5928],[40.4985,37.5933],[40.4636,37.6001],[40.4468,37.6039],[40.4394,37.6027],[40.4351,37.5995],[40.4347,37.5892],[40.4398,37.5817],[40.4518,37.5739],[40.4518,37.5659],[40.4436,37.555],[40.4073,37.5464],[40.3911,37.5495],[40.3569,37.5326],[40.3209,37.5218],[40.2863,37.5185],[40.2673,37.5176],[40.245,37.5188],[40.2329,37.5188],[40.216,37.5233],[40.1902,37.5349],[40.1576,37.5486],[40.1454,37.5612],[40.1226,37.5624],[40.102,37.5553],[40.0805,37.5373],[40.0473,37.5277],[40.0189,37.5185],[39.9951,37.5128],[39.9464,37.5371],[39.922,37.527],[39.8953,37.5064],[39.894,37.5211],[39.8882,37.5232],[39.8731,37.5269],[39.8663,37.5296],[39.8622,37.5342],[39.8617,37.548],[39.8593,37.5559],[39.8559,37.5626],[39.8354,37.5806],[39.8332,37.617],[39.837,37.6337],[39.831,37.6623],[39.8287,37.7136],[39.8445,37.731],[39.8419,37.7415],[39.8292,37.7593],[39.8123,37.802],[39.8101,37.8247],[39.8106,37.8319],[39.8079,37.8485],[39.799,37.8589],[39.7828,37.8634],[39.7739,37.8651],[39.7655,37.8632],[39.7449,37.8567],[39.7094,37.8414],[39.7019,37.8367],[39.6956,37.8293],[39.6907,37.8145],[39.6868,37.8053],[39.6754,37.7959],[39.6629,37.7943],[39.6441,37.7964],[39.6261,37.8021],[39.6143,37.8264],[39.6035,37.8456],[39.5939,37.8511],[39.5867,37.8565],[39.5678,37.8559],[39.5509,37.8499],[39.5429,37.8515],[39.5403,37.8593],[39.5325,37.8684],[39.5221,37.8755],[39.5256,37.8822],[39.5218,37.8875],[39.5161,37.8892],[39.5087,37.8973],[39.4935,37.9029],[39.4891,37.9097],[39.4777,37.9117],[39.4691,37.9171],[39.4189,37.9289],[39.4027,37.9338],[39.3857,37.9328],[39.3798,37.9407],[39.3752,37.9491],[39.3514,37.9602],[39.3212,37.9586],[39.3039,37.9603],[39.2697,37.9703],[39.2605,37.9797],[39.2511,37.9865],[39.236,37.9933],[39.2234,37.9972],[39.1911,38.0017],[39.1788,38.006],[39.1554,37.9959],[39.1456,37.9969],[39.1333,38.0021],[39.1315,38.0101],[39.1375,38.018]]]}},{"type":"Feature","properties":{"name":"Edirne","number":22},"geometry":{"type":"Polygon","coordinates":[[[26.8049,40.7266],[26.7977,40.7241],[26.7924,40.7145],[26.7888,40.7106],[26.7797,40.7124],[26.7705,40.7089],[26.7671,40.711],[26.7623,40.7086],[26.7533,40.712],[26.7369,40.7071],[26.7286,40.7104],[26.7224,40.7011],[26.7127,40.7024],[26.7125,40.6961],[26.708,40.6898],[26.7079,40.6856],[26.7197,40.6887],[26.7357,40.6842],[26.7336,40.6789],[26.7205,40.6743],[26.7196,40.672],[26.7246,40.6681],[26.728,40.6619],[26.7359,40.6594],[26.7252,40.6544],[26.7268,40.6459],[26.7255,40.6425],[26.7121,40.6433],[26.702,40.6381],[26.694,40.6375],[26.6891,40.6396],[26.6756,40.6374],[26.6676,40.6387],[26.6625,40.6363],[26.6488,40.6383],[26.6342,40.6373],[26.6207,40.6349],[26.6121,40.6379],[26.6015,40.6343],[26.5974,40.6295],[26.5905,40.6312],[26.589,40.6293],[26.5809,40.6249],[26.5768,40.6189],[26.5749,40.6187],[26.5645,40.6104],[26.5608,40.6118],[26.5533,40.6089],[26.5418,40.6021],[26.5389,40.596],[26.5325,40.5919],[26.524,40.5965],[26.5114,40.5956],[26.5068,40.5965],[26.4937,40.6045],[26.4793,40.6121],[26.4766,40.612],[26.4692,40.6148],[26.4596,40.6165],[26.443,40.6141],[26.4356,40.6094],[26.4303,40.603],[26.4166,40.6005],[26.4147,40.5991],[26.4076,40.6013],[26.3937,40.6041],[26.3818,40.608],[26.3739,40.6081],[26.3708,40.6058],[26.3585,40.6063],[26.3482,40.6033],[26.3428,40.5988],[26.3286,40.594],[26.3044,40.5908],[26.2852,40.5924],[26.2799,40.592],[26.243,40.5978],[26.2318,40.5985],[26.2165,40.5982],[26.2006,40.5968],[26.1738,40.5937],[26.1588,40.5896],[26.1444,40.5908],[26.1357,40.5932],[26.1228,40.5943],[26.1089,40.5984],[26.0972,40.6036],[26.091,40.607],[26.073,40.6198],[26.0687,40.625],[26.061,40.6391],[26.0643,40.6456],[26.0658,40.6524],[26.0632,40.6618],[26.0649,40.668],[26.0647,40.6748],[26.0596,40.6874],[26.0529,40.695],[26.0548,40.6956],[26.0539,40.7085],[26.0457,40.7208],[26.0364,40.7303],[26.0642,40.729],[26.0697,40.7276],[26.0764,40.728],[26.0832,40.7302],[26.0863,40.7343],[26.0906,40.7358],[26.0993,40.7364],[26.1052,40.7388],[26.1124,40.7392],[26.125,40.7427],[26.1285,40.7549],[26.1274,40.7589],[26.1287,40.764],[26.1271,40.7717],[26.1299,40.7777],[26.134,40.7789],[26.1363,40.7831],[26.1414,40.7864],[26.1419,40.7935],[26.1464,40.7963],[26.1498,40.8014],[26.1533,40.8035],[26.1578,40.809],[26.1652,40.8081],[26.1694,40.8143],[26.1744,40.8176],[26.1809,40.8138],[26.181,40.8203],[26.1867,40.8209],[26.1916,40.8247],[26.1972,40.825],[26.1999,40.82],[26.2046,40.8222],[26.2,40.826],[26.2001,40.8294],[26.2034,40.8308],[26.206,40.827],[26.2097,40.8283],[26.2088,40.8326],[26.2118,40.8368],[26.2147,40.8341],[26.2202,40.8354],[26.2132,40.8397],[26.2164,40.8412],[26.2161,40.8469],[26.2115,40.8478],[26.2087,40.8459],[26.2043,40.8477],[26.2053,40.8548],[26.2144,40.853],[26.2125,40.8594],[26.207,40.8604],[26.2053,40.8638],[26.2077,40.867],[26.2161,40.8655],[26.2223,40.8659],[26.224,40.8757],[26.2208,40.8847],[26.2214,40.8887],[26.227,40.8921],[26.2301,40.888],[26.2246,40.8866],[26.2263,40.8829],[26.235,40.8861],[26.2478,40.8814],[26.2514,40.8859],[26.2528,40.9031],[26.2564,40.9107],[26.2616,40.9152],[26.2637,40.9126],[26.2632,40.9072],[26.2663,40.901],[26.2759,40.8941],[26.2812,40.893],[26.2908,40.8933],[26.298,40.8976],[26.3018,40.9027],[26.2936,40.9134],[26.2858,40.9217],[26.2847,40.924],[26.2854,40.9307],[26.2925,40.9331],[26.2999,40.9279],[26.3028,40.9273],[26.3074,40.9298],[26.3108,40.9343],[26.3205,40.9409],[26.3273,40.944],[26.3365,40.9433],[26.3434,40.9436],[26.3505,40.9425],[26.357,40.9434],[26.3597,40.9469],[26.3588,40.9498],[26.3529,40.9552],[26.3476,40.965],[26.3381,40.9712],[26.3278,40.9769],[26.3257,40.9791],[26.3255,40.9846],[26.3278,40.9906],[26.332,40.9916],[26.3439,40.9894],[26.3511,40.9959],[26.3589,41.0009],[26.3631,41.0125],[26.3667,41.018],[26.364,41.0241],[26.3601,41.0262],[26.3453,41.0308],[26.3422,41.0382],[26.34,41.0399],[26.3279,41.0411],[26.33,41.0458],[26.3298,41.0508],[26.3249,41.0578],[26.3157,41.0656],[26.3124,41.0715],[26.3105,41.0803],[26.3131,41.0852],[26.3178,41.0891],[26.3275,41.0932],[26.3319,41.097],[26.3361,41.1063],[26.3323,41.1107],[26.326,41.1114],[26.3128,41.1082],[26.3067,41.1086],[26.3032,41.1125],[26.3036,41.1163],[26.3122,41.1217],[26.3228,41.1244],[26.3209,41.1338],[26.3229,41.1356],[26.3336,41.1383],[26.3368,41.1434],[26.3318,41.1523],[26.3155,41.1589],[26.3118,41.1673],[26.3074,41.1719],[26.3077,41.1787],[26.3103,41.1821],[26.3155,41.184],[26.3216,41.1841],[26.3231,41.1888],[26.3195,41.1963],[26.3204,41.2052],[26.3241,41.2126],[26.3307,41.2181],[26.33,41.2213],[26.3229,41.2265],[26.3222,41.2297],[26.3177,41.2362],[26.3177,41.2431],[26.3221,41.2481],[26.3232,41.2533],[26.3274,41.2559],[26.3328,41.255],[26.3374,41.2561],[26.34,41.2593],[26.3454,41.2592],[26.3519,41.2554],[26.3554,41.25],[26.3639,41.2516],[26.3759,41.2516],[26.3811,41.2523],[26.3914,41.2496],[26.3966,41.2519],[26.4074,41.2542],[26.4117,41.2621],[26.419,41.2669],[26.4285,41.2717],[26.4354,41.2785],[26.4415,41.2792],[26.4474,41.2819],[26.4538,41.281],[26.4605,41.2818],[26.4641,41.2862],[26.4652,41.2939],[26.4638,41.2965],[26.4658,41.3011],[26.4741,41.3029],[26.4839,41.3031],[26.4889,41.3063],[26.4904,41.3106],[26.4908,41.3182],[26.4979,41.3283],[26.5059,41.3275],[26.5138,41.3283],[26.5161,41.3301],[26.5166,41.3372],[26.5189,41.3397],[26.528,41.3364],[26.5441,41.3422],[26.5525,41.338],[26.5602,41.3353],[26.5633,41.33],[26.57,41.3243],[26.5821,41.3221],[26.5866,41.3226],[26.5954,41.3269],[26.5984,41.3272],[26.6089,41.3345],[26.6145,41.3351],[26.6251,41.3438],[26.6271,41.3475],[26.6323,41.3649],[26.6332,41.3781],[26.6354,41.3837],[26.6332,41.3926],[26.6301,41.4009],[26.629,41.4125],[26.6295,41.4175],[26.6255,41.421],[26.6197,41.4213],[26.6132,41.4242],[26.6112,41.4339],[26.6119,41.4419],[26.6139,41.4458],[26.6116,41.4531],[26.6136,41.4586],[26.6123,41.4641],[26.609,41.4667],[26.6055,41.4722],[26.601,41.4758],[26.5974,41.4808],[26.5989,41.4842],[26.6037,41.489],[26.6048,41.4921],[26.6033,41.4965],[26.6035,41.5012],[26.6006,41.5101],[26.5974,41.5126],[26.5965,41.5179],[26.5926,41.5223],[26.5911,41.5283],[26.5959,41.5376],[26.5985,41.5454],[26.5909,41.555],[26.5941,41.5651],[26.5872,41.5706],[26.5897,41.5744],[26.5986,41.5803],[26.5982,41.5855],[26.5951,41.5967],[26.5952,41.6102],[26.5684,41.6103],[26.5296,41.6216],[26.4886,41.6538],[26.4863,41.6598],[26.4938,41.6598],[26.4946,41.667],[26.4934,41.6719],[26.4897,41.6734],[26.4801,41.6709],[26.4711,41.6695],[26.4594,41.673],[26.455,41.6753],[26.4505,41.682],[26.4414,41.6864],[26.4366,41.6854],[26.4342,41.6813],[26.4285,41.6809],[26.4232,41.6831],[26.4097,41.6833],[26.4059,41.6877],[26.4003,41.6868],[26.3862,41.691],[26.3764,41.6968],[26.375,41.7041],[26.3683,41.7094],[26.3581,41.7081],[26.3577,41.7138],[26.33,41.7353],[26.3308,41.7421],[26.3295,41.7519],[26.3319,41.7584],[26.3367,41.7648],[26.3373,41.7694],[26.3421,41.7797],[26.3462,41.7869],[26.3498,41.7905],[26.3539,41.799],[26.3631,41.809],[26.3644,41.8135],[26.3689,41.8208],[26.3788,41.8225],[26.5387,41.8235],[26.5525,41.8482],[26.5561,41.8492],[26.5637,41.8541],[26.5627,41.8561],[26.5641,41.8648],[26.5686,41.8692],[26.574,41.8677],[26.5806,41.8724],[26.5805,41.8769],[26.5785,41.8787],[26.5705,41.8805],[26.567,41.8845],[26.5699,41.8879],[26.577,41.893],[26.5773,41.8974],[26.584,41.9021],[26.5825,41.9053],[26.5776,41.9065],[26.5706,41.9126],[26.5693,41.9162],[26.5612,41.9255],[26.5866,41.9478],[26.6186,41.9657],[26.6205,41.9727],[26.6237,41.9796],[26.6409,41.9719],[26.6463,41.9729],[26.6579,41.9702],[26.6616,41.9673],[26.6686,41.965],[26.6739,41.9693],[26.6844,41.9674],[26.6902,41.9688],[26.6928,41.966],[26.6994,41.9667],[26.7037,41.9652],[26.7099,41.9681],[26.7144,41.9684],[26.7285,41.9611],[26.747,41.9605],[26.7497,41.9585],[26.7551,41.9601],[26.757,41.9679],[26.7632,41.9694],[26.7688,41.9756],[26.7753,41.98],[26.7789,41.9789],[26.7872,41.9897],[26.7922,41.987],[26.7942,41.984],[26.7995,41.9809],[26.8038,41.9803],[26.8065,41.9772],[26.8167,41.9734],[26.8243,41.9724],[26.8288,41.9738],[26.8329,41.9692],[26.8361,41.9701],[26.8472,41.9698],[26.8464,41.9733],[26.8481,41.9806],[26.8622,41.9854],[26.871,41.9911],[26.8785,41.9902],[26.8857,41.9871],[26.9032,41.9885],[26.9108,41.991],[26.9133,41.9955],[26.919,41.997],[26.9314,42.0028],[26.9486,42.0005],[26.9576,41.9968],[26.9656,41.9965],[26.9676,41.991],[26.9712,41.9895],[26.9747,41.9839],[26.9742,41.9807],[26.9795,41.9792],[26.9813,41.9755],[26.9865,41.9728],[26.9869,41.9655],[26.9895,41.963],[26.9895,41.9557],[26.9871,41.9486],[26.9911,41.945],[26.9702,41.9318],[26.965,41.9029],[26.9651,41.879],[26.9668,41.872],[26.982,41.8517],[26.9961,41.8423],[27.0207,41.8162],[27.0263,41.791],[27.0126,41.7665],[27.0103,41.7497],[26.9976,41.7197],[26.985,41.7037],[26.9678,41.696],[26.9602,41.6795],[26.9415,41.6695],[26.93,41.6612],[26.9073,41.6573],[26.9077,41.6366],[26.9042,41.6175],[26.9208,41.6083],[26.9258,41.6084],[26.9353,41.6043],[26.9437,41.6086],[26.9561,41.6347],[26.976,41.636],[26.9999,41.6313],[27.0006,41.6259],[26.9989,41.6183],[27.0067,41.5967],[26.9968,41.5766],[26.9763,41.5456],[26.9711,41.5347],[26.9797,41.5204],[26.9438,41.4893],[26.9351,41.4904],[26.9265,41.4846],[26.9155,41.4724],[26.8943,41.4372],[26.8972,41.423],[26.9035,41.4045],[26.9037,41.396],[26.9081,41.3826],[26.8971,41.3628],[26.8981,41.3558],[26.8922,41.3523],[26.8869,41.3533],[26.8841,41.35],[26.8901,41.3448],[26.9065,41.338],[26.9121,41.3378],[26.9174,41.3358],[26.9175,41.3175],[26.9194,41.3149],[26.9337,41.3094],[26.9286,41.3072],[26.9239,41.301],[26.9275,41.2956],[26.9222,41.2891],[26.9265,41.2852],[26.9231,41.2789],[26.9312,41.2757],[26.9305,41.2736],[26.9341,41.2665],[26.9389,41.265],[26.9437,41.2611],[26.9519,41.2582],[26.9542,41.2563],[26.9572,41.2445],[26.9622,41.2376],[26.9599,41.23],[26.9412,41.2254],[26.93,41.2199],[26.9352,41.2119],[26.9302,41.2066],[26.936,41.2027],[26.9445,41.1991],[26.9467,41.1914],[26.9462,41.1871],[26.9517,41.1777],[26.9357,41.1679],[26.9133,41.1596],[26.9065,41.1531],[26.8965,41.1493],[26.8913,41.1412],[26.8898,41.1359],[26.8666,41.1271],[26.8581,41.1205],[26.8446,41.1136],[26.8376,41.1085],[26.8234,41.1117],[26.8107,41.1072],[26.8139,41.1012],[26.8127,41.0948],[26.8062,41.0871],[26.8064,41.0816],[26.7972,41.0718],[26.7944,41.066],[26.7974,41.0618],[26.7867,41.0618],[26.7845,41.0581],[26.7762,41.066],[26.7715,41.065],[26.7695,41.06],[26.7645,41.0585],[26.7575,41.0656],[26.7573,41.0697],[26.7493,41.0722],[26.7455,41.075],[26.739,41.0756],[26.732,41.0712],[26.7241,41.0718],[26.7207,41.0676],[26.7078,41.0746],[26.7059,41.0692],[26.6996,41.0652],[26.6996,41.0596],[26.6933,41.0476],[26.6976,41.0443],[26.6981,41.0416],[26.703,41.035],[26.7139,41.0291],[26.7168,41.0304],[26.723,41.0266],[26.7283,41.0254],[26.7361,41.0259],[26.7396,41.023],[26.738,41.0202],[26.7444,41.0184],[26.74,40.999],[26.7327,40.9912],[26.7337,40.9825],[26.7378,40.9741],[26.7304,40.9678],[26.7189,40.9623],[26.7196,40.9593],[26.7239,40.9585],[26.7265,40.9525],[26.7316,40.9498],[26.7369,40.9433],[26.744,40.9435],[26.7515,40.9496],[26.7598,40.9498],[26.7641,40.9446],[26.7514,40.9388],[26.7503,40.9331],[26.7428,40.9282],[26.7371,40.9217],[26.7224,40.9169],[26.7141,40.9168],[26.7198,40.9096],[26.7163,40.9044],[26.7186,40.8983],[26.7177,40.8941],[26.7133,40.8892],[26.7141,40.8813],[26.7119,40.8778],[26.715,40.8733],[26.7224,40.8694],[26.742,40.8608],[26.7368,40.8472],[26.7462,40.8416],[26.749,40.8349],[26.7483,40.8289],[26.75,40.8276],[26.7496,40.821],[26.7538,40.8135],[26.7644,40.8042],[26.7718,40.8032],[26.7749,40.7954],[26.7735,40.7885],[26.7814,40.7861],[26.7848,40.7824],[26.7848,40.7787],[26.7907,40.7746],[26.7915,40.7714],[26.8001,40.766],[26.8006,40.7594],[26.8041,40.7567],[26.8037,40.7535],[26.8111,40.7521],[26.8099,40.7385],[26.807,40.7281],[26.8049,40.7266]]]}},{"type":"Feature","properties":{"name":"Elazığ","number":23},"geometry":{"type":"Polygon","coordinates":[[[39.9346,39.101],[39.9363,39.0981],[39.9446,39.0984],[39.9456,39.0915],[39.9478,39.0899],[39.9541,39.0894],[39.961,39.0916],[39.9664,39.0917],[39.9696,39.0957],[39.9724,39.0919],[39.9765,39.0902],[39.9809,39.0964],[39.9978,39.0915],[40.0008,39.0936],[40.0104,39.094],[40.0168,39.1006],[40.0211,39.1015],[40.0221,39.0958],[40.0276,39.0967],[40.0313,39.1022],[40.0419,39.1084],[40.0423,39.1132],[40.0541,39.1163],[40.0589,39.1198],[40.0545,39.1252],[40.0657,39.1221],[40.0635,39.1272],[40.0667,39.1301],[40.0753,39.1275],[40.0859,39.1283],[40.0886,39.131],[40.0928,39.1394],[40.1001,39.1449],[40.1023,39.1517],[40.1139,39.1519],[40.1243,39.1602],[40.1408,39.1616],[40.1454,39.1665],[40.155,39.1637],[40.1623,39.1697],[40.1934,39.1738],[40.2195,39.1857],[40.2234,39.1912],[40.2313,39.1914],[40.2328,39.1884],[40.2439,39.1831],[40.2661,39.1832],[40.2733,39.181],[40.2769,39.177],[40.2833,39.166],[40.301,39.149],[40.3021,39.1315],[40.2885,39.1237],[40.2757,39.1223],[40.2561,39.1077],[40.241,39.0873],[40.2418,39.0704],[40.2282,39.0502],[40.2133,39.0347],[40.2192,39.0174],[40.1861,38.9837],[40.1802,38.9733],[40.183,38.9627],[40.2102,38.9434],[40.2145,38.9357],[40.2152,38.9049],[40.224,38.8925],[40.233,38.8877],[40.241,38.8812],[40.2498,38.8823],[40.2556,38.8803],[40.2589,38.8757],[40.2639,38.8651],[40.2463,38.8629],[40.2359,38.8593],[40.2317,38.8464],[40.2358,38.8367],[40.2757,38.8307],[40.2968,38.8273],[40.318,38.813],[40.3296,38.7975],[40.3348,38.784],[40.3334,38.7708],[40.3174,38.7513],[40.2964,38.744],[40.2888,38.7408],[40.2874,38.7384],[40.2811,38.7392],[40.2733,38.7429],[40.2657,38.7422],[40.259,38.7447],[40.2431,38.7414],[40.2335,38.737],[40.2291,38.7384],[40.2199,38.7169],[40.2098,38.7043],[40.178,38.688],[40.1687,38.6753],[40.1273,38.6653],[40.1041,38.6586],[40.0915,38.6506],[40.0939,38.6377],[40.1106,38.6168],[40.1658,38.5791],[40.2107,38.5655],[40.2328,38.5516],[40.2453,38.5377],[40.2532,38.5222],[40.2634,38.4951],[40.291,38.4835],[40.2936,38.4767],[40.2907,38.4743],[40.2657,38.4662],[40.2658,38.4633],[40.2606,38.4614],[40.2498,38.4604],[40.2308,38.4613],[40.228,38.464],[40.2209,38.4643],[40.2183,38.4616],[40.2144,38.4612],[40.2097,38.4654],[40.2058,38.4664],[40.1953,38.4631],[40.1854,38.4623],[40.1806,38.4567],[40.1624,38.4599],[40.1482,38.4586],[40.1353,38.4558],[40.1188,38.462],[40.081,38.4666],[40.0522,38.4627],[40.0358,38.4614],[40.0178,38.4609],[39.9978,38.466],[39.9803,38.4744],[39.9525,38.477],[39.9374,38.4733],[39.9199,38.4625],[39.9087,38.4523],[39.901,38.4252],[39.8885,38.4185],[39.8771,38.4054],[39.865,38.3753],[39.8599,38.3674],[39.8507,38.3719],[39.8349,38.3701],[39.8278,38.374],[39.8212,38.3722],[39.8179,38.3738],[39.8117,38.3798],[39.8045,38.3819],[39.7832,38.3724],[39.7777,38.375],[39.7746,38.3681],[39.7708,38.3669],[39.7698,38.3605],[39.7645,38.3636],[39.7604,38.3631],[39.7614,38.3578],[39.7536,38.3551],[39.7388,38.3535],[39.734,38.3539],[39.7286,38.3479],[39.7124,38.3469],[39.707,38.3447],[39.706,38.3409],[39.7013,38.3395],[39.6952,38.3428],[39.6923,38.3471],[39.687,38.3468],[39.6815,38.3481],[39.6812,38.3444],[39.6735,38.3381],[39.6703,38.3377],[39.6657,38.3318],[39.6659,38.3265],[39.6588,38.3223],[39.6594,38.3179],[39.6549,38.3178],[39.6455,38.3143],[39.6405,38.3102],[39.6352,38.3106],[39.6198,38.3051],[39.6072,38.3053],[39.5984,38.2962],[39.5849,38.2917],[39.5793,38.2809],[39.5807,38.2735],[39.5746,38.2671],[39.5613,38.2512],[39.5512,38.2502],[39.5519,38.2432],[39.5461,38.2429],[39.5395,38.24],[39.5367,38.2503],[39.5389,38.2538],[39.5353,38.2558],[39.4684,38.3129],[39.4152,38.3311],[39.4004,38.3299],[39.3575,38.3275],[39.3493,38.3336],[39.3433,38.3427],[39.3295,38.3465],[39.3197,38.3503],[39.3125,38.3557],[39.3049,38.3554],[39.3005,38.3523],[39.28,38.3409],[39.2584,38.3166],[39.2493,38.3109],[39.2327,38.3028],[39.2256,38.3076],[39.212,38.3083],[39.2093,38.3046],[39.2006,38.3059],[39.1934,38.3089],[39.1905,38.3069],[39.1848,38.3082],[39.1778,38.3073],[39.172,38.305],[39.1643,38.3038],[39.1514,38.2993],[39.1434,38.3119],[39.119,38.3303],[39.1131,38.344],[39.1063,38.3479],[39.0997,38.3415],[39.0863,38.3414],[39.0745,38.3433],[39.0592,38.3365],[39.0482,38.3381],[39.038,38.3337],[39.0294,38.3321],[39.0166,38.3333],[39.0062,38.3324],[38.9994,38.3259],[38.989,38.3194],[38.9678,38.3189],[38.9531,38.3274],[38.9476,38.3335],[38.9339,38.3415],[38.9277,38.3492],[38.9177,38.3557],[38.909,38.357],[38.8945,38.3562],[38.8902,38.3582],[38.8849,38.3648],[38.8821,38.3768],[38.8767,38.3864],[38.8676,38.3936],[38.8568,38.4],[38.8436,38.4048],[38.8344,38.4098],[38.8318,38.4166],[38.8323,38.4257],[38.8338,38.4319],[38.8302,38.4353],[38.8131,38.4435],[38.793,38.4353],[38.7569,38.4298],[38.7489,38.4273],[38.7358,38.4196],[38.728,38.4168],[38.7142,38.4151],[38.7083,38.4157],[38.6733,38.4234],[38.6522,38.4295],[38.6292,38.4382],[38.6147,38.4457],[38.6047,38.4465],[38.5967,38.444],[38.5867,38.4445],[38.5797,38.4487],[38.573,38.4568],[38.5661,38.4609],[38.5447,38.4637],[38.5325,38.4687],[38.523,38.4679],[38.5111,38.4643],[38.5058,38.4643],[38.4847,38.4721],[38.4686,38.4748],[38.4617,38.479],[38.4567,38.484],[38.4243,38.5083],[38.4091,38.5168],[38.3849,38.5253],[38.3761,38.5323],[38.3694,38.5362],[38.3619,38.5418],[38.3574,38.5518],[38.3575,38.5698],[38.3569,38.5961],[38.3575,38.6065],[38.3598,38.6187],[38.3658,38.6324],[38.3783,38.6496],[38.3872,38.6562],[38.4039,38.6712],[38.4125,38.6843],[38.4254,38.6887],[38.4441,38.6917],[38.4585,38.6946],[38.4672,38.6971],[38.4714,38.7034],[38.475,38.7159],[38.4761,38.729],[38.4732,38.732],[38.467,38.7461],[38.4712,38.7502],[38.4777,38.7537],[38.4838,38.7542],[38.4919,38.7512],[38.5019,38.7463],[38.5091,38.748],[38.5145,38.7514],[38.5245,38.7636],[38.5332,38.7651],[38.5422,38.7642],[38.5581,38.7583],[38.5685,38.7536],[38.5871,38.7514],[38.5951,38.752],[38.6005,38.7542],[38.6078,38.753],[38.6248,38.7442],[38.6352,38.7483],[38.6455,38.7564],[38.6453,38.7613],[38.6334,38.7686],[38.6273,38.7743],[38.629,38.7791],[38.6389,38.7827],[38.6536,38.7961],[38.6491,38.8105],[38.6474,38.8202],[38.6357,38.8286],[38.6325,38.8348],[38.634,38.8421],[38.6283,38.8517],[38.6184,38.8622],[38.6149,38.8707],[38.6104,38.8774],[38.6072,38.8848],[38.5918,38.9007],[38.572,38.9118],[38.57,38.9227],[38.5786,38.9302],[38.5992,38.9471],[38.5998,38.9583],[38.5895,38.97],[38.5893,38.9816],[38.5927,38.9812],[38.5972,38.9862],[38.6017,38.9862],[38.6242,38.9917],[38.6068,38.9994],[38.6131,39.0043],[38.6256,39.0082],[38.6272,39.0116],[38.6348,39.0152],[38.6453,39.0151],[38.6525,39.0183],[38.6528,39.0231],[38.6485,39.0276],[38.654,39.0349],[38.6496,39.0355],[38.6484,39.0395],[38.6698,39.0523],[38.6722,39.0492],[38.6763,39.0476],[38.6762,39.0441],[38.6823,39.0372],[38.6853,39.0363],[38.689,39.0288],[38.6957,39.0261],[38.6963,39.0229],[38.7011,39.0209],[38.7083,39.0146],[38.7158,39.0149],[38.7199,39.0132],[38.7271,39.0125],[38.7318,39.0092],[38.7347,39.0121],[38.7405,39.0114],[38.7443,39.0145],[38.7568,39.0164],[38.7598,39.0133],[38.7656,39.0124],[38.7668,39.0042],[38.7704,38.9997],[38.7756,38.9998],[38.7786,39.002],[38.7853,39.0008],[38.7889,38.9969],[38.7901,38.9924],[38.7917,38.9773],[38.7895,38.973],[38.7811,38.9717],[38.7797,38.969],[38.7821,38.9657],[38.7919,38.9618],[38.7924,38.9577],[38.7862,38.9523],[38.7757,38.9475],[38.7665,38.9356],[38.7644,38.9366],[38.7568,38.934],[38.7514,38.9288],[38.7527,38.9251],[38.7502,38.9171],[38.7534,38.9096],[38.7483,38.9036],[38.7484,38.9004],[38.7452,38.8958],[38.7435,38.8889],[38.7414,38.8864],[38.7686,38.8828],[38.8128,38.8748],[38.8361,38.8757],[38.8567,38.8787],[38.9157,38.8939],[38.9419,38.8951],[39.0042,38.8905],[39.0297,38.8834],[39.0414,38.8829],[39.0703,38.8895],[39.0808,38.8871],[39.108,38.8726],[39.1253,38.8763],[39.1417,38.8709],[39.19,38.8593],[39.2053,38.8568],[39.2364,38.8584],[39.2486,38.8604],[39.2608,38.8584],[39.2646,38.8438],[39.3108,38.8182],[39.3336,38.8134],[39.3469,38.8121],[39.3708,38.8045],[39.3853,38.7901],[39.3892,38.7801],[39.3936,38.7732],[39.4036,38.7721],[39.4287,38.7869],[39.4368,38.7861],[39.4482,38.7709],[39.4551,38.7697],[39.4837,38.7632],[39.495,38.7673],[39.5086,38.7686],[39.5119,38.7739],[39.5067,38.7876],[39.5096,38.7912],[39.5189,38.7944],[39.5233,38.7991],[39.5199,38.8061],[39.5312,38.8175],[39.5361,38.8165],[39.5435,38.8096],[39.5476,38.8086],[39.5734,38.8194],[39.578,38.8234],[39.5834,38.8251],[39.5968,38.8115],[39.612,38.8174],[39.6361,38.8157],[39.6457,38.8176],[39.6532,38.814],[39.6585,38.808],[39.6654,38.8037],[39.6803,38.8018],[39.6849,38.7993],[39.6984,38.8014],[39.7019,38.8037],[39.6945,38.8068],[39.6916,38.8096],[39.6939,38.82],[39.7181,38.834],[39.7381,38.8331],[39.7524,38.827],[39.7758,38.8274],[39.7838,38.8256],[39.7984,38.8211],[39.7997,38.8356],[39.7979,38.8482],[39.812,38.8576],[39.8181,38.8589],[39.8191,38.8695],[39.8235,38.8717],[39.8272,38.8787],[39.8322,38.8796],[39.8399,38.878],[39.8434,38.8784],[39.8487,38.882],[39.8506,38.8864],[39.8505,38.8914],[39.8446,38.895],[39.8531,38.9002],[39.8599,38.9021],[39.8609,38.9045],[39.8675,38.9071],[39.8743,38.9166],[39.8735,38.9258],[39.8702,38.9315],[39.8674,38.933],[39.8678,38.9394],[39.8768,38.9451],[39.8722,38.9508],[39.8768,38.9561],[39.8759,38.96],[39.8803,38.964],[39.883,38.9702],[39.8873,38.973],[39.8827,38.9808],[39.8852,38.9848],[39.8903,38.9875],[39.8882,38.9967],[39.8909,38.9988],[39.897,38.9989],[39.9016,39.0031],[39.902,39.0086],[39.9002,39.0102],[39.8992,39.0163],[39.8944,39.0213],[39.8903,39.021],[39.8785,39.0309],[39.8791,39.0374],[39.8742,39.0427],[39.8652,39.0442],[39.8628,39.0499],[39.8631,39.0537],[39.8677,39.0563],[39.8687,39.059],[39.878,39.0607],[39.8802,39.0658],[39.8839,39.0688],[39.8899,39.0709],[39.8931,39.0756],[39.8936,39.0835],[39.8974,39.0865],[39.9036,39.0848],[39.9071,39.0879],[39.9063,39.0921],[39.9093,39.0972],[39.9194,39.0994],[39.9264,39.0995],[39.9303,39.103],[39.9346,39.101]]]}},{"type":"Feature","properties":{"name":"Erzincan","number":24},"geometry":{"type":"Polygon","coordinates":[[[39.8047,39.9307],[39.8103,39.9417],[39.8289,39.9555],[39.8385,39.9616],[39.8476,39.962],[39.8516,39.9755],[39.8644,39.9862],[39.8762,39.9993],[39.8836,40.0108],[39.8942,40.0201],[39.9179,40.0364],[39.9494,40.041],[39.9666,40.0509],[40.0208,40.0634],[40.0416,40.0759],[40.0614,40.0831],[40.096,40.083],[40.1125,40.0761],[40.1175,40.0466],[40.1406,40.0289],[40.1741,40.0378],[40.2183,40.0318],[40.244,40.0257],[40.3011,40.0323],[40.2976,40.0103],[40.2908,40.0024],[40.2753,39.9914],[40.2586,39.9844],[40.246,39.9603],[40.2631,39.9405],[40.2807,39.9314],[40.2898,39.9255],[40.3106,39.934],[40.3258,39.9307],[40.3297,39.9321],[40.3356,39.9309],[40.3426,39.9334],[40.3567,39.9297],[40.3638,39.9349],[40.3697,39.9333],[40.3794,39.9228],[40.3926,39.9162],[40.4057,39.9154],[40.4228,39.9116],[40.4359,39.9105],[40.4772,39.9026],[40.4963,39.8902],[40.5205,39.8844],[40.5197,39.8824],[40.5278,39.8759],[40.5341,39.8521],[40.5437,39.8487],[40.5444,39.8437],[40.5697,39.8497],[40.568,39.8383],[40.5651,39.8327],[40.5591,39.83],[40.553,39.8234],[40.558,39.822],[40.5539,39.815],[40.5551,39.8106],[40.5522,39.8089],[40.532,39.8078],[40.5351,39.8032],[40.5361,39.7978],[40.5261,39.794],[40.5292,39.7905],[40.5288,39.7851],[40.5353,39.779],[40.5405,39.7759],[40.5394,39.7652],[40.5532,39.7435],[40.5666,39.7309],[40.5916,39.717],[40.6196,39.7029],[40.658,39.6795],[40.6725,39.6595],[40.677,39.6594],[40.6758,39.6477],[40.6799,39.647],[40.6766,39.643],[40.6798,39.6303],[40.6705,39.6212],[40.6637,39.6162],[40.6548,39.6005],[40.6531,39.5964],[40.6633,39.5866],[40.6749,39.584],[40.6833,39.5769],[40.6848,39.5714],[40.7015,39.5578],[40.7075,39.5596],[40.743,39.5592],[40.752,39.552],[40.7535,39.5467],[40.749,39.5428],[40.7475,39.5391],[40.7532,39.5389],[40.7532,39.5325],[40.7559,39.5269],[40.7454,39.526],[40.7415,39.5299],[40.7256,39.528],[40.6966,39.526],[40.6654,39.5303],[40.634,39.5276],[40.6115,39.523],[40.5967,39.5263],[40.5676,39.5267],[40.5609,39.5259],[40.5444,39.5299],[40.52,39.5273],[40.5157,39.5169],[40.4864,39.5167],[40.48,39.5156],[40.472,39.5179],[40.4487,39.5111],[40.4355,39.5197],[40.4251,39.523],[40.4244,39.5274],[40.4173,39.5319],[40.4169,39.5437],[40.4135,39.554],[40.4038,39.565],[40.4001,39.5722],[40.3854,39.5852],[40.3722,39.5889],[40.3626,39.5901],[40.3503,39.5869],[40.3289,39.5845],[40.3114,39.5794],[40.2973,39.5776],[40.2896,39.5754],[40.2593,39.5728],[40.2411,39.5698],[40.221,39.569],[40.2107,39.5707],[40.179,39.5776],[40.1718,39.5802],[40.1705,39.5784],[40.1593,39.5771],[40.1545,39.5775],[40.1369,39.5647],[40.1235,39.564],[40.1198,39.5607],[40.1153,39.5616],[40.1086,39.5607],[40.1024,39.5564],[40.0936,39.5555],[40.0851,39.5561],[40.075,39.5525],[40.0633,39.5506],[40.0552,39.5548],[40.049,39.5522],[40.045,39.556],[40.0401,39.5567],[40.0324,39.5606],[40.0131,39.5681],[39.9965,39.5667],[39.9885,39.5649],[39.9789,39.5672],[39.9715,39.5712],[39.9637,39.5722],[39.9555,39.5743],[39.9496,39.5743],[39.942,39.5769],[39.9243,39.5807],[39.9209,39.5831],[39.9142,39.5828],[39.9046,39.5856],[39.8992,39.5852],[39.8909,39.5887],[39.8855,39.5882],[39.8793,39.5897],[39.8731,39.5891],[39.8719,39.5937],[39.8612,39.5952],[39.858,39.5993],[39.8493,39.6012],[39.8472,39.6069],[39.8368,39.6086],[39.8283,39.6042],[39.8214,39.607],[39.8174,39.607],[39.8053,39.6147],[39.8019,39.615],[39.794,39.6027],[39.7959,39.5894],[39.7888,39.5792],[39.7972,39.555],[39.8051,39.5401],[39.808,39.5311],[39.8054,39.5271],[39.782,39.5171],[39.7404,39.5022],[39.7209,39.4925],[39.6868,39.4842],[39.6577,39.4696],[39.6431,39.458],[39.625,39.4492],[39.6141,39.4468],[39.6012,39.4476],[39.5913,39.4447],[39.582,39.4412],[39.5714,39.4447],[39.5552,39.459],[39.5501,39.4668],[39.5424,39.4735],[39.5406,39.4815],[39.5364,39.4902],[39.539,39.4993],[39.5451,39.5059],[39.555,39.5115],[39.56,39.519],[39.5568,39.5232],[39.5478,39.5179],[39.537,39.5165],[39.5264,39.51],[39.4934,39.5],[39.4836,39.4999],[39.469,39.4977],[39.4497,39.5066],[39.4408,39.5049],[39.4285,39.5016],[39.4023,39.4864],[39.3933,39.478],[39.3809,39.4792],[39.3684,39.4744],[39.3565,39.4667],[39.3471,39.4635],[39.3393,39.4637],[39.3299,39.4583],[39.3092,39.4567],[39.2985,39.4544],[39.2881,39.4605],[39.2823,39.4739],[39.2845,39.4868],[39.2759,39.4893],[39.2647,39.4885],[39.2541,39.4849],[39.2443,39.4799],[39.2208,39.4723],[39.197,39.4676],[39.1785,39.468],[39.1693,39.4703],[39.1582,39.4689],[39.1228,39.4683],[39.1014,39.4613],[39.0949,39.4554],[39.075,39.4529],[39.063,39.4278],[39.0544,39.4205],[39.0557,39.4096],[39.0436,39.3841],[39.0041,39.3504],[38.9803,39.3382],[38.9554,39.3525],[38.9335,39.3242],[38.9062,39.325],[38.8671,39.3479],[38.8316,39.3531],[38.8135,39.348],[38.7978,39.3364],[38.7893,39.3216],[38.7859,39.3012],[38.7947,39.2857],[38.8039,39.2811],[38.8599,39.2849],[38.8889,39.2699],[38.9394,39.2671],[38.9425,39.2579],[38.939,39.2488],[38.926,39.2394],[38.8847,39.2259],[38.8623,39.2217],[38.8277,39.2184],[38.803,39.2172],[38.7671,39.2134],[38.7576,39.2111],[38.7487,39.2041],[38.7467,39.1964],[38.7518,39.1839],[38.7552,39.1836],[38.766,39.1856],[38.7697,39.1855],[38.7731,39.1805],[38.7735,39.1752],[38.7682,39.1689],[38.7648,39.1587],[38.7628,39.1503],[38.76,39.149],[38.7576,39.1448],[38.7522,39.1443],[38.749,39.1412],[38.734,39.1382],[38.7319,39.1286],[38.7347,39.1232],[38.7336,39.1162],[38.7409,39.1122],[38.7448,39.1087],[38.7458,39.1027],[38.7414,39.0934],[38.7431,39.0762],[38.7477,39.0687],[38.7489,39.0606],[38.75,39.045],[38.7656,39.0124],[38.7598,39.0133],[38.7568,39.0164],[38.7443,39.0145],[38.7405,39.0114],[38.7347,39.0121],[38.7318,39.0092],[38.7271,39.0125],[38.7199,39.0132],[38.7158,39.0149],[38.7083,39.0146],[38.7011,39.0209],[38.6963,39.0229],[38.6957,39.0261],[38.689,39.0288],[38.6853,39.0363],[38.6823,39.0372],[38.6762,39.0441],[38.6763,39.0476],[38.6722,39.0492],[38.6698,39.0523],[38.662,39.055],[38.6593,39.0545],[38.6497,39.0588],[38.65,39.0621],[38.6431,39.0673],[38.6412,39.074],[38.6429,39.0752],[38.6321,39.0854],[38.6164,39.0973],[38.6162,39.1023],[38.607,39.1091],[38.5883,39.1128],[38.586,39.111],[38.5787,39.1114],[38.5675,39.1149],[38.5628,39.1133],[38.5376,39.1209],[38.5236,39.1338],[38.51,39.1408],[38.4996,39.143],[38.4684,39.1428],[38.42,39.1205],[38.4054,39.1156],[38.3888,39.1154],[38.3737,39.1187],[38.3624,39.1232],[38.3502,39.1357],[38.3321,39.1515],[38.3242,39.1528],[38.3372,39.1728],[38.3445,39.1889],[38.3492,39.1905],[38.3617,39.2182],[38.3679,39.2515],[38.3653,39.2643],[38.3645,39.2797],[38.3664,39.2897],[38.3653,39.2964],[38.3658,39.3036],[38.3621,39.311],[38.3523,39.3157],[38.3425,39.3229],[38.3351,39.3313],[38.3299,39.3391],[38.3281,39.3485],[38.3306,39.3587],[38.3371,39.3635],[38.3365,39.3686],[38.3397,39.3717],[38.3465,39.3706],[38.3511,39.3727],[38.3583,39.3714],[38.3622,39.3749],[38.3649,39.3713],[38.3718,39.3669],[38.3747,39.372],[38.3806,39.3717],[38.3802,39.3745],[38.3761,39.377],[38.3779,39.3826],[38.3719,39.3886],[38.3661,39.393],[38.372,39.3957],[38.3787,39.4011],[38.3874,39.4021],[38.3921,39.4049],[38.3947,39.4095],[38.3952,39.4186],[38.3859,39.4341],[38.3787,39.4448],[38.3573,39.4606],[38.3279,39.4764],[38.322,39.4814],[38.3129,39.485],[38.3001,39.4912],[38.2935,39.5096],[38.2853,39.5233],[38.2773,39.5348],[38.2786,39.5429],[38.2966,39.5511],[38.3159,39.5576],[38.3242,39.5669],[38.3307,39.5671],[38.3348,39.5706],[38.3355,39.5739],[38.3437,39.5808],[38.3479,39.5878],[38.3459,39.5891],[38.3459,39.598],[38.3381,39.6013],[38.3396,39.6047],[38.3374,39.6101],[38.3319,39.613],[38.3325,39.6193],[38.3266,39.6234],[38.3274,39.6258],[38.3247,39.6311],[38.3165,39.6343],[38.3156,39.6455],[38.3234,39.6567],[38.3236,39.659],[38.3286,39.6661],[38.3257,39.6719],[38.3234,39.6738],[38.3277,39.6792],[38.3344,39.6807],[38.343,39.6871],[38.3453,39.6967],[38.352,39.7025],[38.3508,39.7049],[38.355,39.7133],[38.3529,39.7179],[38.3569,39.7249],[38.3629,39.731],[38.3621,39.7357],[38.3636,39.7413],[38.3566,39.7638],[38.3683,39.7727],[38.3834,39.7748],[38.3983,39.781],[38.4029,39.7805],[38.419,39.7966],[38.4314,39.8059],[38.4333,39.8118],[38.4372,39.8133],[38.4515,39.8267],[38.4454,39.8386],[38.4375,39.8441],[38.4316,39.8588],[38.4067,39.8708],[38.3897,39.8987],[38.3883,39.9076],[38.3889,39.918],[38.3975,39.933],[38.4271,39.9544],[38.4581,39.9857],[38.4697,39.9873],[38.4832,39.9839],[38.4995,39.9759],[38.5101,39.9671],[38.5192,39.962],[38.5386,39.957],[38.5499,39.9568],[38.5613,39.9624],[38.5784,39.9737],[38.6007,39.9812],[38.6202,39.9938],[38.6434,40.003],[38.6767,40.0078],[38.6867,40.0099],[38.6941,40.0058],[38.7087,39.9877],[38.7161,39.9878],[38.7301,39.9935],[38.7421,40.004],[38.7603,40.0131],[38.7629,40.0158],[38.7602,40.02],[38.7603,40.0231],[38.7658,40.0272],[38.7642,40.0326],[38.7662,40.0375],[38.767,40.056],[38.7687,40.0639],[38.7722,40.0671],[38.7748,40.0647],[38.7835,40.0651],[38.789,40.0692],[38.8008,40.07],[38.8089,40.0643],[38.819,40.0586],[38.8281,40.0556],[38.8405,40.0562],[38.8512,40.0622],[38.867,40.0581],[38.8758,40.06],[38.8873,40.0549],[38.9,40.0544],[38.9147,40.0475],[38.9214,40.0458],[38.9368,40.0518],[38.9414,40.0571],[38.9539,40.0589],[38.957,40.0558],[38.9748,40.0522],[38.9828,40.0498],[38.9927,40.0506],[38.9997,40.0465],[39.0135,40.0437],[39.024,40.0364],[39.0263,40.0287],[39.0442,40.0252],[39.0598,40.0179],[39.0699,40.0155],[39.0892,40.0098],[39.0974,39.9995],[39.1073,39.9896],[39.1262,39.9862],[39.1228,39.9671],[39.1336,39.9569],[39.1405,39.9493],[39.1612,39.9416],[39.1795,39.9372],[39.2154,39.9303],[39.2492,39.929],[39.2716,39.9218],[39.2773,39.9136],[39.2857,39.9081],[39.2915,39.901],[39.2941,39.893],[39.3044,39.8904],[39.3152,39.893],[39.359,39.8865],[39.3726,39.8849],[39.3851,39.8818],[39.3952,39.8778],[39.4158,39.8723],[39.4471,39.8623],[39.4694,39.859],[39.485,39.8615],[39.5088,39.8741],[39.5131,39.8811],[39.5244,39.8792],[39.528,39.8733],[39.5408,39.8666],[39.5436,39.854],[39.5434,39.8409],[39.5539,39.8362],[39.5865,39.8371],[39.5974,39.8362],[39.5613,39.8789],[39.5589,39.8856],[39.5713,39.8888],[39.592,39.8918],[39.6135,39.8975],[39.6226,39.8926],[39.629,39.8727],[39.6326,39.8652],[39.6422,39.8619],[39.6531,39.8627],[39.6593,39.8668],[39.6943,39.886],[39.7365,39.8877],[39.7714,39.8894],[39.7982,39.8971],[39.8167,39.9195],[39.8047,39.9307]]]}},{"type":"Feature","properties":{"name":"Erzurum","number":25},"geometry":{"type":"Polygon","coordinates":[[[42.5567,39.9346],[42.552,39.9311],[42.5534,39.9255],[42.5364,39.922],[42.5277,39.9239],[42.5248,39.9223],[42.5296,39.9138],[42.522,39.9092],[42.5004,39.912],[42.4947,39.904],[42.4874,39.9096],[42.4579,39.9136],[42.4515,39.9167],[42.4499,39.92],[42.4434,39.924],[42.4357,39.9243],[42.4373,39.92],[42.4347,39.9159],[42.4405,39.9117],[42.4315,39.8983],[42.4266,39.903],[42.4178,39.8978],[42.4068,39.8923],[42.3955,39.8912],[42.3865,39.8819],[42.373,39.8776],[42.3585,39.8739],[42.3566,39.8641],[42.3441,39.8691],[42.3396,39.8741],[42.3272,39.8709],[42.3187,39.8722],[42.3177,39.8769],[42.3119,39.8786],[42.3055,39.8754],[42.3013,39.8677],[42.3164,39.8573],[42.2871,39.843],[42.2802,39.831],[42.279,39.8171],[42.2838,39.8083],[42.3022,39.7713],[42.3304,39.7528],[42.3575,39.7595],[42.371,39.7526],[42.3815,39.744],[42.4235,39.7349],[42.4351,39.725],[42.4588,39.7186],[42.4573,39.7079],[42.4692,39.6965],[42.4807,39.6903],[42.4855,39.6806],[42.4923,39.6693],[42.498,39.6611],[42.5114,39.6468],[42.5203,39.6359],[42.5078,39.6331],[42.5005,39.6243],[42.5115,39.6082],[42.512,39.6001],[42.505,39.5881],[42.4861,39.5884],[42.4813,39.5831],[42.4763,39.5748],[42.4775,39.5687],[42.4724,39.5639],[42.4822,39.5607],[42.4773,39.5546],[42.4834,39.5488],[42.4763,39.549],[42.4692,39.5513],[42.4603,39.5504],[42.4473,39.5415],[42.4196,39.5347],[42.406,39.5344],[42.3906,39.5382],[42.384,39.5379],[42.3799,39.5182],[42.373,39.5061],[42.3634,39.4998],[42.3545,39.4988],[42.3489,39.4937],[42.3407,39.4969],[42.3347,39.4904],[42.3293,39.4785],[42.3259,39.4752],[42.3187,39.4742],[42.3073,39.4707],[42.2949,39.462],[42.2837,39.4617],[42.2784,39.4556],[42.274,39.4567],[42.2666,39.4535],[42.2614,39.4547],[42.2542,39.4543],[42.2536,39.4502],[42.248,39.4514],[42.2437,39.4494],[42.2455,39.4443],[42.2417,39.4404],[42.2395,39.4344],[42.2288,39.433],[42.2242,39.4292],[42.2125,39.4277],[42.2056,39.42],[42.204,39.4069],[42.1924,39.3997],[42.1889,39.3995],[42.1793,39.3944],[42.1817,39.3883],[42.1889,39.3825],[42.1989,39.3581],[42.209,39.3599],[42.2163,39.3516],[42.2229,39.3545],[42.2297,39.355],[42.2329,39.3488],[42.2325,39.3454],[42.2204,39.3404],[42.2131,39.3256],[42.2107,39.3165],[42.1984,39.3092],[42.1902,39.3125],[42.181,39.3194],[42.1752,39.3249],[42.1713,39.3208],[42.1752,39.3153],[42.1737,39.3115],[42.1753,39.3079],[42.1713,39.3059],[42.1597,39.3058],[42.1607,39.3011],[42.1557,39.2991],[42.1544,39.2899],[42.1457,39.2835],[42.1387,39.282],[42.1325,39.2824],[42.1291,39.2845],[42.1228,39.2848],[42.1145,39.2798],[42.1011,39.2802],[42.093,39.2779],[42.0872,39.2775],[42.0647,39.2728],[42.0588,39.2634],[42.0574,39.2573],[42.0522,39.2536],[42.0504,39.2486],[42.0367,39.2506],[42.0328,39.2502],[42.0255,39.2526],[42.0214,39.2477],[41.9997,39.2379],[41.9894,39.2376],[41.973,39.2202],[41.96,39.2112],[41.9241,39.2175],[41.9159,39.2172],[41.883,39.2091],[41.8573,39.2023],[41.8298,39.2088],[41.8186,39.2089],[41.8149,39.1991],[41.8087,39.1909],[41.8005,39.182],[41.8012,39.1731],[41.7922,39.168],[41.7738,39.1628],[41.7702,39.1651],[41.7488,39.1613],[41.7419,39.1564],[41.7325,39.1521],[41.7295,39.1561],[41.7189,39.1606],[41.7228,39.1646],[41.7218,39.1671],[41.7115,39.1663],[41.7087,39.1677],[41.7015,39.1678],[41.6947,39.1649],[41.6883,39.1603],[41.665,39.1579],[41.6465,39.1572],[41.6356,39.1586],[41.6281,39.1561],[41.6182,39.1566],[41.6174,39.1622],[41.6151,39.1671],[41.6188,39.1709],[41.6182,39.174],[41.6114,39.1771],[41.6088,39.1816],[41.6041,39.1834],[41.606,39.1895],[41.6124,39.1949],[41.6134,39.2007],[41.6162,39.2049],[41.6188,39.2141],[41.6132,39.2192],[41.6103,39.2242],[41.6128,39.2321],[41.6108,39.239],[41.6184,39.2445],[41.6167,39.2533],[41.6104,39.2578],[41.596,39.2595],[41.5821,39.2656],[41.5609,39.2697],[41.5566,39.2736],[41.5393,39.2793],[41.5309,39.2838],[41.5106,39.3004],[41.5005,39.3036],[41.4955,39.3103],[41.4851,39.3113],[41.4742,39.313],[41.4598,39.3207],[41.4442,39.3333],[41.4327,39.3419],[41.4194,39.3482],[41.415,39.3534],[41.392,39.3532],[41.3838,39.3581],[41.3824,39.3604],[41.3693,39.3527],[41.3323,39.3594],[41.2909,39.3648],[41.2555,39.3646],[41.2324,39.3601],[41.2001,39.3616],[41.1676,39.3725],[41.1783,39.3789],[41.1829,39.3872],[41.1793,39.4047],[41.1666,39.4129],[41.1475,39.4135],[41.1289,39.4324],[41.1248,39.431],[41.1225,39.4273],[41.1155,39.4263],[41.1085,39.4344],[41.0988,39.4341],[41.0992,39.43],[41.0938,39.4266],[41.094,39.4193],[41.0859,39.4191],[41.0739,39.4304],[41.0654,39.4265],[41.0612,39.4261],[41.0538,39.4297],[41.0534,39.4423],[41.0502,39.4455],[41.0504,39.4527],[41.046,39.455],[41.0374,39.4568],[41.03,39.4632],[41.0175,39.4633],[41.0025,39.4741],[40.9888,39.4734],[40.9829,39.4703],[40.9837,39.4615],[40.9818,39.4563],[40.9759,39.4555],[40.9717,39.4574],[40.9619,39.4574],[40.9505,39.4546],[40.9279,39.454],[40.9091,39.4566],[40.9,39.4532],[40.8838,39.4423],[40.8658,39.4471],[40.8442,39.4399],[40.8235,39.4365],[40.8133,39.4322],[40.802,39.4256],[40.7736,39.4258],[40.76,39.4207],[40.75,39.4225],[40.7388,39.4227],[40.7317,39.422],[40.7212,39.4187],[40.7131,39.4077],[40.6995,39.4112],[40.6792,39.4136],[40.6624,39.4222],[40.6472,39.4217],[40.6352,39.4367],[40.6322,39.4421],[40.62,39.4446],[40.5919,39.4442],[40.5739,39.4526],[40.5832,39.4612],[40.5908,39.4643],[40.5912,39.4707],[40.5877,39.4843],[40.5898,39.4966],[40.5955,39.5],[40.6029,39.4995],[40.6058,39.4966],[40.6096,39.4984],[40.6079,39.5023],[40.6195,39.5093],[40.6246,39.5212],[40.634,39.5276],[40.6654,39.5303],[40.6966,39.526],[40.7256,39.528],[40.7415,39.5299],[40.7454,39.526],[40.7559,39.5269],[40.7532,39.5325],[40.7532,39.5389],[40.7475,39.5391],[40.749,39.5428],[40.7535,39.5467],[40.752,39.552],[40.743,39.5592],[40.7075,39.5596],[40.7015,39.5578],[40.6848,39.5714],[40.6833,39.5769],[40.6749,39.584],[40.6633,39.5866],[40.6531,39.5964],[40.6548,39.6005],[40.6637,39.6162],[40.6705,39.6212],[40.6798,39.6303],[40.6766,39.643],[40.6799,39.647],[40.6758,39.6477],[40.677,39.6594],[40.6725,39.6595],[40.658,39.6795],[40.6196,39.7029],[40.5916,39.717],[40.5666,39.7309],[40.5532,39.7435],[40.5394,39.7652],[40.5405,39.7759],[40.5353,39.779],[40.5288,39.7851],[40.5292,39.7905],[40.5261,39.794],[40.5361,39.7978],[40.5351,39.8032],[40.532,39.8078],[40.5522,39.8089],[40.5551,39.8106],[40.5539,39.815],[40.558,39.822],[40.553,39.8234],[40.5591,39.83],[40.5651,39.8327],[40.568,39.8383],[40.5697,39.8497],[40.5444,39.8437],[40.5437,39.8487],[40.5341,39.8521],[40.5278,39.8759],[40.5197,39.8824],[40.5205,39.8844],[40.4963,39.8902],[40.4772,39.9026],[40.4359,39.9105],[40.4228,39.9116],[40.4057,39.9154],[40.3926,39.9162],[40.3794,39.9228],[40.3697,39.9333],[40.3638,39.9349],[40.3567,39.9297],[40.3426,39.9334],[40.3356,39.9309],[40.3297,39.9321],[40.3258,39.9307],[40.3106,39.934],[40.2898,39.9255],[40.2807,39.9314],[40.2631,39.9405],[40.246,39.9603],[40.2586,39.9844],[40.2753,39.9914],[40.2908,40.0024],[40.2976,40.0103],[40.3011,40.0323],[40.3008,40.0387],[40.3507,40.0476],[40.3713,40.0447],[40.3971,40.0322],[40.4284,40.0258],[40.4526,40.0251],[40.4766,40.029],[40.4894,40.0342],[40.4999,40.0445],[40.503,40.0486],[40.5074,40.0504],[40.5067,40.0537],[40.5075,40.0756],[40.5193,40.0849],[40.5421,40.0953],[40.5703,40.1008],[40.5778,40.0997],[40.5933,40.105],[40.622,40.1062],[40.6275,40.1094],[40.6338,40.1096],[40.636,40.1138],[40.6392,40.1142],[40.6446,40.1109],[40.6491,40.1113],[40.6494,40.1236],[40.6571,40.1284],[40.6637,40.1293],[40.6639,40.1366],[40.6693,40.141],[40.6892,40.1481],[40.6943,40.1473],[40.7111,40.1527],[40.7043,40.1632],[40.6893,40.1716],[40.6827,40.1763],[40.6749,40.1781],[40.6675,40.1879],[40.6717,40.1916],[40.6773,40.1909],[40.6827,40.1974],[40.6893,40.1982],[40.6935,40.2023],[40.6896,40.2081],[40.6967,40.2135],[40.6935,40.2163],[40.6937,40.2269],[40.6781,40.2275],[40.6398,40.2125],[40.621,40.2199],[40.5975,40.2363],[40.5912,40.2505],[40.5835,40.259],[40.5587,40.2587],[40.5433,40.2525],[40.5306,40.2599],[40.5261,40.2663],[40.4997,40.272],[40.5182,40.2802],[40.5376,40.2995],[40.5264,40.3152],[40.5109,40.3262],[40.5091,40.3339],[40.4946,40.3391],[40.5015,40.3464],[40.4884,40.3508],[40.4906,40.3561],[40.4839,40.3621],[40.5038,40.3741],[40.5127,40.3668],[40.5232,40.3649],[40.5352,40.3667],[40.5448,40.3649],[40.5621,40.3539],[40.5776,40.3547],[40.5918,40.3609],[40.5989,40.363],[40.6003,40.369],[40.6053,40.3759],[40.5995,40.3821],[40.5915,40.3832],[40.5787,40.3915],[40.5832,40.3968],[40.5756,40.4047],[40.54,40.4017],[40.5397,40.4072],[40.5442,40.4114],[40.555,40.4195],[40.5551,40.4271],[40.5468,40.4376],[40.5546,40.4535],[40.5619,40.4757],[40.565,40.489],[40.569,40.4928],[40.5704,40.497],[40.5775,40.4967],[40.5841,40.5061],[40.5948,40.5137],[40.5865,40.5203],[40.5858,40.5268],[40.5768,40.5365],[40.5747,40.5435],[40.5739,40.5555],[40.5776,40.5557],[40.5871,40.5527],[40.5985,40.5546],[40.6143,40.5596],[40.6192,40.5583],[40.6239,40.5629],[40.6418,40.5665],[40.6466,40.5639],[40.6507,40.5677],[40.6569,40.5706],[40.659,40.5818],[40.662,40.5854],[40.6714,40.5891],[40.6761,40.5935],[40.6864,40.596],[40.6903,40.596],[40.6974,40.5984],[40.7019,40.5984],[40.7104,40.6039],[40.7163,40.6055],[40.725,40.6032],[40.7265,40.5961],[40.7314,40.5986],[40.7425,40.5999],[40.7479,40.5971],[40.7579,40.6002],[40.7616,40.5948],[40.7715,40.5912],[40.7771,40.5918],[40.7777,40.5868],[40.7856,40.585],[40.7854,40.583],[40.7768,40.5823],[40.779,40.5789],[40.7679,40.5722],[40.7652,40.5665],[40.7763,40.5528],[40.7798,40.5568],[40.7812,40.5674],[40.7927,40.5759],[40.7944,40.5804],[40.799,40.582],[40.8041,40.5816],[40.8179,40.5777],[40.8274,40.573],[40.8354,40.5753],[40.8516,40.5851],[40.862,40.5921],[40.8642,40.6007],[40.8667,40.6045],[40.8689,40.6111],[40.8652,40.6211],[40.8615,40.6284],[40.8534,40.6373],[40.8415,40.6391],[40.8394,40.6431],[40.8411,40.6533],[40.8353,40.6545],[40.8334,40.6579],[40.8269,40.6595],[40.8326,40.6624],[40.8343,40.6668],[40.8414,40.6679],[40.8447,40.6725],[40.8534,40.6762],[40.8566,40.6811],[40.8621,40.6813],[40.8646,40.6858],[40.8599,40.689],[40.8573,40.6967],[40.8659,40.6963],[40.877,40.6996],[40.879,40.7026],[40.8853,40.7078],[40.8883,40.7125],[40.8846,40.7175],[40.8762,40.7179],[40.8695,40.7232],[40.873,40.7339],[40.8747,40.7355],[40.8811,40.7339],[40.8869,40.7359],[40.8983,40.7368],[40.9242,40.7339],[40.9336,40.738],[40.9385,40.7371],[40.9448,40.7421],[40.9537,40.7474],[40.9584,40.7471],[40.9617,40.75],[40.9618,40.754],[40.9659,40.7575],[40.9718,40.7594],[40.9758,40.7626],[40.9801,40.7617],[40.9987,40.7641],[41.008,40.76],[41.0113,40.7643],[41.0153,40.7634],[41.0288,40.7661],[41.0272,40.7683],[41.0336,40.7722],[41.0373,40.7701],[41.0415,40.7729],[41.0583,40.7691],[41.0591,40.7734],[41.0643,40.7769],[41.0707,40.7795],[41.0791,40.7802],[41.0876,40.7791],[41.0942,40.7836],[41.1004,40.7837],[41.1014,40.7887],[41.11,40.7907],[41.1181,40.79],[41.1211,40.7968],[41.1175,40.8],[41.118,40.8076],[41.1151,40.812],[41.1141,40.821],[41.1224,40.8271],[41.1293,40.8257],[41.1413,40.8247],[41.1429,40.8188],[41.1422,40.813],[41.1502,40.8104],[41.1627,40.8093],[41.1711,40.8119],[41.1778,40.8191],[41.1825,40.8191],[41.1902,40.8261],[41.2033,40.8284],[41.2151,40.8345],[41.218,40.8384],[41.2268,40.8336],[41.232,40.8272],[41.2148,40.8222],[41.2172,40.8183],[41.2019,40.8093],[41.2041,40.8073],[41.2178,40.8042],[41.2169,40.7984],[41.2251,40.7908],[41.2249,40.7872],[41.2283,40.7833],[41.2316,40.7694],[41.2385,40.7687],[41.2405,40.7625],[41.2471,40.7606],[41.2575,40.7592],[41.2737,40.764],[41.2832,40.7629],[41.2919,40.7643],[41.2991,40.7608],[41.307,40.7602],[41.3118,40.7565],[41.3192,40.7554],[41.3303,40.751],[41.3401,40.742],[41.3478,40.7413],[41.3568,40.7353],[41.3651,40.7264],[41.3738,40.7189],[41.3782,40.7139],[41.3699,40.7076],[41.3636,40.7067],[41.3553,40.7014],[41.3487,40.6962],[41.3444,40.6949],[41.3408,40.69],[41.3374,40.6901],[41.3297,40.693],[41.3232,40.6922],[41.3157,40.6874],[41.3136,40.6845],[41.3046,40.6821],[41.2973,40.6842],[41.291,40.6819],[41.2909,40.675],[41.2933,40.6739],[41.2969,40.6594],[41.3045,40.6531],[41.3019,40.6419],[41.3116,40.6395],[41.3154,40.6359],[41.3151,40.6301],[41.3172,40.6168],[41.3122,40.6094],[41.3148,40.6014],[41.3176,40.5969],[41.3192,40.5844],[41.3211,40.5809],[41.3222,40.5727],[41.3172,40.5572],[41.3288,40.559],[41.3344,40.5658],[41.3509,40.5646],[41.3581,40.5621],[41.3647,40.5632],[41.3715,40.5657],[41.3851,40.568],[41.3939,40.5717],[41.4026,40.5713],[41.4114,40.5694],[41.4328,40.5878],[41.4419,40.5983],[41.4421,40.6064],[41.4534,40.6099],[41.4613,40.6155],[41.4732,40.6223],[41.4752,40.6318],[41.4915,40.6333],[41.5064,40.6427],[41.5198,40.6448],[41.5331,40.6604],[41.5447,40.6628],[41.5517,40.6701],[41.5619,40.6771],[41.5767,40.6904],[41.6095,40.6922],[41.6517,40.6886],[41.6601,40.6828],[41.6924,40.6755],[41.6999,40.6734],[41.7082,40.6691],[41.7139,40.673],[41.7196,40.684],[41.7236,40.6856],[41.7359,40.6727],[41.7649,40.6625],[41.7766,40.6623],[41.7829,40.6684],[41.7913,40.672],[41.7976,40.6667],[41.7976,40.6765],[41.8068,40.6843],[41.8075,40.6985],[41.805,40.7044],[41.8058,40.7117],[41.8152,40.7152],[41.8112,40.7296],[41.8132,40.7423],[41.8192,40.7508],[41.8196,40.7563],[41.8234,40.7584],[41.8304,40.7481],[41.8373,40.7568],[41.8444,40.7594],[41.8452,40.7631],[41.8508,40.7731],[41.8488,40.7749],[41.8552,40.7864],[41.8681,40.7878],[41.87,40.8005],[41.8735,40.8059],[41.8703,40.8196],[41.8692,40.8342],[41.8559,40.8466],[41.8471,40.851],[41.8363,40.8595],[41.8485,40.873],[41.8496,40.8947],[41.8702,40.9035],[41.8806,40.9184],[41.8893,40.9163],[41.8986,40.9381],[41.9146,40.9361],[41.9187,40.929],[41.9308,40.9339],[41.9376,40.9458],[41.9382,40.9507],[41.9474,40.9625],[41.9518,40.9639],[41.9595,40.9695],[41.9653,40.979],[41.9651,40.9804],[41.9896,40.9829],[41.9945,40.987],[42.0056,40.9908],[42.0064,40.9858],[42.0051,40.9819],[42.0085,40.9778],[42.0214,40.9747],[42.0321,40.9757],[42.0391,40.9793],[42.0611,40.9812],[42.069,40.983],[42.0755,40.9875],[42.0744,40.9812],[42.0774,40.9756],[42.0897,40.9765],[42.1119,40.9744],[42.1188,40.9704],[42.1211,40.9643],[42.1252,40.9687],[42.1435,40.9722],[42.1499,40.9755],[42.1509,40.9795],[42.1682,40.9796],[42.1724,40.9784],[42.1751,40.9708],[42.1959,40.972],[42.2079,40.9712],[42.2185,40.973],[42.2279,40.9655],[42.2272,40.9541],[42.2303,40.945],[42.24,40.9387],[42.2565,40.9349],[42.2654,40.9371],[42.2711,40.9323],[42.2772,40.9228],[42.2815,40.9249],[42.2897,40.9242],[42.2985,40.9254],[42.3017,40.9274],[42.315,40.9295],[42.3179,40.9329],[42.3178,40.9379],[42.3316,40.9385],[42.3345,40.9328],[42.3389,40.9321],[42.3479,40.9282],[42.35,40.9211],[42.3313,40.9123],[42.3237,40.8988],[42.3181,40.8906],[42.3159,40.8826],[42.3285,40.897],[42.334,40.8989],[42.3595,40.8937],[42.3641,40.8954],[42.3587,40.8695],[42.3571,40.8567],[42.3502,40.8535],[42.3409,40.8537],[42.3324,40.8293],[42.3294,40.8261],[42.3418,40.828],[42.3567,40.826],[42.3354,40.8215],[42.3407,40.817],[42.3387,40.8104],[42.3414,40.8065],[42.359,40.8072],[42.3589,40.7985],[42.3603,40.7924],[42.3673,40.7938],[42.3721,40.7917],[42.3936,40.7882],[42.3984,40.7946],[42.4138,40.8033],[42.4162,40.8066],[42.4213,40.8075],[42.4208,40.8114],[42.4247,40.8166],[42.4343,40.8159],[42.4403,40.8196],[42.4641,40.8209],[42.4688,40.8196],[42.4775,40.8217],[42.4872,40.8178],[42.4884,40.813],[42.4922,40.8059],[42.5001,40.8037],[42.4982,40.7919],[42.4922,40.7916],[42.4941,40.7885],[42.5053,40.7874],[42.5106,40.7926],[42.5256,40.7873],[42.5274,40.7823],[42.5371,40.7817],[42.5448,40.7785],[42.5511,40.78],[42.5638,40.7771],[42.5736,40.753],[42.5937,40.7464],[42.5808,40.7317],[42.598,40.7121],[42.5992,40.6935],[42.6202,40.6801],[42.6112,40.653],[42.5922,40.6311],[42.6024,40.6292],[42.5776,40.6225],[42.5766,40.6128],[42.5689,40.6144],[42.554,40.6107],[42.5448,40.6042],[42.5413,40.5885],[42.5291,40.5841],[42.517,40.5727],[42.5198,40.559],[42.5096,40.5431],[42.5008,40.5366],[42.4858,40.5223],[42.4622,40.5132],[42.4695,40.497],[42.4792,40.4915],[42.4759,40.4686],[42.4811,40.4456],[42.4771,40.4332],[42.482,40.43],[42.4773,40.4076],[42.4866,40.4029],[42.4882,40.3918],[42.4662,40.3827],[42.4464,40.3969],[42.4414,40.3914],[42.4317,40.3868],[42.4147,40.3856],[42.4042,40.3756],[42.4051,40.3656],[42.4016,40.3671],[42.3959,40.3631],[42.3917,40.364],[42.3871,40.3673],[42.3886,40.3744],[42.3821,40.376],[42.3753,40.3799],[42.366,40.3797],[42.3518,40.376],[42.3374,40.3768],[42.3258,40.3873],[42.3109,40.3796],[42.2982,40.3745],[42.2791,40.3726],[42.2742,40.3641],[42.2564,40.3588],[42.2434,40.352],[42.2447,40.3474],[42.2262,40.3504],[42.2155,40.3471],[42.2109,40.3487],[42.1994,40.3465],[42.1953,40.3486],[42.1858,40.3484],[42.1826,40.3461],[42.1743,40.3471],[42.1696,40.3439],[42.1621,40.3486],[42.1562,40.3483],[42.1493,40.3458],[42.1435,40.3512],[42.134,40.3524],[42.1203,40.3369],[42.1298,40.3355],[42.1356,40.3289],[42.1307,40.3154],[42.1222,40.3021],[42.116,40.3006],[42.1178,40.2934],[42.1087,40.2951],[42.1081,40.2879],[42.1152,40.2843],[42.1155,40.2735],[42.1205,40.2675],[42.1007,40.2605],[42.1126,40.2609],[42.1105,40.2557],[42.1316,40.2421],[42.1361,40.2329],[42.1457,40.2376],[42.1551,40.2487],[42.1582,40.2388],[42.1697,40.2414],[42.1766,40.2384],[42.1893,40.2421],[42.1929,40.2382],[42.2025,40.2192],[42.2165,40.206],[42.2218,40.2068],[42.2253,40.2029],[42.2292,40.2039],[42.2314,40.2086],[42.2398,40.2074],[42.2461,40.2116],[42.258,40.2111],[42.2622,40.2093],[42.2703,40.2145],[42.2781,40.2148],[42.2874,40.2007],[42.2949,40.2],[42.2969,40.1973],[42.2941,40.193],[42.2972,40.1912],[42.2956,40.1815],[42.2988,40.1764],[42.3129,40.1823],[42.3169,40.1791],[42.3208,40.1811],[42.3339,40.1742],[42.3344,40.1689],[42.3389,40.1666],[42.3413,40.1621],[42.3498,40.1707],[42.3633,40.1753],[42.3654,40.1706],[42.3663,40.1629],[42.3731,40.1512],[42.3809,40.1493],[42.3875,40.1381],[42.3908,40.1349],[42.3919,40.1162],[42.4032,40.1235],[42.4122,40.1195],[42.4141,40.1197],[42.4195,40.1113],[42.4286,40.0997],[42.4274,40.0948],[42.4307,40.0824],[42.4465,40.0694],[42.4437,40.057],[42.4538,40.0611],[42.4532,40.0502],[42.4647,40.0494],[42.4776,40.0522],[42.4882,40.0398],[42.4935,40.0392],[42.5012,40.0266],[42.535,40.016],[42.5364,40.0062],[42.5457,40.0047],[42.549,39.9994],[42.5463,39.9956],[42.5555,39.9914],[42.5613,39.9839],[42.5588,39.9753],[42.555,39.9731],[42.5555,39.9647],[42.5505,39.9643],[42.5435,39.9618],[42.5425,39.9474],[42.5497,39.9378],[42.5567,39.9346]]]}},{"type":"Feature","properties":{"name":"Eskişehir","number":26},"geometry":{"type":"Polygon","coordinates":[[[31.5925,39.0433],[31.5554,39.0403],[31.5446,39.0441],[31.5457,39.0672],[31.5411,39.0764],[31.5297,39.0831],[31.5082,39.0851],[31.4905,39.0891],[31.4709,39.0988],[31.4475,39.1132],[31.4427,39.1211],[31.4593,39.1476],[31.4522,39.1654],[31.4119,39.1657],[31.4045,39.1682],[31.3867,39.1839],[31.3657,39.1846],[31.3458,39.1887],[31.3363,39.193],[31.3287,39.2013],[31.3176,39.2207],[31.3185,39.2352],[31.3296,39.2517],[31.3305,39.2614],[31.322,39.267],[31.3134,39.2667],[31.3039,39.2611],[31.2933,39.2452],[31.2821,39.24],[31.2585,39.2357],[31.2486,39.2359],[31.2372,39.244],[31.2163,39.2451],[31.1956,39.2486],[31.1651,39.2504],[31.1211,39.2613],[31.1104,39.2599],[31.0719,39.2422],[31.0708,39.2388],[31.0749,39.2331],[31.1055,39.2189],[31.1031,39.2044],[31.0896,39.1984],[31.0679,39.1997],[31.0545,39.202],[31.0348,39.1918],[31.0249,39.1847],[31.017,39.1873],[30.9924,39.1965],[30.9755,39.2042],[30.9532,39.2136],[30.9393,39.217],[30.9273,39.2182],[30.909,39.2146],[30.8915,39.2134],[30.8812,39.2043],[30.8773,39.1944],[30.8779,39.1792],[30.8844,39.1677],[30.9049,39.1496],[30.9208,39.1387],[30.9211,39.131],[30.918,39.1203],[30.9073,39.1167],[30.8916,39.1166],[30.8544,39.1224],[30.8197,39.1231],[30.7971,39.1161],[30.7853,39.0924],[30.7846,39.0714],[30.7691,39.0661],[30.7506,39.0632],[30.742,39.0523],[30.7348,39.0476],[30.7065,39.0498],[30.6934,39.0554],[30.6713,39.077],[30.6688,39.0896],[30.6614,39.0914],[30.6327,39.0882],[30.6098,39.0936],[30.5903,39.0926],[30.5797,39.0967],[30.5723,39.1048],[30.5612,39.1078],[30.5481,39.1146],[30.5453,39.1297],[30.5447,39.144],[30.5321,39.1579],[30.5253,39.1807],[30.5082,39.2159],[30.4962,39.2276],[30.4912,39.2288],[30.479,39.2288],[30.4462,39.2205],[30.4249,39.2385],[30.4026,39.2587],[30.3937,39.271],[30.3972,39.2994],[30.3934,39.3161],[30.3688,39.3408],[30.3437,39.3745],[30.3444,39.3887],[30.3528,39.3976],[30.3883,39.4112],[30.3906,39.4139],[30.377,39.4195],[30.3542,39.4241],[30.3364,39.4357],[30.3314,39.4567],[30.3399,39.5127],[30.3401,39.529],[30.3293,39.5391],[30.3047,39.5492],[30.2617,39.5648],[30.2467,39.5775],[30.2343,39.5938],[30.2216,39.6261],[30.2096,39.6541],[30.2084,39.6767],[30.2235,39.684],[30.1756,39.6807],[30.1467,39.6742],[30.1185,39.6751],[30.0927,39.6684],[30.0603,39.6554],[30.0488,39.6556],[30.0382,39.6598],[30.0316,39.6648],[30.0149,39.6833],[30.0018,39.6909],[29.992,39.7007],[29.9884,39.716],[29.9889,39.7272],[29.9962,39.741],[29.9978,39.7547],[30.0162,39.7801],[30.0486,39.8016],[30.0692,39.8202],[30.0884,39.8327],[30.0985,39.8403],[30.1239,39.8502],[30.1555,39.8584],[30.185,39.8626],[30.2108,39.8608],[30.2207,39.8626],[30.2344,39.8604],[30.2499,39.8553],[30.2601,39.8511],[30.2777,39.8482],[30.2946,39.8405],[30.2935,39.8431],[30.2954,39.8482],[30.295,39.8569],[30.3039,39.8647],[30.3122,39.8676],[30.3194,39.867],[30.317,39.8704],[30.3036,39.873],[30.3002,39.8789],[30.2912,39.9027],[30.2965,39.9164],[30.2869,39.9303],[30.2895,39.9381],[30.2907,39.9532],[30.2953,39.9559],[30.297,39.9535],[30.2976,39.9467],[30.3061,39.9457],[30.3107,39.9413],[30.318,39.9374],[30.3279,39.941],[30.3319,39.9404],[30.3379,39.9373],[30.3524,39.9397],[30.3565,39.9456],[30.3576,39.9534],[30.3642,39.9515],[30.3655,39.9535],[30.3634,39.9628],[30.3568,39.9638],[30.3545,39.9703],[30.3501,39.9725],[30.3472,39.976],[30.3543,39.9798],[30.3591,39.9834],[30.3609,39.9904],[30.3638,39.9905],[30.3694,39.994],[30.3652,40.0008],[30.362,40.004],[30.3694,40.0057],[30.3753,40.0084],[30.3745,40.0118],[30.3764,40.0175],[30.3831,40.0247],[30.3831,40.0159],[30.3807,40.0126],[30.385,40.0114],[30.3895,40.0123],[30.406,40.0091],[30.4116,40.0121],[30.4313,40.0071],[30.4495,40.0111],[30.4663,40.0233],[30.4852,40.0362],[30.4929,40.0455],[30.5059,40.0645],[30.5168,40.0757],[30.5181,40.0842],[30.5319,40.0961],[30.5368,40.102],[30.5337,40.1219],[30.5449,40.1205],[30.5534,40.1261],[30.567,40.1243],[30.5685,40.1328],[30.5884,40.1357],[30.6214,40.1483],[30.637,40.1555],[30.6619,40.164],[30.6624,40.1677],[30.6638,40.1775],[30.6804,40.1873],[30.6866,40.1855],[30.6888,40.1744],[30.7156,40.1562],[30.7284,40.1559],[30.7319,40.1535],[30.7399,40.1529],[30.7497,40.1564],[30.762,40.1543],[30.7739,40.1534],[30.7906,40.1486],[30.8011,40.145],[30.8111,40.1441],[30.819,40.1419],[30.826,40.1342],[30.8361,40.0979],[30.8377,40.0946],[30.8437,40.0915],[30.8445,40.0878],[30.8516,40.0802],[30.8494,40.0748],[30.8501,40.0672],[30.8547,40.0613],[30.8653,40.0598],[30.8708,40.0602],[30.885,40.0473],[30.8888,40.0476],[30.8971,40.0526],[30.8996,40.052],[30.9027,40.0455],[30.9116,40.0378],[30.9244,40.0374],[30.9289,40.0362],[30.9381,40.0294],[30.9435,40.0318],[30.9472,40.0311],[30.9513,40.0334],[30.9584,40.0342],[30.9626,40.0326],[30.9832,40.0313],[30.9868,40.0298],[31.0005,40.0303],[31.0059,40.0317],[31.0191,40.043],[31.0378,40.0508],[31.0486,40.0537],[31.054,40.0541],[31.0717,40.0508],[31.0811,40.0514],[31.0906,40.0591],[31.094,40.0579],[31.0955,40.0542],[31.101,40.054],[31.1099,40.063],[31.1154,40.0716],[31.1197,40.0706],[31.1205,40.0657],[31.1273,40.065],[31.1391,40.0662],[31.1503,40.064],[31.1596,40.0511],[31.1781,40.0475],[31.1885,40.0466],[31.2025,40.047],[31.2063,40.0543],[31.2086,40.0556],[31.2356,40.0611],[31.2528,40.0607],[31.2676,40.0632],[31.2771,40.0595],[31.2897,40.0592],[31.2986,40.0622],[31.3255,40.0554],[31.3267,40.0533],[31.3346,40.0483],[31.3418,40.0459],[31.3479,40.0509],[31.3596,40.0532],[31.3685,40.0569],[31.3731,40.0575],[31.38,40.0616],[31.3919,40.0617],[31.4029,40.0547],[31.4044,40.0498],[31.4033,40.0475],[31.3955,40.0398],[31.3883,40.035],[31.3886,40.0321],[31.3962,40.0288],[31.4015,40.0169],[31.4116,40.0233],[31.4188,40.0235],[31.4231,40.0202],[31.4384,40.022],[31.4459,40.0282],[31.4583,40.0312],[31.459,40.0397],[31.4631,40.045],[31.4702,40.0442],[31.4734,40.0386],[31.4823,40.0353],[31.4889,40.0283],[31.4961,40.0235],[31.505,40.0206],[31.5115,40.0207],[31.5247,40.0339],[31.5347,40.037],[31.5438,40.037],[31.5563,40.0355],[31.5711,40.0305],[31.5764,40.0297],[31.5881,40.0244],[31.5967,40.0217],[31.6081,40.0217],[31.6219,40.0236],[31.6401,40.0295],[31.6562,40.0415],[31.6595,40.0482],[31.6691,40.0521],[31.6753,40.0477],[31.6692,40.0417],[31.6664,40.0294],[31.6579,40.0157],[31.6569,40.0123],[31.6592,40.0087],[31.666,40.0069],[31.6717,40.0069],[31.6873,40.0131],[31.6961,40.0187],[31.7024,40.0216],[31.7126,40.0215],[31.7143,40.0178],[31.7133,40.0128],[31.7087,40.0091],[31.7077,40.0041],[31.7049,40.0011],[31.699,39.998],[31.6947,39.9916],[31.6949,39.9891],[31.6989,39.9802],[31.699,39.9775],[31.703,39.976],[31.7047,39.9719],[31.7147,39.9694],[31.7175,39.9665],[31.7229,39.9654],[31.7331,39.9692],[31.7392,39.9675],[31.7414,39.9635],[31.7403,39.957],[31.7412,39.9528],[31.7385,39.9504],[31.7403,39.9442],[31.7379,39.9409],[31.7397,39.9339],[31.749,39.929],[31.7509,39.9256],[31.7542,39.9253],[31.7559,39.9206],[31.7585,39.9205],[31.7644,39.915],[31.7683,39.908],[31.7663,39.9052],[31.7703,39.902],[31.7703,39.8993],[31.7745,39.8979],[31.7778,39.8939],[31.7811,39.8944],[31.7849,39.8883],[31.788,39.8864],[31.7901,39.8821],[31.7932,39.8806],[31.8008,39.8807],[31.806,39.876],[31.8115,39.8775],[31.8204,39.8765],[31.825,39.8784],[31.8308,39.8771],[31.8423,39.8805],[31.8456,39.8827],[31.8598,39.8824],[31.857,39.8788],[31.8626,39.8756],[31.8674,39.8756],[31.8672,39.8704],[31.8624,39.8667],[31.8563,39.8651],[31.852,39.8621],[31.8451,39.855],[31.8535,39.8495],[31.859,39.8523],[31.8685,39.8526],[31.8691,39.8567],[31.8764,39.858],[31.8814,39.8604],[31.8842,39.8552],[31.8892,39.8563],[31.8905,39.8592],[31.8954,39.8565],[31.9001,39.8559],[31.8879,39.8412],[31.8831,39.8373],[31.8801,39.8321],[31.8734,39.8314],[31.8609,39.8328],[31.8596,39.837],[31.8516,39.8417],[31.8462,39.8356],[31.8415,39.8109],[31.8401,39.8093],[31.8394,39.8013],[31.8298,39.7845],[31.8149,39.7925],[31.8093,39.7883],[31.7971,39.7835],[31.7888,39.7832],[31.7883,39.7758],[31.7841,39.7711],[31.7796,39.763],[31.7758,39.7542],[31.7664,39.7456],[31.7649,39.738],[31.7647,39.7226],[31.7752,39.7048],[31.7798,39.7011],[31.792,39.695],[31.7977,39.6938],[31.8042,39.6905],[31.8078,39.6909],[31.8112,39.6846],[31.8169,39.6845],[31.8196,39.6819],[31.8284,39.6809],[31.8331,39.6779],[31.8391,39.672],[31.8473,39.6723],[31.8505,39.6703],[31.8592,39.6684],[31.8628,39.6658],[31.8692,39.6647],[31.8735,39.6662],[31.8753,39.6704],[31.8789,39.6734],[31.8874,39.6694],[31.8965,39.6686],[31.8982,39.6702],[31.9096,39.6683],[31.9149,39.6655],[31.9212,39.6643],[31.9307,39.6542],[31.9436,39.6345],[31.9347,39.6272],[31.9328,39.6237],[31.9031,39.6151],[31.8955,39.6136],[31.8942,39.6114],[31.8965,39.6064],[31.8942,39.6024],[31.8891,39.6021],[31.8907,39.5974],[31.8876,39.5944],[31.8914,39.5917],[31.8913,39.5883],[31.9019,39.5883],[31.9061,39.5804],[31.9014,39.5775],[31.8956,39.5769],[31.8919,39.5749],[31.8984,39.5437],[31.9173,39.5414],[31.9268,39.5407],[31.9338,39.5378],[31.9469,39.5397],[31.9443,39.5479],[31.9477,39.5494],[31.9438,39.5532],[31.9383,39.5629],[31.9422,39.5649],[31.9479,39.5629],[31.9489,39.5592],[31.9549,39.5499],[31.9719,39.5357],[31.9735,39.5317],[31.97,39.526],[31.9651,39.5222],[31.9645,39.5184],[31.9664,39.5124],[31.9727,39.5074],[31.9806,39.5052],[31.9871,39.5044],[31.9923,39.5024],[31.998,39.497],[31.9934,39.4933],[31.9912,39.4897],[31.9908,39.4852],[31.9875,39.4834],[31.9862,39.4792],[31.9885,39.4747],[31.9935,39.4703],[31.9929,39.4646],[31.9977,39.4553],[31.9943,39.4517],[31.9928,39.445],[31.9958,39.4408],[31.9926,39.437],[31.9912,39.4311],[31.9931,39.4278],[31.9914,39.4236],[31.9813,39.417],[31.9775,39.4134],[31.9747,39.4048],[31.9759,39.402],[31.9715,39.3991],[31.9708,39.3944],[31.9741,39.3928],[31.984,39.3841],[31.9909,39.3771],[31.9918,39.3741],[31.987,39.3685],[31.9785,39.3662],[31.9727,39.3578],[31.9726,39.3561],[31.979,39.3495],[31.9838,39.3472],[31.9882,39.3484],[31.9957,39.3437],[32.003,39.342],[32.0037,39.3337],[32.0101,39.3282],[32.0094,39.3232],[32.0035,39.324],[32.0017,39.326],[31.9867,39.3161],[31.9825,39.3122],[31.979,39.3068],[31.9696,39.2946],[31.9685,39.2895],[31.9645,39.2905],[31.9601,39.2877],[31.9544,39.2797],[31.9475,39.2757],[31.949,39.2689],[31.9773,39.2527],[31.9888,39.2376],[31.9889,39.2354],[32.0011,39.2283],[32.0088,39.2261],[32.0043,39.2198],[31.9981,39.2207],[31.9822,39.2297],[31.9782,39.2368],[31.9691,39.2467],[31.961,39.2446],[31.9595,39.2401],[31.9551,39.2337],[31.9484,39.2312],[31.9421,39.2305],[31.9388,39.2316],[31.9298,39.23],[31.9256,39.2279],[31.9251,39.2252],[31.9284,39.2208],[31.9255,39.2119],[31.9215,39.2081],[31.9137,39.2071],[31.9087,39.202],[31.9033,39.1984],[31.8918,39.1925],[31.8871,39.1826],[31.8824,39.1823],[31.8764,39.1856],[31.8718,39.1847],[31.8675,39.1786],[31.8626,39.1768],[31.8557,39.1818],[31.8487,39.1807],[31.849,39.1762],[31.841,39.1731],[31.8382,39.1764],[31.8339,39.1784],[31.8275,39.1765],[31.8269,39.1729],[31.8293,39.1667],[31.827,39.1629],[31.8196,39.1595],[31.8435,39.1422],[31.8392,39.1342],[31.8307,39.1356],[31.8146,39.1327],[31.8099,39.1308],[31.8017,39.1314],[31.7932,39.1199],[31.7897,39.1186],[31.786,39.1204],[31.7719,39.114],[31.7702,39.1062],[31.7643,39.1003],[31.7537,39.0974],[31.7542,39.0911],[31.7493,39.0762],[31.7434,39.0655],[31.7389,39.065],[31.7363,39.06],[31.7313,39.0599],[31.7277,39.0551],[31.7243,39.0558],[31.7131,39.0543],[31.7109,39.0526],[31.6857,39.0592],[31.6796,39.0528],[31.6773,39.0528],[31.6625,39.0634],[31.6597,39.0575],[31.6562,39.0584],[31.644,39.0572],[31.6429,39.0541],[31.6328,39.0536],[31.6253,39.0521],[31.6219,39.0485],[31.6112,39.0469],[31.5925,39.0433]]]}},{"type":"Feature","properties":{"name":"Gaziantep","number":27},"geometry":{"type":"Polygon","coordinates":[[[37.6038,37.4835],[37.6242,37.4867],[37.6292,37.488],[37.63,37.5048],[37.6367,37.5153],[37.6401,37.5166],[37.6495,37.5117],[37.6592,37.5145],[37.6711,37.517],[37.7011,37.5207],[37.7195,37.5266],[37.7315,37.5271],[37.7478,37.5222],[37.758,37.515],[37.7714,37.5046],[37.7851,37.4958],[37.798,37.486],[37.8174,37.4759],[37.8377,37.4698],[37.861,37.4667],[37.8977,37.4662],[37.9308,37.4678],[37.9678,37.473],[37.9835,37.4746],[38,37.4755],[38.0258,37.4733],[38.0417,37.4729],[38.0631,37.4685],[38.0761,37.4639],[38.0797,37.4611],[38.0811,37.4541],[38.081,37.4479],[38.0751,37.4441],[38.0669,37.4303],[38.0596,37.43],[38.045,37.4397],[38.0372,37.4427],[38.0283,37.4425],[38.0194,37.4394],[38.0105,37.4354],[38.005,37.4363],[37.9954,37.4398],[37.9851,37.4398],[37.9751,37.435],[37.9698,37.4282],[37.9683,37.4212],[37.9634,37.415],[37.9497,37.4078],[37.9398,37.3995],[37.9367,37.391],[37.9339,37.3863],[37.9215,37.3787],[37.9171,37.3733],[37.9035,37.3595],[37.8928,37.3526],[37.8821,37.348],[37.8742,37.3426],[37.8739,37.3369],[37.8857,37.3307],[37.888,37.3266],[37.8855,37.3233],[37.8792,37.3205],[37.8663,37.3184],[37.8615,37.3151],[37.8591,37.3052],[37.8551,37.296],[37.8533,37.2874],[37.85,37.2803],[37.8431,37.2721],[37.8409,37.2678],[37.8417,37.2624],[37.8488,37.2499],[37.864,37.2441],[37.8745,37.2333],[37.881,37.2251],[37.8824,37.2176],[37.8786,37.2135],[37.8747,37.2119],[37.8697,37.2131],[37.8633,37.2172],[37.8565,37.2231],[37.8484,37.2247],[37.8403,37.2239],[37.8364,37.2134],[37.8352,37.2067],[37.8374,37.1978],[37.8417,37.1878],[37.8442,37.1792],[37.8503,37.1693],[37.8757,37.1406],[37.8778,37.1333],[37.8783,37.1264],[37.8762,37.1183],[37.8743,37.1069],[37.8692,37.0961],[37.8667,37.0786],[37.8695,37.0705],[37.8742,37.0643],[37.8869,37.0557],[37.8949,37.0509],[37.9021,37.049],[37.9078,37.0443],[37.9133,37.0419],[37.9228,37.0403],[37.9336,37.0404],[37.9442,37.0445],[37.9526,37.0526],[37.9624,37.0561],[37.9722,37.0568],[37.9777,37.0535],[37.9813,37.0471],[37.9806,37.0401],[37.9763,37.032],[37.9719,37.0352],[37.9594,37.0377],[37.9535,37.0372],[37.9516,37.0336],[37.9539,37.0283],[37.9583,37.0251],[37.9583,37.0225],[37.9624,37.02],[37.9655,37.0219],[37.97,37.0187],[37.9637,37.0062],[37.9624,36.9995],[37.9664,36.9869],[37.9731,36.9783],[37.978,36.9733],[37.9909,36.9663],[38.0041,36.9624],[38.0074,36.9581],[38.0087,36.9477],[38.0075,36.9403],[38.0072,36.9305],[38.0099,36.9169],[38.0144,36.9083],[38.0214,36.8987],[38.0312,36.8911],[38.0386,36.8833],[38.0371,36.8738],[38.0305,36.8674],[38.0242,36.8558],[38.0214,36.8373],[38.025,36.8303],[38.0194,36.8265],[38.0126,36.8264],[38.0098,36.8285],[37.9992,36.83],[37.9933,36.832],[37.9655,36.8215],[37.9614,36.8205],[37.9407,36.8186],[37.9249,36.8109],[37.9056,36.7933],[37.9019,36.7912],[37.8802,36.7882],[37.8745,36.7865],[37.8282,36.7691],[37.823,36.7678],[37.7997,36.7633],[37.796,36.7609],[37.7852,36.7504],[37.7776,36.7491],[37.7298,36.7516],[37.7267,36.752],[37.7066,36.7573],[37.7003,36.7573],[37.6912,36.7511],[37.6858,36.7456],[37.6818,36.7438],[37.6716,36.7448],[37.6643,36.7494],[37.6582,36.749],[37.6478,36.7423],[37.622,36.7248],[37.6154,36.7218],[37.5806,36.7091],[37.5727,36.7058],[37.5651,36.7158],[37.5579,36.7202],[37.5545,36.7252],[37.5508,36.7264],[37.5442,36.7225],[37.5417,36.7288],[37.5441,36.7309],[37.5393,36.7427],[37.5312,36.7442],[37.5114,36.7388],[37.5086,36.7425],[37.5072,36.7505],[37.5017,36.7526],[37.4914,36.752],[37.4909,36.7572],[37.4875,36.7651],[37.4957,36.7676],[37.4988,36.7708],[37.4928,36.7759],[37.493,36.7841],[37.4893,36.7821],[37.4763,36.7837],[37.477,36.7814],[37.4631,36.7859],[37.458,36.7857],[37.4533,36.7885],[37.4527,36.7931],[37.4468,36.7946],[37.4474,36.8084],[37.4493,36.8135],[37.4436,36.8146],[37.4338,36.8151],[37.4224,36.8195],[37.4151,36.8258],[37.4094,36.8265],[37.4056,36.8144],[37.4031,36.8105],[37.4047,36.807],[37.3807,36.8041],[37.3818,36.7941],[37.3863,36.7839],[37.3826,36.7758],[37.391,36.771],[37.401,36.7688],[37.3975,36.7595],[37.3844,36.7488],[37.3858,36.7419],[37.3927,36.7285],[37.3832,36.7276],[37.3691,36.7238],[37.3648,36.7327],[37.3596,36.7307],[37.3519,36.7427],[37.3157,36.7603],[37.3059,36.7694],[37.3029,36.7825],[37.3028,36.8197],[37.3094,36.8355],[37.3084,36.8465],[37.2981,36.8597],[37.278,36.8717],[37.2569,36.8773],[37.2211,36.8806],[37.1891,36.8808],[37.1648,36.8834],[37.1527,36.8909],[37.1252,36.8951],[37.1135,36.8951],[37.102,36.898],[37.0892,36.9043],[37.0795,36.9166],[37.068,36.9336],[37.0715,36.9383],[37.0639,36.9413],[37.0618,36.9472],[37.075,36.9535],[37.0723,36.964],[37.0666,36.9613],[37.0648,36.9669],[37.0527,36.9684],[37.0491,36.9721],[37.0571,36.9817],[37.0664,36.9879],[37.064,36.996],[37.0533,36.9971],[37.0484,36.9963],[37.0411,36.9999],[37.0373,36.9938],[37.0342,36.9964],[37.0255,36.9969],[37.017,36.996],[37.0175,37.0003],[37.0052,37.01],[37.0059,37.0147],[37,37.0225],[37.0015,37.0301],[37.0042,37.0314],[36.9937,37.0346],[36.9769,37.0245],[36.9509,37.0138],[36.9522,37.0002],[36.94,36.9841],[36.934,36.9769],[36.9321,36.9698],[36.9286,36.9621],[36.9269,36.956],[36.9191,36.9497],[36.9046,36.9444],[36.895,36.9383],[36.8898,36.9321],[36.8805,36.9267],[36.8836,36.9215],[36.8869,36.9206],[36.8866,36.9161],[36.8888,36.9124],[36.8846,36.9082],[36.8846,36.9026],[36.8804,36.9001],[36.8826,36.8959],[36.8723,36.8917],[36.8619,36.8918],[36.8345,36.906],[36.8232,36.9131],[36.8149,36.9199],[36.7962,36.9122],[36.7851,36.9071],[36.7682,36.8885],[36.7555,36.8758],[36.7474,36.8706],[36.7205,36.8573],[36.7124,36.8268],[36.7116,36.8257],[36.6931,36.8271],[36.685,36.8255],[36.6697,36.829],[36.6652,36.8268],[36.6548,36.8351],[36.6425,36.8459],[36.6274,36.8539],[36.6181,36.8569],[36.6041,36.8582],[36.5882,36.8619],[36.5715,36.864],[36.5487,36.8734],[36.5323,36.879],[36.522,36.8862],[36.5096,36.8876],[36.4942,36.893],[36.4764,36.9032],[36.4615,36.9194],[36.4483,36.9311],[36.4428,36.9331],[36.4474,36.9451],[36.4571,36.9653],[36.4607,36.9788],[36.472,36.9875],[36.487,36.9915],[36.505,37.0003],[36.5239,37.0127],[36.5394,37.0318],[36.5481,37.041],[36.5506,37.0486],[36.5623,37.0513],[36.572,37.0728],[36.5735,37.0925],[36.5828,37.0952],[36.588,37.1024],[36.5959,37.1031],[36.6007,37.1089],[36.6072,37.111],[36.6176,37.1186],[36.6238,37.1261],[36.6215,37.1337],[36.618,37.1411],[36.6217,37.1445],[36.6257,37.1537],[36.6371,37.1555],[36.6462,37.1579],[36.6479,37.162],[36.6565,37.1711],[36.6795,37.184],[36.6931,37.2162],[36.7056,37.2177],[36.714,37.2198],[36.7177,37.2183],[36.7406,37.2293],[36.7464,37.2369],[36.7524,37.2331],[36.7556,37.2337],[36.7656,37.2312],[36.7715,37.2284],[36.7754,37.2338],[36.7811,37.2344],[36.7929,37.2388],[36.8021,37.2367],[36.8153,37.2374],[36.8193,37.2427],[36.8242,37.2445],[36.8322,37.2449],[36.838,37.2434],[36.8359,37.2533],[36.8384,37.2552],[36.8442,37.2565],[36.8463,37.2622],[36.8521,37.2634],[36.855,37.2679],[36.8552,37.277],[36.876,37.2912],[36.8795,37.3118],[36.888,37.3183],[36.8906,37.3231],[36.8958,37.3238],[36.9068,37.3167],[36.9174,37.3165],[36.9423,37.3087],[36.9654,37.2947],[36.9694,37.29],[36.9697,37.2868],[36.967,37.2753],[36.9689,37.2664],[36.9839,37.256],[37.0034,37.2453],[37.0095,37.2334],[36.9961,37.2046],[36.9991,37.1924],[37.0056,37.181],[37.0698,37.1949],[37.0924,37.2052],[37.1119,37.2166],[37.1214,37.2342],[37.1385,37.2439],[37.1655,37.254],[37.1895,37.2741],[37.1973,37.2839],[37.2128,37.2939],[37.2306,37.324],[37.2455,37.3311],[37.2663,37.3348],[37.2816,37.3326],[37.2973,37.3229],[37.3373,37.3237],[37.361,37.3303],[37.3762,37.3307],[37.3924,37.3377],[37.4191,37.3534],[37.4329,37.3638],[37.4451,37.3708],[37.4469,37.3822],[37.4515,37.3927],[37.4545,37.3917],[37.4627,37.3943],[37.4688,37.3949],[37.4765,37.3923],[37.4786,37.3942],[37.497,37.3973],[37.5067,37.4018],[37.5144,37.4083],[37.5329,37.4258],[37.5443,37.445],[37.5578,37.4607],[37.5712,37.4775],[37.5818,37.4816],[37.6038,37.4835]]]}},{"type":"Feature","properties":{"name":"Giresun","number":28},"geometry":{"type":"Polygon","coordinates":[[[38.9539,40.0589],[38.9414,40.0571],[38.9368,40.0518],[38.9214,40.0458],[38.9147,40.0475],[38.9,40.0544],[38.8873,40.0549],[38.8758,40.06],[38.867,40.0581],[38.8512,40.0622],[38.8405,40.0562],[38.8281,40.0556],[38.819,40.0586],[38.8089,40.0643],[38.8008,40.07],[38.789,40.0692],[38.7835,40.0651],[38.7748,40.0647],[38.7722,40.0671],[38.767,40.0685],[38.7637,40.0716],[38.7692,40.0732],[38.7651,40.0798],[38.7586,40.0792],[38.7501,40.0852],[38.7406,40.0851],[38.7315,40.089],[38.7265,40.0898],[38.7162,40.0868],[38.7056,40.0872],[38.6996,40.0865],[38.6946,40.0881],[38.6891,40.0859],[38.6835,40.0861],[38.6706,40.0817],[38.6577,40.0833],[38.6552,40.089],[38.6565,40.097],[38.6599,40.1038],[38.6602,40.1074],[38.6546,40.1081],[38.6408,40.1058],[38.6297,40.1056],[38.6233,40.1039],[38.6069,40.1035],[38.6012,40.1062],[38.5938,40.0993],[38.5806,40.0994],[38.5737,40.097],[38.5615,40.0946],[38.562,40.0986],[38.5579,40.0995],[38.5583,40.1049],[38.5616,40.1072],[38.5568,40.1135],[38.522,40.1186],[38.51,40.1199],[38.5115,40.1253],[38.5177,40.1286],[38.5224,40.1341],[38.5224,40.1379],[38.5258,40.1426],[38.5303,40.1435],[38.5345,40.1533],[38.5122,40.1543],[38.509,40.1516],[38.5051,40.1543],[38.4931,40.1542],[38.4876,40.1563],[38.4865,40.1604],[38.4828,40.1636],[38.464,40.1666],[38.4619,40.1652],[38.4521,40.1649],[38.4468,40.163],[38.4433,40.1549],[38.4472,40.1478],[38.4394,40.137],[38.4411,40.1301],[38.432,40.1264],[38.4152,40.1232],[38.4109,40.1278],[38.41,40.1368],[38.4056,40.1403],[38.4036,40.1473],[38.398,40.1492],[38.3955,40.145],[38.3757,40.1473],[38.3662,40.1525],[38.3541,40.16],[38.3368,40.1694],[38.3307,40.1674],[38.3248,40.169],[38.3216,40.1758],[38.3268,40.1799],[38.3234,40.1862],[38.3156,40.1872],[38.3103,40.1854],[38.3015,40.1855],[38.2991,40.1918],[38.2898,40.1928],[38.2799,40.1978],[38.2581,40.1991],[38.2456,40.2043],[38.2402,40.2078],[38.2323,40.2063],[38.2288,40.2075],[38.2158,40.2055],[38.2196,40.2119],[38.2075,40.2164],[38.1766,40.218],[38.165,40.2215],[38.1657,40.228],[38.1693,40.2374],[38.1751,40.2445],[38.1809,40.244],[38.1901,40.2398],[38.1937,40.2422],[38.2021,40.2611],[38.1996,40.2671],[38.1912,40.2674],[38.1835,40.2694],[38.1771,40.2654],[38.1744,40.273],[38.1776,40.2859],[38.1861,40.292],[38.1839,40.2971],[38.1781,40.2986],[38.1713,40.3055],[38.1678,40.3159],[38.1661,40.3232],[38.1536,40.343],[38.1474,40.3495],[38.1586,40.3604],[38.1548,40.3673],[38.1525,40.3773],[38.1533,40.3996],[38.1562,40.4019],[38.1637,40.4182],[38.1689,40.4219],[38.1696,40.4271],[38.1721,40.4339],[38.17,40.4461],[38.1727,40.4533],[38.1708,40.4624],[38.1759,40.4782],[38.174,40.4885],[38.1883,40.4919],[38.1923,40.4979],[38.1904,40.5039],[38.1904,40.509],[38.1832,40.5103],[38.1706,40.5152],[38.1694,40.5205],[38.1596,40.5248],[38.1444,40.5156],[38.1289,40.5042],[38.1144,40.5124],[38.1076,40.5125],[38.1067,40.5215],[38.1006,40.5315],[38.1008,40.5435],[38.0979,40.56],[38.0971,40.5729],[38.0895,40.5744],[38.066,40.5909],[38.0523,40.5937],[38.0372,40.5981],[38.034,40.6032],[38.0334,40.6112],[38.0307,40.6149],[38.0316,40.6208],[38.0231,40.6211],[38.0153,40.6291],[38.014,40.6338],[38.0092,40.6347],[38.0059,40.6383],[38.006,40.6478],[37.9995,40.6572],[38.0019,40.6662],[38.0093,40.6679],[38.0129,40.6725],[37.9986,40.6789],[37.9941,40.682],[37.995,40.6843],[37.9866,40.6843],[37.9811,40.6833],[37.9747,40.6806],[37.9625,40.6832],[37.9639,40.6887],[37.9681,40.6899],[37.9711,40.694],[37.9705,40.6999],[37.9748,40.7058],[37.971,40.7115],[37.9735,40.7213],[37.968,40.7288],[37.9692,40.736],[37.9665,40.74],[37.9618,40.7435],[37.9683,40.7509],[37.9717,40.7457],[37.9807,40.7471],[37.9814,40.7532],[37.988,40.7541],[37.9874,40.7608],[37.9895,40.7635],[37.9957,40.7648],[38.0029,40.771],[38.019,40.7745],[38.0254,40.7746],[38.029,40.7775],[38.0332,40.7782],[38.0483,40.7832],[38.0402,40.7875],[38.0277,40.7909],[38.0237,40.7906],[38.0197,40.7927],[38.0171,40.7964],[38.019,40.799],[38.0132,40.8013],[38.0155,40.806],[38.0094,40.8105],[38.0046,40.8171],[38.0085,40.8243],[38.0112,40.8359],[38.0087,40.8462],[38.0157,40.8555],[38.0156,40.8586],[38.0116,40.8665],[38.0196,40.8795],[38.0184,40.8839],[38.0219,40.8878],[38.0382,40.8992],[38.0507,40.895],[38.0559,40.8977],[38.0664,40.8969],[38.078,40.8997],[38.0819,40.9084],[38.0803,40.9145],[38.0835,40.918],[38.0942,40.9261],[38.0993,40.9274],[38.0998,40.9325],[38.1025,40.9359],[38.1017,40.939],[38.1051,40.9415],[38.1073,40.9487],[38.1101,40.9493],[38.116,40.958],[38.1242,40.9539],[38.1343,40.953],[38.1509,40.9533],[38.1517,40.9509],[38.1617,40.9497],[38.1625,40.9475],[38.1744,40.946],[38.1891,40.9391],[38.1986,40.9391],[38.2075,40.9379],[38.2212,40.9389],[38.2316,40.9405],[38.2418,40.9411],[38.253,40.9438],[38.2641,40.945],[38.2664,40.9443],[38.2771,40.9456],[38.2822,40.9453],[38.2882,40.9431],[38.2878,40.9395],[38.2913,40.9373],[38.305,40.9351],[38.3097,40.9289],[38.325,40.9197],[38.3318,40.9171],[38.3464,40.9131],[38.3582,40.9092],[38.3688,40.91],[38.384,40.92],[38.388,40.9245],[38.3937,40.9236],[38.3948,40.9198],[38.4011,40.9157],[38.4066,40.9147],[38.4209,40.9164],[38.4297,40.9123],[38.4368,40.9155],[38.4444,40.9144],[38.4529,40.9161],[38.4597,40.9151],[38.4692,40.9183],[38.4743,40.9176],[38.4776,40.9146],[38.4836,40.9141],[38.4924,40.9163],[38.5009,40.9161],[38.5068,40.918],[38.5152,40.9175],[38.5226,40.9183],[38.5293,40.9175],[38.5354,40.9185],[38.5497,40.9248],[38.5536,40.9275],[38.5599,40.9296],[38.5684,40.9342],[38.5791,40.943],[38.5859,40.9439],[38.592,40.9477],[38.5944,40.953],[38.5971,40.9532],[38.6046,40.9577],[38.6094,40.9626],[38.6109,40.9662],[38.6202,40.9676],[38.6251,40.9735],[38.6343,40.9706],[38.6404,40.9716],[38.648,40.9705],[38.6533,40.9666],[38.6588,40.9575],[38.6626,40.9546],[38.673,40.9498],[38.6796,40.9494],[38.687,40.947],[38.6977,40.9483],[38.7072,40.9506],[38.714,40.9504],[38.7192,40.9523],[38.7332,40.9607],[38.7447,40.967],[38.7597,40.9763],[38.7713,40.9844],[38.7816,40.9927],[38.7841,40.9921],[38.7913,40.9949],[38.7975,40.9997],[38.8071,41.0028],[38.8086,41.0059],[38.8172,41.0114],[38.8179,41.0069],[38.8262,41.0044],[38.8315,41.0052],[38.84,41.0088],[38.8476,41.011],[38.862,41.0121],[38.8692,41.0106],[38.8791,41.0141],[38.8936,41.0223],[38.9006,41.0273],[38.919,41.0394],[38.9263,41.0398],[38.9336,41.0434],[38.9425,41.0384],[38.9482,41.037],[38.9546,41.0375],[38.9684,41.0368],[38.9813,41.039],[38.9875,41.0373],[38.9971,41.0398],[39.0088,41.0324],[39.0182,41.0323],[39.0307,41.0336],[39.0389,41.0354],[39.0532,41.0368],[39.0749,41.0447],[39.0787,41.044],[39.0964,41.0463],[39.1074,41.0495],[39.117,41.0516],[39.1305,41.0577],[39.1361,41.0627],[39.1436,41.0666],[39.1506,41.0715],[39.1626,41.0787],[39.169,41.0777],[39.1747,41.0743],[39.1806,41.0737],[39.1822,41.0685],[39.1782,41.0621],[39.1747,41.0611],[39.1754,41.0535],[39.1744,41.0499],[39.1699,41.0477],[39.1643,41.0471],[39.1544,41.0386],[39.1534,41.0349],[39.155,41.0306],[39.153,41.0258],[39.156,41.0197],[39.1545,41.0074],[39.1494,41.0063],[39.1444,40.9944],[39.1417,40.9926],[39.1315,40.9898],[39.1343,40.9857],[39.1405,40.9821],[39.1432,40.9686],[39.1458,40.9647],[39.1454,40.9607],[39.1498,40.9547],[39.1496,40.9511],[39.1409,40.9384],[39.1434,40.9287],[39.1389,40.9147],[39.1348,40.9088],[39.1398,40.9045],[39.1506,40.8986],[39.1544,40.8865],[39.1468,40.8793],[39.1419,40.8698],[39.1421,40.865],[39.1478,40.8612],[39.1458,40.8564],[39.1496,40.8516],[39.1488,40.8452],[39.1446,40.8428],[39.1383,40.8428],[39.1314,40.8411],[39.1275,40.8367],[39.1233,40.8271],[39.1235,40.8177],[39.1305,40.8138],[39.1371,40.8123],[39.1386,40.8065],[39.1422,40.802],[39.14,40.7987],[39.1397,40.7918],[39.136,40.7893],[39.1388,40.7844],[39.1374,40.7764],[39.1294,40.777],[39.1191,40.7855],[39.1073,40.8006],[39.1065,40.8192],[39.0948,40.821],[39.0811,40.8373],[39.0765,40.8294],[39.0659,40.8272],[39.0594,40.8216],[39.0459,40.8163],[39.0292,40.8245],[39.0087,40.816],[39.0137,40.8087],[39.0142,40.8035],[39.0125,40.7983],[39.0176,40.7937],[39.0152,40.7846],[39.0178,40.7812],[39.0161,40.7773],[39.0179,40.7728],[39.0111,40.7621],[39.0083,40.7607],[38.9998,40.7677],[38.9789,40.7627],[38.972,40.7623],[38.9673,40.7638],[38.9634,40.7628],[38.9597,40.7681],[38.9549,40.7692],[38.9518,40.7677],[38.9518,40.7631],[38.944,40.7551],[38.9438,40.7508],[38.9324,40.7435],[38.9295,40.737],[38.929,40.7306],[38.9357,40.7222],[38.9455,40.7115],[38.9512,40.7073],[38.9428,40.7046],[38.9355,40.7012],[38.9301,40.6961],[38.9338,40.6939],[38.933,40.6912],[38.9364,40.6879],[38.9393,40.6826],[38.9458,40.68],[38.9503,40.6814],[38.9539,40.6782],[38.9601,40.6756],[38.9604,40.6728],[38.9568,40.6694],[38.9589,40.6667],[38.967,40.667],[38.9707,40.6636],[38.9714,40.6601],[38.9673,40.6585],[38.9695,40.6538],[38.9706,40.6478],[38.9701,40.6407],[38.9658,40.6327],[38.9699,40.6296],[38.9743,40.6302],[38.9774,40.6278],[38.9774,40.6245],[38.9697,40.6159],[38.9695,40.6125],[38.9723,40.6047],[38.9692,40.5999],[38.9646,40.5896],[38.9567,40.5947],[38.9572,40.5975],[38.9532,40.6009],[38.9429,40.6031],[38.9345,40.604],[38.9261,40.607],[38.9199,40.6107],[38.9057,40.6099],[38.8777,40.6146],[38.8653,40.615],[38.8593,40.6126],[38.8439,40.6133],[38.8333,40.6169],[38.8223,40.6122],[38.8178,40.6067],[38.8118,40.6055],[38.8028,40.5957],[38.7978,40.5939],[38.7992,40.5878],[38.7724,40.5495],[38.7572,40.5419],[38.7505,40.5298],[38.7576,40.5173],[38.755,40.5088],[38.758,40.5057],[38.7676,40.5038],[38.767,40.4997],[38.7811,40.4978],[38.8006,40.5014],[38.8117,40.4978],[38.8205,40.4975],[38.8295,40.4903],[38.8399,40.49],[38.8457,40.489],[38.8595,40.4885],[38.8741,40.4825],[38.8852,40.4809],[38.8829,40.4766],[38.8838,40.4717],[38.8973,40.4725],[38.9081,40.4686],[38.9163,40.4726],[38.9649,40.4617],[38.9814,40.456],[39.0028,40.4447],[39.0085,40.4335],[39.0102,40.4244],[39.007,40.4185],[39.0073,40.4128],[39.0125,40.4093],[39.0158,40.4016],[39.0164,40.3973],[39.0236,40.3938],[39.0273,40.3861],[39.0604,40.3823],[39.0697,40.3785],[39.0747,40.3611],[39.0656,40.3547],[39.0441,40.347],[39.0346,40.3403],[39.0313,40.3346],[39.0133,40.335],[39.0052,40.323],[38.9824,40.3052],[38.9771,40.2983],[38.9659,40.2889],[38.9489,40.2648],[38.9369,40.2592],[38.9363,40.2561],[38.9316,40.252],[38.9237,40.2517],[38.9154,40.25],[38.9077,40.2468],[38.9046,40.2333],[38.9099,40.2294],[38.9084,40.2227],[38.901,40.2145],[38.8918,40.2128],[38.8916,40.2037],[38.8775,40.2018],[38.8731,40.1912],[38.8822,40.1858],[38.8803,40.18],[38.8841,40.175],[38.8819,40.1706],[38.8841,40.1655],[38.8822,40.1616],[38.8864,40.157],[38.887,40.1457],[38.9055,40.1472],[38.9134,40.1384],[38.9208,40.1333],[38.9232,40.1197],[38.9332,40.1169],[38.9375,40.1145],[38.9479,40.1154],[38.9476,40.112],[38.954,40.1069],[38.9622,40.1044],[38.9586,40.1017],[38.9577,40.0975],[38.9539,40.0964],[38.9503,40.0907],[38.9521,40.0861],[38.9363,40.0866],[38.9388,40.0806],[38.9451,40.0724],[38.9565,40.0631],[38.9539,40.0589]]]}},{"type":"Feature","properties":{"name":"Gümüşhane","number":29},"geometry":{"type":"Polygon","coordinates":[[[40.1033,40.5415],[40.0983,40.5355],[40.0967,40.5281],[40.0906,40.5215],[40.0841,40.5184],[40.0771,40.5125],[40.0686,40.5025],[40.013,40.501],[39.9623,40.4894],[39.9209,40.4761],[39.8873,40.445],[39.8659,40.4133],[39.8557,40.3801],[39.8265,40.3463],[39.8172,40.3127],[39.802,40.3064],[39.8277,40.2928],[39.8492,40.2766],[39.8526,40.2449],[39.8537,40.2171],[39.8364,40.1932],[39.8141,40.1795],[39.7762,40.1641],[39.7689,40.1558],[39.75,40.1545],[39.7361,40.1431],[39.721,40.1381],[39.6974,40.1166],[39.6849,40.1125],[39.663,40.0968],[39.6702,40.0634],[39.6827,40.0516],[39.6908,40.0024],[39.7136,39.9861],[39.7393,39.9754],[39.7539,39.9688],[39.8047,39.9307],[39.8167,39.9195],[39.7982,39.8971],[39.7714,39.8894],[39.7365,39.8877],[39.6943,39.886],[39.6593,39.8668],[39.6531,39.8627],[39.6422,39.8619],[39.6326,39.8652],[39.629,39.8727],[39.6226,39.8926],[39.6135,39.8975],[39.592,39.8918],[39.5713,39.8888],[39.5589,39.8856],[39.5613,39.8789],[39.5974,39.8362],[39.5865,39.8371],[39.5539,39.8362],[39.5434,39.8409],[39.5436,39.854],[39.5408,39.8666],[39.528,39.8733],[39.5244,39.8792],[39.5131,39.8811],[39.5088,39.8741],[39.485,39.8615],[39.4694,39.859],[39.4471,39.8623],[39.4158,39.8723],[39.3952,39.8778],[39.3851,39.8818],[39.3726,39.8849],[39.359,39.8865],[39.3152,39.893],[39.3044,39.8904],[39.2941,39.893],[39.2915,39.901],[39.2857,39.9081],[39.2773,39.9136],[39.2716,39.9218],[39.2492,39.929],[39.2154,39.9303],[39.1795,39.9372],[39.1612,39.9416],[39.1405,39.9493],[39.1336,39.9569],[39.1228,39.9671],[39.1262,39.9862],[39.1073,39.9896],[39.0974,39.9995],[39.0892,40.0098],[39.0699,40.0155],[39.0598,40.0179],[39.0442,40.0252],[39.0263,40.0287],[39.024,40.0364],[39.0135,40.0437],[38.9997,40.0465],[38.9927,40.0506],[38.9828,40.0498],[38.9748,40.0522],[38.957,40.0558],[38.9539,40.0589],[38.9565,40.0631],[38.9451,40.0724],[38.9388,40.0806],[38.9363,40.0866],[38.9521,40.0861],[38.9503,40.0907],[38.9539,40.0964],[38.9577,40.0975],[38.9586,40.1017],[38.9622,40.1044],[38.954,40.1069],[38.9476,40.112],[38.9479,40.1154],[38.9375,40.1145],[38.9332,40.1169],[38.9232,40.1197],[38.9208,40.1333],[38.9134,40.1384],[38.9055,40.1472],[38.887,40.1457],[38.8864,40.157],[38.8822,40.1616],[38.8841,40.1655],[38.8819,40.1706],[38.8841,40.175],[38.8803,40.18],[38.8822,40.1858],[38.8731,40.1912],[38.8775,40.2018],[38.8916,40.2037],[38.8918,40.2128],[38.901,40.2145],[38.9084,40.2227],[38.9099,40.2294],[38.9046,40.2333],[38.9077,40.2468],[38.9154,40.25],[38.9237,40.2517],[38.9316,40.252],[38.9363,40.2561],[38.9369,40.2592],[38.9489,40.2648],[38.9659,40.2889],[38.9771,40.2983],[38.9824,40.3052],[39.0052,40.323],[39.0133,40.335],[39.0313,40.3346],[39.0346,40.3403],[39.0441,40.347],[39.0656,40.3547],[39.0747,40.3611],[39.0697,40.3785],[39.0604,40.3823],[39.0273,40.3861],[39.0236,40.3938],[39.0164,40.3973],[39.0158,40.4016],[39.0125,40.4093],[39.0073,40.4128],[39.007,40.4185],[39.0102,40.4244],[39.0085,40.4335],[39.0028,40.4447],[38.9814,40.456],[38.9649,40.4617],[38.9163,40.4726],[38.9081,40.4686],[38.8973,40.4725],[38.8838,40.4717],[38.8829,40.4766],[38.8852,40.4809],[38.8741,40.4825],[38.8595,40.4885],[38.8457,40.489],[38.8399,40.49],[38.8295,40.4903],[38.8205,40.4975],[38.8117,40.4978],[38.8006,40.5014],[38.7811,40.4978],[38.767,40.4997],[38.7676,40.5038],[38.758,40.5057],[38.755,40.5088],[38.7576,40.5173],[38.7505,40.5298],[38.7572,40.5419],[38.7724,40.5495],[38.7992,40.5878],[38.7978,40.5939],[38.8028,40.5957],[38.8118,40.6055],[38.8178,40.6067],[38.8223,40.6122],[38.8333,40.6169],[38.8439,40.6133],[38.8593,40.6126],[38.8653,40.615],[38.8777,40.6146],[38.9057,40.6099],[38.9199,40.6107],[38.9261,40.607],[38.9345,40.604],[38.9429,40.6031],[38.9532,40.6009],[38.9572,40.5975],[38.9567,40.5947],[38.9646,40.5896],[38.9692,40.5999],[38.9723,40.6047],[38.9695,40.6125],[38.9697,40.6159],[38.9774,40.6245],[38.9774,40.6278],[38.9743,40.6302],[38.9699,40.6296],[38.9658,40.6327],[38.9701,40.6407],[38.9706,40.6478],[38.9695,40.6538],[38.9673,40.6585],[38.9714,40.6601],[38.9707,40.6636],[38.967,40.667],[38.9589,40.6667],[38.9568,40.6694],[38.9604,40.6728],[38.9601,40.6756],[38.9539,40.6782],[38.9503,40.6814],[38.9458,40.68],[38.9393,40.6826],[38.9364,40.6879],[38.933,40.6912],[38.9338,40.6939],[38.9301,40.6961],[38.9355,40.7012],[38.9428,40.7046],[38.9512,40.7073],[38.9455,40.7115],[38.9357,40.7222],[38.929,40.7306],[38.9295,40.737],[38.9324,40.7435],[38.9438,40.7508],[38.944,40.7551],[38.9518,40.7631],[38.9518,40.7677],[38.9549,40.7692],[38.9597,40.7681],[38.9634,40.7628],[38.9673,40.7638],[38.972,40.7623],[38.9789,40.7627],[38.9998,40.7677],[39.0083,40.7607],[39.0111,40.7621],[39.0179,40.7728],[39.0161,40.7773],[39.0178,40.7812],[39.0152,40.7846],[39.0176,40.7937],[39.0125,40.7983],[39.0142,40.8035],[39.0137,40.8087],[39.0087,40.816],[39.0292,40.8245],[39.0459,40.8163],[39.0594,40.8216],[39.0659,40.8272],[39.0765,40.8294],[39.0811,40.8373],[39.0948,40.821],[39.1065,40.8192],[39.1073,40.8006],[39.1191,40.7855],[39.1294,40.777],[39.1374,40.7764],[39.1423,40.7697],[39.143,40.765],[39.1474,40.7593],[39.1491,40.7535],[39.1501,40.7396],[39.1467,40.7355],[39.1475,40.7309],[39.1536,40.7262],[39.1583,40.7275],[39.1721,40.7392],[39.1779,40.7492],[39.188,40.7488],[39.1926,40.7512],[39.1976,40.7518],[39.2009,40.7466],[39.2021,40.7372],[39.2076,40.7333],[39.2255,40.7319],[39.2319,40.7241],[39.2415,40.722],[39.2601,40.7217],[39.2662,40.7199],[39.2949,40.7239],[39.3294,40.7237],[39.3336,40.7167],[39.3325,40.712],[39.332,40.7008],[39.3408,40.6912],[39.3479,40.6895],[39.3662,40.6829],[39.3693,40.6779],[39.3718,40.6701],[39.3786,40.6653],[39.3986,40.6655],[39.4091,40.6633],[39.417,40.6583],[39.4223,40.6506],[39.4226,40.639],[39.425,40.6335],[39.434,40.6269],[39.4533,40.6233],[39.477,40.6155],[39.4839,40.6155],[39.4984,40.6102],[39.5073,40.6085],[39.5485,40.608],[39.5542,40.6059],[39.5646,40.6001],[39.5681,40.6007],[39.579,40.6049],[39.5841,40.6086],[39.5887,40.6167],[39.6036,40.6247],[39.6145,40.6266],[39.6322,40.6272],[39.6436,40.6226],[39.6539,40.624],[39.6688,40.6298],[39.6789,40.6305],[39.6905,40.6267],[39.707,40.6201],[39.7115,40.6216],[39.7296,40.6318],[39.7276,40.6383],[39.731,40.6448],[39.7364,40.65],[39.7438,40.6499],[39.7488,40.6552],[39.7484,40.6603],[39.7555,40.675],[39.758,40.6858],[39.7612,40.6912],[39.7618,40.6983],[39.7651,40.7031],[39.7602,40.708],[39.7621,40.7122],[39.7693,40.7201],[39.7715,40.7254],[39.7832,40.7253],[39.7868,40.7238],[39.7964,40.7234],[39.8048,40.7247],[39.8167,40.728],[39.8155,40.7377],[39.8229,40.7447],[39.8327,40.7452],[39.8415,40.743],[39.845,40.7399],[39.8422,40.7349],[39.8516,40.7298],[39.8556,40.7253],[39.8534,40.7219],[39.8549,40.7175],[39.8457,40.7132],[39.837,40.6999],[39.8391,40.694],[39.8238,40.6731],[39.8286,40.6657],[39.824,40.6584],[39.8281,40.6511],[39.8348,40.6461],[39.8309,40.6387],[39.8424,40.6115],[39.8518,40.6078],[39.8558,40.6085],[39.8632,40.6073],[39.8689,40.6048],[39.8792,40.6053],[39.8857,40.6115],[39.8921,40.6139],[39.8972,40.6072],[39.9057,40.6045],[39.9135,40.6062],[39.9185,40.606],[39.9196,40.5931],[39.9241,40.5762],[39.9197,40.5622],[39.9195,40.5589],[39.9232,40.5552],[39.9362,40.5517],[39.9469,40.5445],[39.9578,40.5343],[39.9611,40.5297],[39.9671,40.5289],[39.9731,40.5324],[39.9787,40.5416],[39.9847,40.5475],[39.9963,40.5532],[40.0061,40.5557],[40.0188,40.5531],[40.0253,40.5551],[40.0303,40.5606],[40.0349,40.564],[40.0281,40.5713],[40.0158,40.5794],[40.0067,40.5797],[40.002,40.5813],[40.0075,40.5921],[40.0091,40.5989],[39.9961,40.6107],[39.9939,40.6172],[39.997,40.6225],[39.9915,40.6271],[39.9912,40.6468],[40.0169,40.649],[40.0265,40.6511],[40.0358,40.6518],[40.0396,40.6512],[40.0427,40.6429],[40.0438,40.634],[40.0558,40.6252],[40.0774,40.632],[40.0801,40.6242],[40.0902,40.6098],[40.0864,40.6047],[40.0766,40.6],[40.0728,40.5937],[40.0752,40.5844],[40.085,40.5789],[40.0903,40.5736],[40.0912,40.5674],[40.0967,40.5566],[40.0979,40.5527],[40.1033,40.5415]]]}},{"type":"Feature","properties":{"name":"Hakkari","number":30},"geometry":{"type":"Polygon","coordinates":[[[43.3314,37.3271],[43.3304,37.3333],[43.3314,37.3445],[43.3329,37.3501],[43.333,37.3675],[43.3419,37.4018],[43.3324,37.4255],[43.3156,37.4636],[43.3065,37.4902],[43.3079,37.536],[43.316,37.5422],[43.3548,37.5414],[43.3959,37.5438],[43.4325,37.5909],[43.4755,37.632],[43.487,37.6959],[43.4992,37.7418],[43.5345,37.7423],[43.5822,37.7551],[43.6247,37.7668],[43.6782,37.7728],[43.7185,37.7703],[43.776,37.7616],[43.823,37.7519],[43.8454,37.7517],[43.8531,37.7541],[43.8627,37.7601],[43.8739,37.7637],[43.8828,37.7653],[43.9034,37.7722],[43.9395,37.7795],[43.953,37.7833],[43.9677,37.7863],[43.9951,37.7941],[44.013,37.8033],[44.0378,37.8093],[44.0538,37.8106],[44.0683,37.7997],[44.0688,37.7927],[44.081,37.7843],[44.0891,37.7807],[44.0903,37.7774],[44.0865,37.7701],[44.0831,37.7698],[44.0806,37.7627],[44.082,37.7581],[44.082,37.7396],[44.0953,37.7201],[44.1028,37.7203],[44.1127,37.7234],[44.121,37.7297],[44.1321,37.7335],[44.1455,37.7337],[44.1574,37.7302],[44.1803,37.7289],[44.2119,37.7299],[44.2332,37.7368],[44.2504,37.7493],[44.2653,37.7576],[44.2904,37.7642],[44.3111,37.7773],[44.3507,37.7787],[44.376,37.7852],[44.3995,37.7974],[44.4216,37.8044],[44.4238,37.7994],[44.4268,37.7986],[44.4342,37.7996],[44.4418,37.8036],[44.4486,37.8054],[44.4476,37.8015],[44.4482,37.793],[44.4499,37.7875],[44.4488,37.7827],[44.4434,37.7767],[44.445,37.7709],[44.4498,37.7694],[44.4525,37.7667],[44.458,37.7671],[44.4668,37.7657],[44.4727,37.7638],[44.4779,37.7708],[44.4807,37.7718],[44.4939,37.7705],[44.4961,37.7728],[44.5019,37.7746],[44.5177,37.7767],[44.5193,37.7802],[44.5303,37.783],[44.5336,37.7816],[44.5402,37.782],[44.5486,37.7795],[44.5516,37.7807],[44.5573,37.7794],[44.5619,37.7761],[44.5636,37.772],[44.5686,37.7688],[44.5797,37.7657],[44.5841,37.7657],[44.5879,37.7634],[44.5948,37.7478],[44.6005,37.7446],[44.6028,37.7402],[44.6074,37.7388],[44.611,37.7324],[44.6153,37.7314],[44.6205,37.7272],[44.6211,37.7187],[44.6248,37.709],[44.6304,37.7063],[44.6247,37.6981],[44.6177,37.6915],[44.6068,37.6844],[44.6027,37.6801],[44.5937,37.6756],[44.591,37.6757],[44.5896,37.671],[44.5781,37.6679],[44.5743,37.6659],[44.5742,37.6576],[44.5726,37.6559],[44.5682,37.6448],[44.5686,37.6409],[44.573,37.6375],[44.5809,37.6374],[44.5831,37.632],[44.5872,37.6258],[44.5912,37.6221],[44.5953,37.6163],[44.6001,37.6168],[44.6076,37.6109],[44.6071,37.6094],[44.6124,37.6047],[44.6145,37.6006],[44.612,37.5949],[44.6121,37.5904],[44.6092,37.5866],[44.5989,37.5808],[44.6023,37.5766],[44.606,37.5767],[44.611,37.5723],[44.6079,37.57],[44.614,37.564],[44.6119,37.5613],[44.6026,37.5598],[44.6018,37.5539],[44.6081,37.5495],[44.6122,37.5495],[44.6131,37.5456],[44.6095,37.5431],[44.6047,37.5284],[44.6012,37.5229],[44.6021,37.5197],[44.6008,37.5155],[44.5964,37.5115],[44.5871,37.5104],[44.585,37.5074],[44.5837,37.4879],[44.5827,37.4819],[44.5857,37.4777],[44.5867,37.471],[44.5857,37.4678],[44.5876,37.4617],[44.5863,37.4519],[44.5798,37.4476],[44.5873,37.4396],[44.5927,37.4383],[44.5985,37.4384],[44.6064,37.4363],[44.619,37.4371],[44.6303,37.432],[44.6342,37.4285],[44.6367,37.4237],[44.6345,37.4208],[44.6355,37.4176],[44.6415,37.4111],[44.6482,37.407],[44.6519,37.4028],[44.656,37.4023],[44.6535,37.3937],[44.6549,37.3882],[44.6574,37.3859],[44.6692,37.3832],[44.6749,37.3845],[44.684,37.3825],[44.6866,37.3847],[44.6972,37.3835],[44.701,37.3814],[44.7111,37.3802],[44.7162,37.3769],[44.7215,37.3757],[44.7208,37.3727],[44.7239,37.3664],[44.7244,37.3549],[44.7273,37.3504],[44.7328,37.3464],[44.7324,37.3422],[44.7389,37.3397],[44.7432,37.3346],[44.7517,37.3314],[44.7614,37.3295],[44.767,37.3301],[44.7744,37.3259],[44.776,37.3233],[44.7849,37.3183],[44.7909,37.3139],[44.7981,37.3109],[44.801,37.3036],[44.8046,37.3007],[44.8094,37.2889],[44.8134,37.2845],[44.8151,37.2796],[44.8118,37.2749],[44.803,37.2698],[44.8009,37.2605],[44.7945,37.257],[44.7893,37.2569],[44.7839,37.2547],[44.7684,37.2446],[44.7665,37.2384],[44.7617,37.2359],[44.7576,37.2283],[44.7626,37.2235],[44.7606,37.2192],[44.7607,37.2095],[44.7619,37.205],[44.766,37.1986],[44.7681,37.1926],[44.7661,37.1831],[44.7714,37.1799],[44.7721,37.1775],[44.7804,37.1736],[44.7852,37.1664],[44.7857,37.1588],[44.7836,37.1562],[44.7851,37.1485],[44.7818,37.1442],[44.7711,37.1544],[44.7693,37.1636],[44.7571,37.167],[44.7562,37.164],[44.7492,37.1655],[44.7416,37.1656],[44.7331,37.1685],[44.7292,37.1715],[44.716,37.1759],[44.7106,37.1742],[44.705,37.1743],[44.7,37.1719],[44.6942,37.1771],[44.6867,37.1759],[44.6836,37.1724],[44.6778,37.1738],[44.6744,37.1711],[44.6667,37.1756],[44.6614,37.1816],[44.6535,37.1828],[44.6494,37.1854],[44.6481,37.1891],[44.6404,37.1875],[44.6382,37.1913],[44.6338,37.1891],[44.6271,37.1899],[44.622,37.1876],[44.6223,37.1835],[44.6167,37.1788],[44.6128,37.1785],[44.6073,37.1744],[44.6005,37.171],[44.6008,37.1668],[44.5938,37.1651],[44.587,37.1656],[44.5821,37.1626],[44.5761,37.1635],[44.5739,37.1598],[44.5699,37.1586],[44.5679,37.1549],[44.564,37.1536],[44.5592,37.1488],[44.5606,37.1449],[44.5581,37.1432],[44.5575,37.1383],[44.5497,37.1343],[44.5488,37.1302],[44.5525,37.1248],[44.5459,37.1213],[44.539,37.1211],[44.5329,37.125],[44.5245,37.1209],[44.5234,37.1154],[44.5151,37.1135],[44.5138,37.1117],[44.5169,37.1079],[44.517,37.1023],[44.5113,37.1011],[44.5094,37.0977],[44.5038,37.0954],[44.4914,37.0877],[44.4831,37.0882],[44.4767,37.0792],[44.4712,37.0788],[44.465,37.0734],[44.4606,37.0738],[44.456,37.0717],[44.448,37.071],[44.4415,37.0652],[44.4352,37.0662],[44.4236,37.0613],[44.4197,37.061],[44.4189,37.0569],[44.4151,37.0528],[44.392,37.0505],[44.3908,37.0545],[44.3843,37.0591],[44.3787,37.0587],[44.374,37.0552],[44.3691,37.0556],[44.3653,37.0525],[44.3586,37.0523],[44.3552,37.0474],[44.3492,37.0444],[44.3498,37.0396],[44.3549,37.0355],[44.3569,37.0318],[44.3618,37.0316],[44.363,37.0286],[44.3672,37.0255],[44.3613,37.0243],[44.3596,37.0222],[44.3514,37.0202],[44.3425,37.0099],[44.3377,37.007],[44.3308,36.9994],[44.3262,36.9889],[44.321,36.9845],[44.3161,36.9853],[44.3116,36.98],[44.3102,36.9756],[44.3055,36.9715],[44.3121,36.9663],[44.3067,36.9643],[44.296,36.9702],[44.2896,36.9756],[44.2819,36.9765],[44.2733,36.9756],[44.2675,36.9761],[44.266,36.9787],[44.2591,36.9812],[44.2516,36.9824],[44.2512,36.9853],[44.2565,36.9924],[44.2503,36.9991],[44.2483,36.9994],[44.2441,37.0053],[44.2435,37.01],[44.2361,37.0103],[44.2334,37.0171],[44.2287,37.0204],[44.2308,37.0242],[44.2266,37.03],[44.2189,37.0346],[44.2259,37.0348],[44.2319,37.0375],[44.2348,37.0419],[44.2294,37.053],[44.2248,37.0571],[44.2188,37.0598],[44.2169,37.0655],[44.2124,37.0692],[44.1942,37.0789],[44.1941,37.089],[44.1956,37.0924],[44.1851,37.0979],[44.1849,37.1054],[44.1877,37.1099],[44.1983,37.1156],[44.2022,37.1211],[44.2046,37.1307],[44.2066,37.133],[44.2141,37.1378],[44.2189,37.1478],[44.2219,37.1581],[44.2252,37.16],[44.2371,37.1602],[44.247,37.1573],[44.2562,37.1583],[44.2663,37.1612],[44.2726,37.1648],[44.2765,37.1649],[44.279,37.1691],[44.2789,37.1736],[44.2809,37.1769],[44.2785,37.1805],[44.2816,37.1873],[44.2778,37.1937],[44.2711,37.1944],[44.2658,37.1978],[44.2647,37.2039],[44.271,37.2097],[44.2714,37.2145],[44.2692,37.2168],[44.2717,37.2215],[44.2693,37.2308],[44.2705,37.2384],[44.2684,37.2444],[44.2605,37.2487],[44.2509,37.2522],[44.2465,37.2548],[44.2468,37.2607],[44.2426,37.2646],[44.2415,37.2704],[44.2379,37.272],[44.2355,37.276],[44.2264,37.2828],[44.2213,37.2815],[44.217,37.2819],[44.2098,37.2806],[44.2047,37.2854],[44.1943,37.2895],[44.1868,37.2949],[44.1723,37.2977],[44.1681,37.3017],[44.1638,37.3038],[44.1559,37.3018],[44.1529,37.3021],[44.141,37.3141],[44.1384,37.3142],[44.1257,37.3201],[44.1245,37.3229],[44.1182,37.3216],[44.1122,37.3179],[44.1081,37.3189],[44.1049,37.3162],[44.1006,37.3155],[44.0901,37.3158],[44.088,37.3172],[44.0807,37.3143],[44.0748,37.3156],[44.0686,37.3135],[44.0668,37.3171],[44.062,37.3209],[44.0557,37.3194],[44.0491,37.3218],[44.0413,37.3222],[44.0374,37.325],[44.03,37.3222],[44.0258,37.3179],[44.0241,37.322],[44.0185,37.3278],[44.0144,37.3221],[44.0048,37.3161],[43.9981,37.3089],[43.9952,37.3014],[43.9858,37.2961],[43.9711,37.2952],[43.9682,37.2923],[43.9563,37.293],[43.9542,37.2893],[43.9548,37.2832],[43.9574,37.28],[43.958,37.2719],[43.9439,37.2678],[43.9471,37.2583],[43.9445,37.2557],[43.9428,37.2498],[43.9359,37.2484],[43.9309,37.2463],[43.9384,37.2432],[43.9309,37.2392],[43.9275,37.239],[43.9218,37.2315],[43.9207,37.2268],[43.9166,37.2235],[43.9105,37.2224],[43.9025,37.2225],[43.8947,37.2195],[43.8884,37.2212],[43.8847,37.2248],[43.8731,37.2235],[43.8668,37.2245],[43.8618,37.2232],[43.8543,37.2244],[43.8485,37.219],[43.8418,37.2142],[43.843,37.2097],[43.8403,37.2055],[43.8401,37.2018],[43.8343,37.1956],[43.8306,37.1958],[43.8273,37.2011],[43.8147,37.2126],[43.8144,37.2161],[43.8116,37.222],[43.8064,37.2259],[43.7977,37.227],[43.7872,37.2292],[43.7819,37.2281],[43.7713,37.229],[43.7475,37.2351],[43.7453,37.2306],[43.7403,37.2303],[43.7343,37.2333],[43.7282,37.2334],[43.7199,37.2359],[43.7144,37.234],[43.7065,37.234],[43.7033,37.2312],[43.6941,37.2353],[43.6885,37.235],[43.6864,37.2314],[43.6778,37.227],[43.6581,37.2246],[43.652,37.2233],[43.6497,37.2246],[43.6444,37.2213],[43.6438,37.2179],[43.6395,37.219],[43.6242,37.2206],[43.6205,37.2215],[43.6181,37.2303],[43.6124,37.2371],[43.605,37.2381],[43.5958,37.2326],[43.5845,37.2384],[43.5844,37.2409],[43.5781,37.25],[43.5729,37.2545],[43.5644,37.2575],[43.5607,37.2537],[43.556,37.2514],[43.5481,37.2513],[43.5404,37.249],[43.5303,37.2495],[43.5238,37.2476],[43.5134,37.2396],[43.5078,37.2428],[43.498,37.2425],[43.4941,37.2459],[43.4864,37.2503],[43.4746,37.2531],[43.4762,37.2631],[43.4693,37.2643],[43.4592,37.2711],[43.4432,37.2735],[43.4296,37.2786],[43.4208,37.2807],[43.4121,37.2854],[43.4081,37.2929],[43.4041,37.2916],[43.3947,37.2951],[43.3894,37.2985],[43.3894,37.3058],[43.3796,37.3079],[43.3723,37.3077],[43.3693,37.3138],[43.3711,37.3177],[43.3639,37.3222],[43.3611,37.3276],[43.3448,37.3285],[43.3407,37.3268],[43.3314,37.3271]]]}},{"type":"Feature","properties":{"name":"Hatay","number":31},"geometry":{"type":"Polygon","coordinates":[[[35.9435,36.8895],[35.9397,36.8936],[35.9387,36.8987],[35.941,36.9066],[35.9474,36.9336],[35.9844,36.967],[36.0077,36.9712],[36.0216,36.9823],[36.0306,36.9943],[36.0428,37.0043],[36.0497,37.0072],[36.0576,37.0082],[36.0702,37.0033],[36.0941,37.0032],[36.1153,36.9992],[36.1267,36.9967],[36.1393,36.9948],[36.1581,36.9931],[36.1866,36.9941],[36.1897,36.9963],[36.1971,36.9983],[36.2058,37.0046],[36.2159,37.0044],[36.2175,36.9982],[36.2149,36.99],[36.206,36.9781],[36.2259,36.9775],[36.2354,36.9647],[36.2464,36.963],[36.2699,36.9626],[36.2825,36.9587],[36.2934,36.9563],[36.3038,36.9532],[36.3168,36.9517],[36.335,36.9473],[36.3488,36.9421],[36.369,36.9317],[36.3991,36.9297],[36.4112,36.9299],[36.4329,36.9314],[36.4428,36.9331],[36.4483,36.9311],[36.4615,36.9194],[36.4764,36.9032],[36.4942,36.893],[36.5096,36.8876],[36.522,36.8862],[36.5323,36.879],[36.5487,36.8734],[36.5715,36.864],[36.5882,36.8619],[36.6041,36.8582],[36.6181,36.8569],[36.6274,36.8539],[36.6425,36.8459],[36.6548,36.8351],[36.6652,36.8268],[36.6689,36.8246],[36.6711,36.8193],[36.6669,36.8134],[36.6714,36.8097],[36.6695,36.8027],[36.6642,36.7977],[36.6624,36.7934],[36.6581,36.7931],[36.6559,36.7891],[36.651,36.7866],[36.6459,36.7864],[36.6427,36.7815],[36.6433,36.7774],[36.6394,36.7737],[36.6404,36.7697],[36.6345,36.7708],[36.6348,36.7678],[36.6286,36.7672],[36.6289,36.7631],[36.6213,36.7559],[36.6207,36.7536],[36.6129,36.7442],[36.6159,36.7422],[36.6155,36.7363],[36.6254,36.7205],[36.6305,36.7198],[36.6315,36.7127],[36.6287,36.7054],[36.6235,36.7008],[36.6194,36.694],[36.6143,36.6927],[36.6113,36.683],[36.6088,36.6811],[36.6081,36.677],[36.6027,36.6768],[36.6009,36.673],[36.5891,36.6686],[36.5879,36.6618],[36.5844,36.6623],[36.5797,36.6591],[36.5736,36.6591],[36.5741,36.6509],[36.5767,36.6366],[36.5762,36.6316],[36.5775,36.6246],[36.5753,36.6202],[36.5779,36.6079],[36.5803,36.6039],[36.5852,36.5991],[36.5914,36.5855],[36.5886,36.5829],[36.5873,36.5768],[36.5827,36.5684],[36.58,36.5555],[36.5775,36.5525],[36.5724,36.5284],[36.568,36.5224],[36.558,36.5133],[36.5516,36.5091],[36.5442,36.5019],[36.5477,36.4947],[36.5492,36.4891],[36.5437,36.4842],[36.5452,36.4809],[36.5507,36.4799],[36.5555,36.4738],[36.5532,36.4678],[36.5619,36.4638],[36.5559,36.452],[36.5556,36.4428],[36.5603,36.4388],[36.5641,36.4397],[36.5662,36.4354],[36.5637,36.4269],[36.5663,36.419],[36.5715,36.4195],[36.5755,36.4161],[36.5806,36.4071],[36.5863,36.3917],[36.5962,36.3928],[36.6011,36.3916],[36.6048,36.3888],[36.6046,36.3823],[36.6062,36.3795],[36.6023,36.3731],[36.5968,36.3729],[36.5995,36.3686],[36.6186,36.3574],[36.6118,36.3525],[36.6027,36.3497],[36.5992,36.3496],[36.6001,36.3426],[36.6029,36.3319],[36.6095,36.3333],[36.6092,36.3357],[36.6138,36.3377],[36.6189,36.3348],[36.6243,36.3383],[36.6276,36.3386],[36.6261,36.343],[36.6306,36.3448],[36.6367,36.3422],[36.6418,36.3357],[36.6516,36.3376],[36.6573,36.3376],[36.6585,36.3338],[36.6642,36.3295],[36.6651,36.326],[36.6622,36.3238],[36.6619,36.3203],[36.6575,36.3174],[36.6578,36.3124],[36.6554,36.3075],[36.6563,36.2981],[36.6729,36.2983],[36.682,36.2979],[36.6839,36.2949],[36.6925,36.2959],[36.6951,36.295],[36.6956,36.2885],[36.6912,36.2863],[36.6867,36.2817],[36.683,36.2822],[36.6791,36.2713],[36.6871,36.2653],[36.6923,36.2579],[36.6949,36.2452],[36.6906,36.2406],[36.681,36.2392],[36.681,36.234],[36.6753,36.2326],[36.6727,36.235],[36.664,36.2351],[36.667,36.2293],[36.6561,36.2289],[36.6409,36.2353],[36.6285,36.2394],[36.6229,36.2382],[36.6237,36.2334],[36.6269,36.2312],[36.6253,36.2276],[36.6282,36.2238],[36.6247,36.2143],[36.6024,36.2201],[36.6018,36.2217],[36.5892,36.2269],[36.585,36.2263],[36.5802,36.2297],[36.5717,36.2339],[36.5621,36.2373],[36.5598,36.2341],[36.5605,36.2301],[36.5538,36.2241],[36.5513,36.2253],[36.544,36.2327],[36.534,36.2453],[36.5268,36.243],[36.5192,36.2431],[36.5024,36.2423],[36.5011,36.2284],[36.5034,36.2261],[36.4997,36.2235],[36.4927,36.2266],[36.4912,36.2309],[36.4832,36.2328],[36.4864,36.225],[36.4844,36.2233],[36.4863,36.2183],[36.4765,36.2143],[36.4719,36.2079],[36.4734,36.2015],[36.4698,36.201],[36.4682,36.1976],[36.4608,36.1991],[36.4559,36.2027],[36.457,36.2078],[36.4401,36.2065],[36.4285,36.208],[36.416,36.2144],[36.4037,36.2213],[36.395,36.2253],[36.3886,36.2178],[36.3969,36.2035],[36.3914,36.2026],[36.3933,36.1983],[36.4002,36.1937],[36.4001,36.1911],[36.3948,36.1878],[36.3858,36.1868],[36.3768,36.1821],[36.3732,36.1787],[36.3678,36.1779],[36.3729,36.1733],[36.3685,36.168],[36.369,36.1645],[36.3675,36.1597],[36.3735,36.1569],[36.3761,36.1576],[36.3807,36.1553],[36.3761,36.1527],[36.3785,36.1475],[36.3836,36.1494],[36.3891,36.146],[36.3881,36.1416],[36.3853,36.1405],[36.3827,36.1359],[36.3817,36.1311],[36.3751,36.1285],[36.3783,36.1194],[36.3709,36.1175],[36.3752,36.1133],[36.3818,36.1087],[36.3812,36.1063],[36.3762,36.1064],[36.3786,36.102],[36.3827,36.1049],[36.3862,36.1024],[36.3867,36.0963],[36.3832,36.0955],[36.3807,36.0994],[36.3769,36.099],[36.3788,36.0938],[36.3878,36.0854],[36.3903,36.0821],[36.3863,36.0745],[36.3826,36.0753],[36.3794,36.0733],[36.3792,36.0684],[36.3811,36.0652],[36.3793,36.0621],[36.3814,36.0591],[36.3804,36.0555],[36.3871,36.053],[36.3794,36.0487],[36.3805,36.0439],[36.3861,36.044],[36.3898,36.0422],[36.3885,36.0392],[36.3809,36.0381],[36.3799,36.0302],[36.3715,36.0247],[36.3768,36.0173],[36.3744,36.0137],[36.3762,36.0116],[36.3727,36.0071],[36.3663,36.0017],[36.3528,35.9939],[36.343,35.9894],[36.3392,35.9885],[36.3323,35.9896],[36.321,36.0004],[36.3143,36.005],[36.3067,36.0072],[36.3,36.011],[36.2939,36.0098],[36.2903,36.0106],[36.2864,36.0087],[36.2855,35.9914],[36.2861,35.9834],[36.2909,35.9767],[36.2919,35.971],[36.2983,35.9647],[36.2989,35.9628],[36.2945,35.9564],[36.2872,35.9521],[36.2809,35.9495],[36.2768,35.9495],[36.2681,35.9533],[36.2605,35.9615],[36.2547,35.963],[36.242,35.9615],[36.2337,35.9595],[36.2215,35.9557],[36.2083,35.9533],[36.1998,35.9493],[36.1939,35.9441],[36.1843,35.9341],[36.1794,35.9282],[36.1759,35.9216],[36.173,35.9095],[36.1745,35.9037],[36.1726,35.8973],[36.173,35.8914],[36.1714,35.8855],[36.1691,35.8836],[36.1733,35.8737],[36.1752,35.8662],[36.1735,35.864],[36.1738,35.859],[36.1704,35.8505],[36.1727,35.8466],[36.1718,35.8415],[36.1734,35.8355],[36.1701,35.8273],[36.1647,35.8244],[36.1615,35.8116],[36.1516,35.808],[36.1395,35.8156],[36.1389,35.8234],[36.1402,35.8302],[36.1357,35.8413],[36.125,35.8508],[36.123,35.8538],[36.1174,35.8562],[36.1164,35.8595],[36.1129,35.862],[36.0953,35.8642],[36.0907,35.8654],[36.0818,35.8719],[36.0684,35.8693],[36.0588,35.876],[36.0476,35.88],[36.0422,35.8779],[36.0325,35.8786],[36.029,35.8825],[35.9995,35.88],[35.9983,35.8839],[36.0077,35.9025],[36.0101,35.9039],[36.01,35.9081],[36.0151,35.9148],[36.0179,35.921],[36.0065,35.9408],[36.0012,35.9397],[35.983,35.9404],[35.9759,35.9389],[35.9735,35.9341],[35.9682,35.9337],[35.9626,35.929],[35.9488,35.9295],[35.9314,35.9205],[35.9235,35.9215],[35.9187,35.9304],[35.9196,35.9398],[35.9183,35.9428],[35.9218,35.9502],[35.9226,35.9554],[35.9302,35.9587],[35.9283,35.9605],[35.9395,35.9694],[35.942,35.9702],[35.9467,35.9755],[35.9585,35.9833],[35.9598,35.9924],[35.9643,35.9962],[35.9743,36.0014],[35.9816,36.0102],[35.9776,36.0208],[35.9727,36.0296],[35.9621,36.0464],[35.9563,36.0591],[35.9439,36.0833],[35.9234,36.1175],[35.9125,36.1313],[35.9099,36.1391],[35.9063,36.1428],[35.9018,36.1511],[35.8957,36.1592],[35.8867,36.1689],[35.8802,36.1724],[35.8781,36.1773],[35.8742,36.1811],[35.8676,36.1896],[35.8608,36.1996],[35.858,36.2016],[35.8534,36.2095],[35.8536,36.2118],[35.8477,36.2183],[35.841,36.227],[35.8403,36.2304],[35.8349,36.2364],[35.8315,36.2378],[35.8294,36.2414],[35.8218,36.2484],[35.8193,36.254],[35.8142,36.2577],[35.8103,36.2627],[35.8069,36.2646],[35.8031,36.2703],[35.7974,36.2766],[35.7909,36.2803],[35.7886,36.2873],[35.7858,36.2892],[35.7814,36.2992],[35.7847,36.3057],[35.7836,36.3111],[35.7808,36.3165],[35.7807,36.3215],[35.7853,36.3226],[35.7877,36.3292],[35.7926,36.3327],[35.7979,36.3342],[35.8019,36.3381],[35.8078,36.34],[35.8087,36.3423],[35.8151,36.3478],[35.8168,36.3524],[35.8173,36.3587],[35.8321,36.3655],[35.8378,36.3654],[35.8509,36.3677],[35.8536,36.3693],[35.858,36.3753],[35.8605,36.3835],[35.8606,36.3953],[35.8665,36.3982],[35.8698,36.4031],[35.8738,36.4056],[35.8784,36.4144],[35.882,36.4156],[35.8859,36.4136],[35.8917,36.4138],[35.8974,36.418],[35.9005,36.4262],[35.9012,36.4359],[35.9028,36.4386],[35.9071,36.4404],[35.908,36.4435],[35.9149,36.4439],[35.9185,36.4468],[35.9238,36.4489],[35.9282,36.4534],[35.9318,36.4598],[35.9393,36.4591],[35.9551,36.4659],[35.9591,36.4657],[35.972,36.4712],[35.9814,36.4735],[35.9849,36.4764],[35.9953,36.4889],[35.9965,36.493],[35.9999,36.4956],[36.0061,36.4977],[36.0122,36.5025],[36.0198,36.5126],[36.0251,36.5169],[36.0288,36.5185],[36.0346,36.5278],[36.0355,36.532],[36.0387,36.5345],[36.0437,36.5354],[36.0585,36.5413],[36.0672,36.5457],[36.0829,36.5515],[36.1007,36.5607],[36.1041,36.5638],[36.1124,36.5681],[36.1208,36.5714],[36.1221,36.5733],[36.1366,36.5805],[36.1395,36.5846],[36.1456,36.5893],[36.154,36.5915],[36.162,36.5957],[36.1764,36.5913],[36.1853,36.5943],[36.1892,36.5932],[36.1928,36.6007],[36.1929,36.6074],[36.1964,36.608],[36.1975,36.6159],[36.1972,36.6265],[36.2,36.632],[36.2051,36.6346],[36.2073,36.6386],[36.2107,36.6403],[36.2122,36.6442],[36.2123,36.6531],[36.2153,36.6606],[36.211,36.6712],[36.2088,36.6784],[36.2043,36.6788],[36.2005,36.6931],[36.1931,36.706],[36.1957,36.7096],[36.1966,36.7155],[36.1941,36.7214],[36.2001,36.7202],[36.2021,36.727],[36.1997,36.7298],[36.1898,36.7286],[36.1954,36.7331],[36.1919,36.7392],[36.1903,36.7448],[36.1916,36.7529],[36.197,36.7591],[36.1976,36.7615],[36.203,36.7617],[36.2064,36.7671],[36.2061,36.7748],[36.2025,36.7783],[36.201,36.7834],[36.2041,36.7864],[36.1955,36.7974],[36.1816,36.8123],[36.1802,36.8162],[36.167,36.83],[36.1638,36.8342],[36.1615,36.84],[36.1471,36.8565],[36.136,36.867],[36.1168,36.8818],[36.0963,36.8939],[36.0642,36.9103],[36.0375,36.9219],[36.0272,36.9257],[36.0134,36.9297],[36.007,36.9306],[36.0012,36.9265],[35.9876,36.9195],[35.9836,36.9182],[35.9755,36.9093],[35.9725,36.9072],[35.9658,36.9052],[35.9623,36.9024],[35.9617,36.899],[35.9578,36.8943],[35.9514,36.8904],[35.9435,36.8895]]]}},{"type":"Feature","properties":{"name":"Isparta","number":32},"geometry":{"type":"Polygon","coordinates":[[[30.0926,37.7992],[30.1109,37.8136],[30.1177,37.8253],[30.1225,37.8311],[30.15,37.8532],[30.1553,37.8596],[30.1574,37.8657],[30.1561,37.8709],[30.1508,37.8792],[30.1502,37.8835],[30.1551,37.8939],[30.1617,37.9044],[30.1628,37.9106],[30.1566,37.9222],[30.1673,37.9364],[30.1663,37.9494],[30.1791,37.9566],[30.1884,37.9677],[30.1917,37.9793],[30.2101,37.9789],[30.2377,37.9926],[30.2452,37.993],[30.2506,37.9917],[30.2628,38.0019],[30.2799,38.0064],[30.2943,38.0172],[30.3142,38.035],[30.3204,38.0393],[30.3479,38.0402],[30.3559,38.0519],[30.3617,38.0557],[30.3742,38.0603],[30.3826,38.0601],[30.3888,38.0745],[30.3979,38.1092],[30.4074,38.1268],[30.417,38.1411],[30.4283,38.1535],[30.4391,38.1608],[30.4502,38.1661],[30.4529,38.1769],[30.4558,38.1815],[30.467,38.1864],[30.47,38.1946],[30.4742,38.1978],[30.4806,38.199],[30.5,38.1951],[30.5118,38.1949],[30.5244,38.1963],[30.5434,38.2024],[30.5626,38.2068],[30.5785,38.2167],[30.6071,38.2202],[30.6219,38.2232],[30.6437,38.2283],[30.6587,38.237],[30.6659,38.2444],[30.6726,38.2539],[30.6845,38.2605],[30.6961,38.2662],[30.7099,38.266],[30.7248,38.2694],[30.7341,38.2753],[30.743,38.2835],[30.7506,38.2958],[30.7572,38.2986],[30.7761,38.2982],[30.7826,38.3013],[30.7884,38.3071],[30.7935,38.3236],[30.7982,38.3334],[30.7952,38.3414],[30.7987,38.3529],[30.7963,38.3604],[30.7997,38.3661],[30.8068,38.3691],[30.8101,38.3718],[30.8112,38.3785],[30.8186,38.3847],[30.8345,38.3884],[30.8421,38.3896],[30.8508,38.4001],[30.8576,38.4048],[30.8719,38.4081],[30.895,38.4074],[30.9128,38.4075],[30.927,38.411],[30.9393,38.4156],[30.945,38.4242],[30.9582,38.4273],[30.9647,38.4426],[30.9622,38.4569],[30.976,38.4781],[30.9777,38.4899],[30.9833,38.4994],[30.9895,38.5031],[30.9994,38.506],[31.0093,38.5068],[31.0233,38.5048],[31.0388,38.5034],[31.0694,38.5085],[31.0816,38.5091],[31.0929,38.505],[31.0976,38.5045],[31.1178,38.5045],[31.1324,38.5016],[31.1295,38.4928],[31.1271,38.4815],[31.1382,38.4619],[31.1676,38.4488],[31.1891,38.4406],[31.1994,38.4385],[31.2021,38.4353],[31.2058,38.4244],[31.2017,38.4203],[31.1917,38.4124],[31.1829,38.4039],[31.1826,38.394],[31.1857,38.3858],[31.2004,38.384],[31.2081,38.3824],[31.2225,38.3837],[31.2366,38.3818],[31.242,38.3766],[31.251,38.3749],[31.2586,38.3769],[31.2741,38.3534],[31.2901,38.3391],[31.3197,38.3079],[31.3252,38.2823],[31.3272,38.2405],[31.3487,38.2155],[31.3727,38.204],[31.3959,38.1902],[31.4143,38.188],[31.4455,38.1913],[31.4711,38.1967],[31.4925,38.1953],[31.5041,38.1919],[31.514,38.1883],[31.5203,38.1833],[31.5314,38.1597],[31.5336,38.1495],[31.5352,38.1335],[31.5311,38.1215],[31.5224,38.1038],[31.5378,38.0578],[31.5397,38.0433],[31.5394,38.031],[31.5281,38.0248],[31.5167,38.0167],[31.5088,38.0035],[31.5053,37.9901],[31.5088,37.9756],[31.5024,37.9663],[31.4863,37.9537],[31.439,37.9145],[31.4362,37.8991],[31.4367,37.883],[31.4519,37.8505],[31.4544,37.8394],[31.4569,37.8325],[31.4581,37.8205],[31.4569,37.7981],[31.4511,37.7786],[31.4436,37.7658],[31.4339,37.7547],[31.4228,37.7453],[31.4317,37.7056],[31.4259,37.7011],[31.4009,37.704],[31.3791,37.702],[31.3595,37.688],[31.3494,37.6748],[31.3316,37.669],[31.3113,37.6644],[31.293,37.6551],[31.276,37.6389],[31.2729,37.6334],[31.2901,37.6141],[31.2979,37.6105],[31.3082,37.6124],[31.3129,37.6102],[31.3258,37.5911],[31.3345,37.5842],[31.3327,37.568],[31.3407,37.5599],[31.3404,37.5506],[31.3448,37.5445],[31.3418,37.5314],[31.3436,37.5166],[31.3441,37.5031],[31.3393,37.4935],[31.3319,37.4844],[31.3298,37.4623],[31.3261,37.4477],[31.3155,37.4158],[31.3052,37.4176],[31.2864,37.4244],[31.2761,37.4261],[31.2589,37.4269],[31.2489,37.4261],[31.2369,37.4217],[31.2308,37.4172],[31.2178,37.4047],[31.2056,37.3961],[31.1906,37.39],[31.1786,37.3861],[31.1569,37.3811],[31.1378,37.3797],[31.1153,37.3805],[31.0961,37.3783],[31.0878,37.3758],[31.0531,37.3619],[31.0367,37.3569],[31.0092,37.3467],[30.9922,37.3425],[30.9819,37.3439],[30.9739,37.3472],[30.9475,37.363],[30.94,37.3708],[30.9138,37.3724],[30.9131,37.3899],[30.9089,37.3998],[30.9042,37.4031],[30.8943,37.4045],[30.884,37.4089],[30.8744,37.4142],[30.8628,37.4333],[30.8391,37.4318],[30.839,37.4378],[30.8347,37.4592],[30.8306,37.4647],[30.825,37.4697],[30.8194,37.4786],[30.8223,37.4864],[30.8189,37.4932],[30.8126,37.5009],[30.8062,37.516],[30.795,37.5296],[30.7882,37.5388],[30.78,37.5524],[30.7755,37.558],[30.7714,37.5652],[30.7646,37.5835],[30.7632,37.5928],[30.7639,37.6024],[30.7596,37.6213],[30.7538,37.638],[30.7459,37.6574],[30.7407,37.668],[30.7346,37.6737],[30.7231,37.6756],[30.7112,37.6727],[30.6912,37.6711],[30.6709,37.6726],[30.6577,37.6714],[30.6493,37.6716],[30.6175,37.681],[30.6005,37.6909],[30.5895,37.6916],[30.5841,37.6958],[30.5842,37.7048],[30.572,37.7069],[30.553,37.7069],[30.5382,37.6946],[30.51,37.6907],[30.4979,37.6939],[30.4847,37.7013],[30.4572,37.7202],[30.4413,37.7327],[30.4398,37.7552],[30.447,37.7724],[30.4408,37.7944],[30.4338,37.8071],[30.4229,37.8201],[30.4037,37.8317],[30.3865,37.8393],[30.3808,37.8454],[30.3732,37.8462],[30.3521,37.8397],[30.3387,37.8366],[30.3266,37.8363],[30.3197,37.8287],[30.3176,37.8195],[30.3241,37.8102],[30.3139,37.8049],[30.3003,37.7997],[30.2832,37.7948],[30.2579,37.7888],[30.2192,37.7875],[30.1927,37.7842],[30.1528,37.7957],[30.1178,37.7987],[30.0926,37.7992]]]}},{"type":"Feature","properties":{"name":"Mersin","number":33},"geometry":{"type":"MultiPolygon","coordinates":[[[[34.7748,37.4209],[34.7697,37.414],[34.7732,37.4004],[34.7875,37.3758],[34.7873,37.3493],[34.7788,37.3309],[34.8044,37.315],[34.8174,37.309],[34.841,37.3031],[34.8716,37.296],[34.9061,37.2967],[34.9349,37.2918],[34.9551,37.2832],[34.9746,37.2677],[34.9691,37.2487],[34.9713,37.2379],[34.9688,37.2303],[34.9638,37.2252],[34.9623,37.2189],[34.9568,37.2156],[34.9375,37.2097],[34.9309,37.2054],[34.9308,37.1986],[34.9378,37.1867],[34.9447,37.1798],[34.9513,37.1748],[34.9546,37.1661],[34.9505,37.1546],[34.9529,37.1471],[34.9577,37.1423],[34.9645,37.134],[34.9816,37.1209],[34.9828,37.1164],[34.989,37.1062],[34.9997,37.0841],[35.0066,37.077],[35.0119,37.0648],[35.0211,37.0669],[35.0328,37.0658],[35.0375,37.0683],[35.041,37.0683],[35.0468,37.0658],[35.0533,37.0675],[35.0661,37.0573],[35.0815,37.0646],[35.081,37.0508],[35.0983,37.0436],[35.1225,37.0407],[35.1213,37.0326],[35.1186,37.0285],[35.1205,37.0195],[35.1168,37.014],[35.1216,37.0101],[35.1172,37.0081],[35.1197,37.0058],[35.1158,37.0024],[35.1173,36.9966],[35.121,36.9919],[35.1208,36.9848],[35.0939,36.9804],[35.0935,36.9745],[35.0882,36.967],[35.0961,36.9664],[35.0994,36.9618],[35.0978,36.9505],[35.1079,36.9495],[35.1109,36.9451],[35.1145,36.947],[35.116,36.942],[35.12,36.9414],[35.126,36.9245],[35.1236,36.9164],[35.1312,36.9153],[35.1279,36.9113],[35.1308,36.9076],[35.1341,36.9116],[35.1453,36.9102],[35.1441,36.9034],[35.1441,36.8967],[35.1379,36.8868],[35.1413,36.8848],[35.1402,36.8792],[35.1438,36.8757],[35.1402,36.8709],[35.1397,36.8611],[35.1515,36.8591],[35.1505,36.8544],[35.1438,36.8465],[35.1464,36.8452],[35.1439,36.8401],[35.144,36.8367],[35.1388,36.8306],[35.1244,36.8224],[35.1254,36.8154],[35.1294,36.8155],[35.1416,36.8127],[35.1465,36.8077],[35.1466,36.8045],[35.1433,36.8026],[35.1445,36.7983],[35.1404,36.7908],[35.1344,36.7883],[35.1294,36.7897],[35.1306,36.7926],[35.119,36.7919],[35.1141,36.7892],[35.1095,36.7887],[35.0986,36.7835],[35.0924,36.7844],[35.0878,36.7877],[35.0817,36.7972],[35.0738,36.7986],[35.0718,36.7952],[35.0693,36.7873],[35.0669,36.7857],[35.0565,36.7829],[35.0496,36.7786],[35.0484,36.7764],[35.0477,36.7678],[35.0422,36.7642],[35.0369,36.7666],[35.0371,36.7737],[35.0341,36.7786],[35.0267,36.7784],[35.0245,36.7747],[35.0244,36.7696],[35.0303,36.7642],[35.0309,36.7605],[35.0256,36.7569],[35.0199,36.7577],[35.0114,36.7658],[35.0084,36.7676],[35.0031,36.7674],[35.0043,36.763],[35.0105,36.7559],[35.0085,36.7512],[35.0029,36.7522],[34.9981,36.7597],[34.9933,36.7609],[34.9816,36.7608],[34.9748,36.7577],[34.9686,36.7583],[34.97,36.7544],[34.9652,36.7518],[34.9607,36.7545],[34.9566,36.7518],[34.9596,36.7464],[34.9579,36.7413],[34.9476,36.7405],[34.9436,36.7459],[34.9385,36.7411],[34.9325,36.7407],[34.9298,36.7453],[34.9259,36.7418],[34.927,36.738],[34.9212,36.7353],[34.9115,36.7287],[34.9075,36.7298],[34.8997,36.7399],[34.8914,36.7481],[34.8857,36.7553],[34.8796,36.7613],[34.8727,36.7668],[34.8573,36.7766],[34.8257,36.7923],[34.8142,36.7962],[34.8112,36.7983],[34.795,36.8031],[34.7709,36.8083],[34.7463,36.8115],[34.7364,36.8109],[34.724,36.8113],[34.7176,36.8087],[34.6927,36.8073],[34.6899,36.8081],[34.6761,36.8084],[34.6721,36.8063],[34.6579,36.806],[34.6543,36.8084],[34.65,36.8061],[34.6501,36.8016],[34.6453,36.8016],[34.6376,36.7996],[34.6266,36.7913],[34.6305,36.7878],[34.6239,36.7869],[34.616,36.7829],[34.6053,36.7799],[34.5909,36.7785],[34.575,36.7741],[34.569,36.7703],[34.5649,36.7695],[34.5586,36.7659],[34.5497,36.7577],[34.5492,36.7513],[34.5456,36.748],[34.5453,36.7444],[34.5391,36.7389],[34.5301,36.7364],[34.5125,36.7299],[34.5021,36.7219],[34.4889,36.7172],[34.4738,36.7091],[34.4457,36.6867],[34.4412,36.6817],[34.4328,36.6698],[34.4299,36.6644],[34.4116,36.6588],[34.3894,36.65],[34.3796,36.6444],[34.3612,36.6368],[34.3508,36.6309],[34.3328,36.6184],[34.3285,36.6148],[34.3217,36.6053],[34.3175,36.6029],[34.3084,36.6006],[34.2996,36.5973],[34.2839,36.5884],[34.2739,36.582],[34.264,36.5745],[34.2487,36.5591],[34.2426,36.5518],[34.2361,36.5423],[34.2369,36.5404],[34.2331,36.5345],[34.2286,36.5333],[34.2276,36.5279],[34.2249,36.5269],[34.2154,36.5191],[34.2129,36.5205],[34.2047,36.5154],[34.2028,36.5098],[34.199,36.509],[34.1891,36.4984],[34.1825,36.4945],[34.18,36.4874],[34.1758,36.4803],[34.1702,36.4757],[34.1686,36.4679],[34.1624,36.4653],[34.1581,36.4659],[34.1487,36.4631],[34.1436,36.4576],[34.1382,36.4574],[34.1343,36.4599],[34.1324,36.4548],[34.128,36.4534],[34.1263,36.4466],[34.1205,36.4475],[34.1169,36.4453],[34.1202,36.4423],[34.119,36.4387],[34.1123,36.4365],[34.1149,36.4311],[34.1079,36.4267],[34.1044,36.4223],[34.1011,36.4236],[34.098,36.4207],[34.0942,36.421],[34.0926,36.4175],[34.087,36.4175],[34.0827,36.4151],[34.08,36.4093],[34.0783,36.399],[34.0778,36.3761],[34.0785,36.36],[34.0795,36.3592],[34.0784,36.332],[34.0743,36.3207],[34.068,36.3135],[34.0607,36.3069],[34.056,36.3042],[34.0509,36.2988],[34.0443,36.2933],[34.0353,36.2991],[34.0291,36.3007],[34.0208,36.3005],[34.0121,36.2967],[34.0011,36.2884],[33.9889,36.2758],[33.9782,36.2661],[33.9734,36.2602],[33.9681,36.2489],[33.963,36.2336],[33.9572,36.2335],[33.9518,36.2396],[33.9477,36.2515],[33.9518,36.2615],[33.9504,36.2669],[33.9477,36.2723],[33.9409,36.2827],[33.935,36.2891],[33.9258,36.2965],[33.9171,36.3026],[33.9002,36.3119],[33.8982,36.3109],[33.8914,36.315],[33.8847,36.3172],[33.8795,36.3174],[33.8688,36.3163],[33.8628,36.3129],[33.8608,36.309],[33.8554,36.3055],[33.8508,36.2984],[33.8483,36.2976],[33.8472,36.2928],[33.8394,36.2921],[33.8327,36.2859],[33.8326,36.2814],[33.838,36.2796],[33.8355,36.2754],[33.8253,36.2758],[33.8222,36.2769],[33.8151,36.274],[33.8144,36.2695],[33.8167,36.2669],[33.8222,36.2657],[33.8187,36.2569],[33.8109,36.2562],[33.8082,36.2541],[33.8104,36.2514],[33.8077,36.2474],[33.8071,36.2431],[33.802,36.2388],[33.8017,36.2357],[33.7975,36.2345],[33.7969,36.2316],[33.7899,36.2291],[33.7886,36.2266],[33.7832,36.2238],[33.7781,36.2239],[33.7682,36.2201],[33.7631,36.2168],[33.7491,36.2101],[33.7481,36.2068],[33.7427,36.2067],[33.737,36.203],[33.7312,36.1967],[33.7265,36.1968],[33.7232,36.1915],[33.7105,36.1839],[33.698,36.1739],[33.6926,36.1645],[33.6876,36.1607],[33.6885,36.1571],[33.6993,36.1523],[33.6998,36.1441],[33.6987,36.1398],[33.6936,36.138],[33.6898,36.1351],[33.6779,36.1382],[33.6728,36.1451],[33.6757,36.1512],[33.6811,36.1559],[33.6764,36.1568],[33.6754,36.1601],[33.6602,36.1592],[33.6606,36.1644],[33.6589,36.1693],[33.6594,36.1762],[33.6585,36.1788],[33.6597,36.1887],[33.6516,36.1928],[33.6469,36.1942],[33.6386,36.1902],[33.6319,36.1883],[33.623,36.1875],[33.6208,36.1857],[33.6129,36.184],[33.6095,36.1856],[33.6008,36.1817],[33.5929,36.1766],[33.5903,36.1704],[33.5847,36.164],[33.5823,36.1573],[33.5772,36.1584],[33.5733,36.1544],[33.5757,36.1461],[33.5749,36.1432],[33.571,36.1402],[33.563,36.1305],[33.5626,36.1274],[33.5545,36.1263],[33.5491,36.1278],[33.5459,36.1263],[33.5389,36.1262],[33.5367,36.1319],[33.5392,36.1363],[33.544,36.1385],[33.5412,36.1409],[33.5282,36.1409],[33.5259,36.1438],[33.5169,36.1439],[33.5152,36.1471],[33.5071,36.15],[33.4996,36.1501],[33.4931,36.153],[33.4866,36.1535],[33.478,36.1587],[33.4726,36.1595],[33.4678,36.1579],[33.4629,36.1596],[33.459,36.1592],[33.456,36.1562],[33.4466,36.1535],[33.4416,36.1543],[33.4415,36.1487],[33.4377,36.1492],[33.4311,36.1459],[33.4292,36.1504],[33.4191,36.1414],[33.4149,36.1405],[33.409,36.1361],[33.4039,36.1362],[33.4056,36.1326],[33.399,36.1275],[33.3952,36.1272],[33.3892,36.1381],[33.3832,36.1405],[33.3739,36.1417],[33.3668,36.1414],[33.3635,36.1393],[33.3583,36.1425],[33.3604,36.1466],[33.3571,36.1518],[33.3503,36.1543],[33.3405,36.1502],[33.3364,36.1516],[33.3236,36.1452],[33.3253,36.1437],[33.316,36.1378],[33.3071,36.134],[33.3036,36.1315],[33.2979,36.1305],[33.2972,36.135],[33.2893,36.1326],[33.2881,36.1308],[33.2685,36.1292],[33.2653,36.1322],[33.2551,36.1327],[33.2457,36.1312],[33.2418,36.1291],[33.2344,36.1303],[33.2291,36.1287],[33.2242,36.13],[33.219,36.1278],[33.207,36.1299],[33.2041,36.1285],[33.1956,36.1278],[33.1833,36.1324],[33.175,36.1337],[33.1625,36.138],[33.1496,36.1386],[33.1334,36.1354],[33.1257,36.131],[33.119,36.1227],[33.1096,36.1089],[33.1088,36.1029],[33.1037,36.1017],[33.1022,36.0983],[33.0947,36.0929],[33.095,36.0893],[33.0882,36.0853],[33.086,36.0824],[33.0893,36.0797],[33.0867,36.0749],[33.0812,36.07],[33.0791,36.0728],[33.0823,36.0753],[33.0825,36.0806],[33.0798,36.0823],[33.0704,36.0822],[33.0703,36.0873],[33.0663,36.09],[33.0559,36.0915],[33.0506,36.0954],[33.042,36.0944],[33.0332,36.0964],[33.0285,36.0963],[33.0236,36.0906],[33.0202,36.0943],[33.0149,36.0955],[33.0126,36.0942],[33.0057,36.0947],[33.0021,36.0987],[32.9906,36.096],[32.9778,36.0983],[32.9765,36.0975],[32.9643,36.102],[32.954,36.104],[32.9435,36.1024],[32.9369,36.0988],[32.935,36.0922],[32.9306,36.0888],[32.9258,36.0887],[32.9198,36.086],[32.9138,36.0876],[32.9037,36.0854],[32.8931,36.0799],[32.8876,36.0788],[32.8804,36.0743],[32.8741,36.0733],[32.866,36.069],[32.8518,36.0562],[32.8454,36.0491],[32.8364,36.0423],[32.8328,36.0409],[32.821,36.0383],[32.8123,36.032],[32.8037,36.0209],[32.8033,36.0168],[32.7912,36.0255],[32.7814,36.0263],[32.7728,36.0294],[32.7672,36.03],[32.7622,36.0287],[32.7451,36.033],[32.7379,36.0333],[32.7356,36.0318],[32.7316,36.0354],[32.7246,36.0369],[32.7196,36.0357],[32.7164,36.0368],[32.7022,36.0366],[32.6915,36.0412],[32.6844,36.0432],[32.6814,36.0416],[32.6681,36.0442],[32.6639,36.047],[32.6581,36.053],[32.6476,36.0566],[32.6423,36.0619],[32.6309,36.0652],[32.6194,36.0725],[32.6154,36.073],[32.6083,36.0763],[32.6011,36.0766],[32.5982,36.0785],[32.5927,36.0792],[32.5841,36.0881],[32.5778,36.0912],[32.566,36.0998],[32.5624,36.1007],[32.5639,36.1075],[32.5634,36.1111],[32.5671,36.1123],[32.5754,36.121],[32.5845,36.1234],[32.5868,36.1275],[32.5883,36.1348],[32.5857,36.1409],[32.5929,36.1456],[32.5928,36.1481],[32.5884,36.1516],[32.5772,36.1558],[32.5733,36.1641],[32.5798,36.1732],[32.581,36.1793],[32.5726,36.1903],[32.564,36.1929],[32.5563,36.1976],[32.553,36.2043],[32.5465,36.2065],[32.5461,36.2116],[32.5405,36.2179],[32.5375,36.2254],[32.5463,36.2293],[32.5503,36.2321],[32.5551,36.2331],[32.5582,36.2318],[32.5678,36.2375],[32.5789,36.2392],[32.5873,36.2462],[32.6023,36.2511],[32.6067,36.2505],[32.6088,36.2556],[32.6131,36.2594],[32.615,36.2643],[32.6203,36.2695],[32.6186,36.2735],[32.6215,36.2772],[32.6167,36.2818],[32.6182,36.2876],[32.6145,36.2994],[32.6,36.3085],[32.5951,36.3101],[32.5906,36.3151],[32.5762,36.3563],[32.5697,36.3591],[32.5666,36.3572],[32.5546,36.3602],[32.5521,36.3599],[32.5312,36.3638],[32.5237,36.3632],[32.5237,36.3688],[32.5178,36.3884],[32.5109,36.3983],[32.5264,36.4061],[32.5267,36.4116],[32.5353,36.4185],[32.5398,36.4191],[32.5422,36.4224],[32.5556,36.4246],[32.583,36.4426],[32.6126,36.4547],[32.6236,36.471],[32.6036,36.5014],[32.5899,36.5076],[32.5854,36.5127],[32.5585,36.5167],[32.5888,36.5235],[32.6265,36.5202],[32.6616,36.5191],[32.6903,36.5173],[32.7095,36.5121],[32.7277,36.5062],[32.752,36.4945],[32.7796,36.4871],[32.8078,36.4886],[32.8363,36.4897],[32.8606,36.4898],[32.8833,36.4815],[32.9148,36.4649],[32.9401,36.4519],[32.9636,36.4534],[32.9975,36.4561],[33.0125,36.4611],[33.0156,36.4678],[33.0143,36.4782],[33.016,36.4797],[33.0172,36.492],[33.0246,36.4964],[33.0272,36.5007],[33.0349,36.5028],[33.0427,36.5079],[33.054,36.5193],[33.0561,36.5293],[33.0646,36.5389],[33.0714,36.5558],[33.071,36.5651],[33.0725,36.5726],[33.0824,36.5742],[33.0952,36.5715],[33.1102,36.5769],[33.1153,36.5818],[33.1257,36.5827],[33.1357,36.5724],[33.141,36.5629],[33.1458,36.5628],[33.1527,36.5533],[33.161,36.5503],[33.1671,36.5419],[33.1813,36.5343],[33.1863,36.5304],[33.1942,36.5284],[33.1997,36.5293],[33.2026,36.5264],[33.2136,36.5257],[33.2202,36.5283],[33.2114,36.5374],[33.1939,36.5605],[33.181,36.57],[33.17,36.5753],[33.1643,36.5876],[33.1563,36.5909],[33.1457,36.5961],[33.1354,36.6088],[33.1282,36.612],[33.1038,36.6152],[33.0771,36.6142],[33.0628,36.6289],[33.0417,36.6711],[33.0372,36.6767],[33.04,36.6917],[33.038,36.7013],[33.0141,36.7033],[33.0044,36.7097],[32.9998,36.7254],[32.9972,36.7308],[32.9973,36.746],[33.0123,36.7647],[33.0053,36.7801],[33.0069,36.7865],[32.9843,36.8061],[32.9956,36.8221],[32.9766,36.8286],[32.9539,36.8282],[32.9478,36.8305],[32.9504,36.8364],[32.958,36.8455],[32.962,36.8551],[32.9745,36.8554],[32.9903,36.8627],[33.0186,36.8642],[33.0332,36.8622],[33.0635,36.8794],[33.0963,36.8812],[33.0989,36.8772],[33.0989,36.8732],[33.1024,36.8725],[33.1039,36.8688],[33.1032,36.865],[33.1111,36.8634],[33.1092,36.8587],[33.1147,36.8543],[33.1148,36.8498],[33.123,36.8477],[33.1227,36.8405],[33.1279,36.8422],[33.1431,36.8567],[33.1528,36.8665],[33.1513,36.8839],[33.1484,36.8931],[33.1539,36.8996],[33.1723,36.9184],[33.185,36.9172],[33.2004,36.9216],[33.2171,36.9227],[33.2379,36.9199],[33.2887,36.9102],[33.3007,36.9119],[33.3137,36.9159],[33.3242,36.9266],[33.3398,36.9273],[33.3636,36.9184],[33.371,36.9258],[33.3818,36.9334],[33.3986,36.9326],[33.4156,36.9362],[33.4424,36.9305],[33.4526,36.9355],[33.4667,36.9353],[33.4882,36.9433],[33.4981,36.9465],[33.5144,36.94],[33.5274,36.9519],[33.538,36.9528],[33.5719,37.0139],[33.5905,37.0217],[33.5939,37.0239],[33.6333,37.0417],[33.6411,37.0444],[33.65,37.0461],[33.6655,37.0464],[33.6755,37.0447],[33.7114,37.0347],[33.728,37.0283],[33.7414,37.0247],[33.7522,37.0244],[33.76,37.0269],[33.7722,37.0364],[33.7975,37.0472],[33.8147,37.0511],[33.8408,37.0514],[33.8542,37.0528],[33.8667,37.0561],[33.8922,37.0669],[33.9042,37.0758],[33.9225,37.0939],[33.9344,37.1025],[33.9478,37.11],[33.9822,37.1231],[34.0028,37.1289],[34.0114,37.1305],[34.0356,37.1328],[34.0583,37.1311],[34.063,37.1317],[34.0828,37.1252],[34.1325,37.1075],[34.1719,37.1211],[34.2575,37.1786],[34.2592,37.2467],[34.2607,37.2471],[34.2782,37.2642],[34.2981,37.2814],[34.3162,37.3034],[34.345,37.3265],[34.3643,37.3277],[34.3838,37.3316],[34.4311,37.3071],[34.4365,37.3314],[34.4505,37.3324],[34.4851,37.3436],[34.5429,37.3514],[34.5662,37.3748],[34.5944,37.3891],[34.6219,37.401],[34.6364,37.4027],[34.6687,37.4084],[34.6856,37.4257],[34.702,37.4323],[34.7175,37.4356],[34.7521,37.4292],[34.7641,37.4262],[34.7748,37.4209]]],[[[33.77,36.1817],[33.7664,36.1821],[33.7617,36.1794],[33.7572,36.1827],[33.7619,36.1896],[33.7723,36.1962],[33.7756,36.2001],[33.779,36.2006],[33.7837,36.1972],[33.7811,36.1926],[33.7767,36.1886],[33.778,36.1863],[33.7734,36.1823],[33.77,36.1817]]]]}},{"type":"Feature","properties":{"name":"İstanbul","number":34},"geometry":{"type":"MultiPolygon","coordinates":[[[[29.9182,41.1415],[29.9141,41.1403],[29.9151,41.136],[29.9146,41.1259],[29.9095,41.121],[29.9139,41.115],[29.9157,41.11],[29.913,41.1077],[29.9184,41.0992],[29.9266,41.0986],[29.9285,41.097],[29.9358,41.0984],[29.9436,41.0975],[29.949,41.0999],[29.955,41.0987],[29.9586,41.0923],[29.9561,41.0894],[29.9578,41.0866],[29.9542,41.0821],[29.9455,41.0827],[29.9439,41.085],[29.929,41.0877],[29.9086,41.089],[29.903,41.0916],[29.9003,41.0909],[29.8915,41.093],[29.8926,41.0857],[29.8876,41.0802],[29.8889,41.0757],[29.8927,41.0708],[29.8928,41.0639],[29.8871,41.0632],[29.887,41.0582],[29.8825,41.056],[29.8804,41.0512],[29.8804,41.042],[29.8792,41.0407],[29.8708,41.0411],[29.8638,41.0355],[29.8622,41.0309],[29.8546,41.0284],[29.8453,41.0202],[29.8395,41.0184],[29.832,41.0147],[29.8228,41.0132],[29.8193,41.015],[29.8138,41.0146],[29.81,41.019],[29.8003,41.0207],[29.7915,41.0192],[29.7857,41.0215],[29.785,41.0239],[29.7784,41.0274],[29.7712,41.0252],[29.7646,41.0268],[29.7537,41.0277],[29.7506,41.032],[29.745,41.0348],[29.7363,41.0371],[29.736,41.0413],[29.7298,41.0411],[29.7268,41.0354],[29.7214,41.0312],[29.7171,41.0297],[29.7073,41.032],[29.7058,41.0286],[29.7005,41.0282],[29.6964,41.0226],[29.7022,41.0163],[29.7046,41.0161],[29.7091,41.0117],[29.7142,41.0112],[29.7195,41.0077],[29.7181,41.0029],[29.7121,41.0011],[29.7031,40.9947],[29.7008,40.99],[29.692,40.9888],[29.691,40.982],[29.6838,40.9771],[29.6835,40.97],[29.6767,40.9644],[29.6688,40.965],[29.6671,40.9634],[29.6556,40.9641],[29.6546,40.9681],[29.642,40.9709],[29.6336,40.971],[29.621,40.9762],[29.6143,40.98],[29.6069,40.9813],[29.6049,40.9862],[29.6069,40.9908],[29.6104,40.9925],[29.6112,41.0004],[29.6102,41.0064],[29.602,41.0051],[29.6003,41.0109],[29.6019,41.0125],[29.5972,41.0205],[29.5988,41.0253],[29.5978,41.0285],[29.5906,41.0309],[29.5735,41.0327],[29.5666,41.0346],[29.5581,41.0392],[29.5535,41.0389],[29.5508,41.0354],[29.5468,41.037],[29.5386,41.0368],[29.5373,41.0331],[29.5272,41.0362],[29.5175,41.044],[29.5099,41.0417],[29.5079,41.0362],[29.5018,41.0315],[29.4998,41.0262],[29.5008,41.0225],[29.4997,41.0172],[29.4936,41.0127],[29.4929,41.0083],[29.5026,41.0004],[29.5052,41.0002],[29.5065,40.9881],[29.5009,40.9867],[29.4997,40.9846],[29.4897,40.9768],[29.485,40.975],[29.4819,40.97],[29.485,40.9683],[29.4844,40.9639],[29.4792,40.9618],[29.4792,40.9577],[29.4748,40.9588],[29.47,40.9517],[29.4633,40.951],[29.4603,40.9532],[29.4563,40.9523],[29.452,40.9475],[29.4437,40.9439],[29.4374,40.938],[29.442,40.9336],[29.4423,40.9201],[29.4443,40.9163],[29.4481,40.9154],[29.4526,40.917],[29.4562,40.9123],[29.4493,40.9061],[29.4469,40.9055],[29.4422,40.9005],[29.4345,40.8992],[29.4223,40.8992],[29.4161,40.8978],[29.4151,40.8954],[29.416,40.8891],[29.4145,40.887],[29.4137,40.879],[29.4069,40.8801],[29.4013,40.8791],[29.3966,40.8763],[29.3801,40.8721],[29.3727,40.8669],[29.3712,40.864],[29.367,40.8625],[29.3662,40.8559],[29.3624,40.8513],[29.3683,40.84],[29.3712,40.8379],[29.3698,40.834],[29.3641,40.8272],[29.3642,40.819],[29.3623,40.8164],[29.3567,40.821],[29.3503,40.8242],[29.3486,40.8229],[29.34,40.8107],[29.3347,40.8141],[29.3251,40.8184],[29.3158,40.816],[29.3103,40.8117],[29.3079,40.8116],[29.3012,40.8158],[29.2935,40.8152],[29.2913,40.8127],[29.2846,40.8124],[29.2759,40.814],[29.2701,40.8116],[29.2652,40.8115],[29.2636,40.805],[29.2587,40.803],[29.2588,40.8074],[29.255,40.8147],[29.262,40.8164],[29.2674,40.8151],[29.2709,40.8202],[29.2748,40.8202],[29.2795,40.8257],[29.2783,40.8312],[29.2717,40.8318],[29.2667,40.8345],[29.2683,40.8384],[29.2627,40.84],[29.2678,40.8497],[29.2704,40.8454],[29.2674,40.8423],[29.2711,40.8373],[29.2783,40.8339],[29.2842,40.8397],[29.2858,40.844],[29.2894,40.843],[29.2916,40.8465],[29.287,40.8547],[29.2836,40.8543],[29.2722,40.8573],[29.2676,40.854],[29.26,40.8553],[29.2593,40.8571],[29.2651,40.86],[29.2595,40.8636],[29.2574,40.867],[29.2402,40.8744],[29.2352,40.8747],[29.2337,40.8702],[29.2263,40.8714],[29.2215,40.8761],[29.2033,40.8833],[29.1971,40.8837],[29.1883,40.887],[29.1837,40.8852],[29.1774,40.8869],[29.175,40.8897],[29.167,40.8947],[29.1547,40.9007],[29.1472,40.9006],[29.1408,40.9041],[29.1328,40.912],[29.1272,40.9194],[29.1217,40.9196],[29.1137,40.9288],[29.1132,40.9316],[29.1069,40.9388],[29.1076,40.9422],[29.1031,40.9439],[29.0946,40.9521],[29.0905,40.9513],[29.0872,40.9546],[29.0811,40.9535],[29.076,40.9571],[29.0711,40.9585],[29.0688,40.9624],[29.0622,40.9621],[29.0562,40.9643],[29.0538,40.967],[29.0454,40.9696],[29.0418,40.9656],[29.0375,40.9689],[29.0396,40.9754],[29.0375,40.9794],[29.0337,40.9822],[29.0295,40.9797],[29.0198,40.9813],[29.0202,40.9853],[29.0173,40.9895],[29.023,40.9921],[29.0226,40.996],[29.0191,40.997],[29.0124,41.0045],[29.0084,41.0049],[29.0112,41.013],[29.0063,41.0223],[29.0096,41.0259],[29.0132,41.0262],[29.0175,41.03],[29.0223,41.0322],[29.0393,41.0427],[29.0523,41.0486],[29.0516,41.054],[29.0533,41.0575],[29.0524,41.0615],[29.057,41.0664],[29.0553,41.0731],[29.0637,41.0764],[29.0669,41.0851],[29.0663,41.0916],[29.0644,41.0977],[29.0662,41.1027],[29.0736,41.1071],[29.0813,41.1071],[29.0827,41.1101],[29.0878,41.115],[29.0948,41.1169],[29.0976,41.1221],[29.097,41.1266],[29.0924,41.1311],[29.0916,41.1341],[29.0872,41.1363],[29.0804,41.1368],[29.079,41.1396],[29.0717,41.1423],[29.0756,41.1488],[29.0778,41.156],[29.0724,41.1612],[29.0758,41.1667],[29.0814,41.1673],[29.0867,41.1701],[29.0884,41.1734],[29.0869,41.1784],[29.0942,41.1806],[29.1032,41.1817],[29.1167,41.1868],[29.1193,41.1905],[29.1201,41.197],[29.1181,41.199],[29.1232,41.202],[29.131,41.2031],[29.1297,41.2074],[29.1422,41.2127],[29.1477,41.2119],[29.152,41.2143],[29.1506,41.2178],[29.1545,41.2194],[29.1626,41.2179],[29.1651,41.2243],[29.1699,41.2248],[29.1797,41.2214],[29.1976,41.2203],[29.2014,41.222],[29.2106,41.2221],[29.2195,41.2289],[29.2239,41.2306],[29.2288,41.2282],[29.2333,41.2296],[29.2414,41.2279],[29.2456,41.232],[29.2513,41.2339],[29.2574,41.2338],[29.2579,41.2305],[29.2654,41.2312],[29.273,41.2277],[29.2768,41.2281],[29.2828,41.2249],[29.2921,41.2221],[29.2969,41.2221],[29.3064,41.2204],[29.3109,41.2205],[29.3202,41.2169],[29.3365,41.2146],[29.3397,41.2152],[29.3493,41.2122],[29.3615,41.2108],[29.3722,41.2124],[29.3786,41.2115],[29.389,41.2147],[29.3924,41.2122],[29.3999,41.2103],[29.4087,41.2093],[29.4114,41.2079],[29.4481,41.1982],[29.4548,41.198],[29.47,41.1934],[29.4814,41.1904],[29.5094,41.184],[29.5118,41.1848],[29.5212,41.183],[29.5535,41.1756],[29.5741,41.1722],[29.591,41.1707],[29.5988,41.1717],[29.6089,41.1778],[29.62,41.1795],[29.6246,41.1782],[29.6247,41.1755],[29.632,41.1743],[29.6347,41.1712],[29.6601,41.1651],[29.671,41.1655],[29.676,41.1624],[29.6818,41.1633],[29.6916,41.1626],[29.6944,41.1639],[29.7032,41.1639],[29.7028,41.1613],[29.7086,41.1591],[29.7196,41.158],[29.7308,41.1554],[29.7359,41.156],[29.7375,41.1581],[29.7435,41.1601],[29.7552,41.1574],[29.7586,41.159],[29.7676,41.1605],[29.7729,41.1592],[29.776,41.1563],[29.7799,41.1584],[29.8019,41.152],[29.8122,41.1478],[29.8195,41.1434],[29.8436,41.1394],[29.8498,41.1389],[29.8554,41.143],[29.8619,41.1436],[29.8654,41.1412],[29.8724,41.1422],[29.8757,41.1388],[29.8806,41.1411],[29.8953,41.1434],[29.9068,41.1423],[29.9095,41.1433],[29.9182,41.1415]]],[[[29.1086,40.8603],[29.1145,40.8623],[29.1149,40.8705],[29.1203,40.8716],[29.1292,40.8751],[29.1353,40.8747],[29.1391,40.8709],[29.1305,40.8599],[29.1262,40.8573],[29.1252,40.8539],[29.1264,40.8464],[29.1243,40.8439],[29.1251,40.8398],[29.1226,40.8386],[29.1147,40.8382],[29.1109,40.8433],[29.1146,40.8472],[29.1105,40.853],[29.113,40.8597],[29.1086,40.8603]]],[[[29.1482,40.848],[29.1446,40.8474],[29.1405,40.8509],[29.1462,40.8527],[29.1482,40.848]]],[[[29.0832,40.8769],[29.0903,40.8804],[29.0931,40.8848],[29.0983,40.8839],[29.102,40.8729],[29.0972,40.8695],[29.0898,40.8691],[29.0849,40.8716],[29.0806,40.868],[29.0752,40.8685],[29.0749,40.8724],[29.0783,40.8757],[29.0832,40.8769]]],[[[29.0556,40.9088],[29.0569,40.9054],[29.0537,40.9033],[29.0468,40.9025],[29.0461,40.9047],[29.0406,40.9089],[29.0392,40.9118],[29.0494,40.9144],[29.0531,40.9135],[29.0556,40.9088]]],[[[29.0574,40.8841],[29.0577,40.8861],[29.0695,40.8846],[29.0711,40.8792],[29.0685,40.8758],[29.0631,40.8739],[29.0536,40.8764],[29.0533,40.8787],[29.0574,40.8841]]],[[[28.0134,41.0343],[28.0076,41.0321],[28.0049,41.0401],[27.9962,41.0391],[27.9923,41.0428],[27.9859,41.044],[27.9743,41.0434],[27.9774,41.0484],[27.9785,41.0588],[27.9753,41.0656],[27.9802,41.0678],[27.9819,41.0754],[27.9756,41.0752],[27.975,41.0796],[27.9788,41.0845],[27.9748,41.0877],[27.9783,41.097],[27.9722,41.1008],[27.9758,41.1072],[27.9725,41.112],[27.9754,41.1178],[27.9761,41.128],[27.9807,41.1438],[27.9786,41.1514],[27.98,41.1557],[27.9843,41.162],[27.9922,41.1616],[28.0136,41.1623],[28.017,41.1715],[28.0215,41.1739],[28.0233,41.1813],[28.0208,41.1841],[28.0185,41.1969],[28.0162,41.2008],[28.0113,41.2051],[28.0071,41.2128],[27.9983,41.2226],[27.9975,41.2304],[28.0004,41.2406],[28.0039,41.2441],[28.0155,41.2523],[28.0234,41.2535],[28.0369,41.2597],[28.0459,41.2653],[28.0512,41.2671],[28.0561,41.2669],[28.0626,41.2772],[28.0654,41.2777],[28.0718,41.2826],[28.0721,41.285],[28.0767,41.2879],[28.0757,41.2943],[28.0787,41.2972],[28.0764,41.3022],[28.0782,41.3119],[28.0781,41.3198],[28.0799,41.327],[28.0864,41.3407],[28.089,41.3479],[28.0877,41.3509],[28.0893,41.3698],[28.0948,41.3774],[28.0981,41.3853],[28.0981,41.3932],[28.1008,41.4039],[28.1088,41.4042],[28.113,41.4075],[28.1222,41.4099],[28.118,41.4161],[28.1152,41.418],[28.1102,41.4286],[28.1104,41.4323],[28.1132,41.4388],[28.1136,41.4447],[28.1119,41.4495],[28.1121,41.4595],[28.1112,41.4658],[28.1062,41.4692],[28.1059,41.4738],[28.0995,41.4763],[28.0928,41.4805],[28.0841,41.4908],[28.0786,41.4931],[28.0729,41.4929],[28.0702,41.4952],[28.0734,41.5004],[28.0703,41.5089],[28.0757,41.5129],[28.077,41.5167],[28.0921,41.5176],[28.0976,41.5227],[28.105,41.523],[28.1114,41.5289],[28.1155,41.5305],[28.1195,41.5342],[28.1212,41.5404],[28.1159,41.543],[28.1203,41.545],[28.1247,41.5569],[28.118,41.5634],[28.1241,41.5663],[28.1282,41.5737],[28.1323,41.5748],[28.1368,41.5816],[28.143,41.5852],[28.1443,41.5906],[28.1441,41.5881],[28.1474,41.584],[28.1527,41.5803],[28.1664,41.5783],[28.166,41.5748],[28.1816,41.5711],[28.1843,41.5661],[28.183,41.5618],[28.1864,41.5538],[28.1927,41.5527],[28.1949,41.5487],[28.2078,41.5387],[28.2192,41.5282],[28.2205,41.5247],[28.2242,41.5231],[28.2289,41.5246],[28.2374,41.517],[28.2471,41.5144],[28.2482,41.5109],[28.26,41.5073],[28.263,41.5022],[28.2687,41.4998],[28.2723,41.4962],[28.2848,41.4916],[28.3111,41.4809],[28.315,41.4787],[28.3353,41.4711],[28.3655,41.4586],[28.3812,41.4517],[28.4019,41.4432],[28.4369,41.4296],[28.466,41.4196],[28.4887,41.41],[28.4907,41.4086],[28.5308,41.3928],[28.5437,41.3885],[28.5478,41.3884],[28.5576,41.3856],[28.5645,41.3824],[28.5776,41.3743],[28.596,41.3669],[28.6112,41.3603],[28.6308,41.3528],[28.6455,41.3491],[28.6498,41.35],[28.6709,41.3432],[28.6767,41.3431],[28.6802,41.3481],[28.6863,41.3414],[28.7093,41.3323],[28.7262,41.3265],[28.7325,41.3261],[28.7362,41.3274],[28.742,41.326],[28.7479,41.3267],[28.7519,41.3289],[28.7561,41.3276],[28.7609,41.3236],[28.7696,41.3245],[28.7743,41.3175],[28.7816,41.3131],[28.781,41.3088],[28.7877,41.3068],[28.7896,41.3049],[28.7977,41.302],[28.8006,41.3036],[28.8078,41.3017],[28.8199,41.2923],[28.8274,41.2911],[28.8356,41.2878],[28.8439,41.2877],[28.855,41.2822],[28.8671,41.2795],[28.8737,41.277],[28.8876,41.2744],[28.8986,41.2745],[28.9022,41.2753],[28.9082,41.2726],[28.9202,41.2721],[28.9244,41.271],[28.9373,41.2649],[28.9458,41.2623],[28.9543,41.2624],[28.9629,41.2584],[28.9652,41.255],[28.9742,41.2526],[28.9784,41.2531],[28.9855,41.2508],[29.0005,41.2473],[29.0198,41.2452],[29.0331,41.2462],[29.0338,41.2493],[29.0386,41.2519],[29.0385,41.2557],[29.0452,41.2544],[29.0502,41.2559],[29.0674,41.2536],[29.0755,41.25],[29.0795,41.2528],[29.0848,41.2471],[29.0915,41.2471],[29.1001,41.2414],[29.1098,41.2385],[29.1095,41.2352],[29.1133,41.2341],[29.1134,41.2295],[29.1095,41.2234],[29.1067,41.2217],[29.1076,41.2159],[29.1114,41.2139],[29.1056,41.2067],[29.1002,41.2061],[29.0914,41.2004],[29.0833,41.1899],[29.0771,41.1856],[29.0737,41.1798],[29.0727,41.175],[29.0678,41.1725],[29.0617,41.1712],[29.0574,41.1663],[29.0518,41.1648],[29.0462,41.1611],[29.0382,41.1587],[29.0381,41.1537],[29.0414,41.1529],[29.0459,41.1489],[29.0504,41.148],[29.0557,41.1438],[29.0642,41.1305],[29.0705,41.1272],[29.0719,41.1234],[29.0698,41.1196],[29.0613,41.1131],[29.0536,41.0989],[29.054,41.0948],[29.0572,41.0908],[29.056,41.0817],[29.0466,41.0791],[29.0442,41.0772],[29.0463,41.0677],[29.0424,41.0666],[29.0405,41.0626],[29.0366,41.0594],[29.0328,41.0497],[29.0247,41.0472],[29.0169,41.0435],[28.9968,41.0375],[28.9885,41.0282],[28.9752,41.0216],[28.9699,41.0224],[28.9675,41.0245],[28.967,41.0295],[28.9601,41.0339],[28.9524,41.0349],[28.9468,41.0431],[28.9415,41.0455],[28.939,41.0493],[28.9403,41.0525],[28.9477,41.0555],[28.9469,41.0574],[28.9387,41.0551],[28.9352,41.0497],[28.9382,41.0467],[28.94,41.0423],[28.9447,41.0407],[28.9499,41.0323],[28.9531,41.0292],[28.9573,41.0285],[28.9663,41.0195],[28.9696,41.0196],[28.9769,41.0167],[28.9867,41.0174],[28.9881,41.013],[28.9863,41.0067],[28.9801,41.002],[28.9731,41.001],[28.9688,41.002],[28.9555,41.0024],[28.9534,40.9984],[28.9474,40.9962],[28.9421,40.9969],[28.9346,40.9994],[28.9331,40.9963],[28.9253,40.9884],[28.9174,40.9878],[28.9119,40.9857],[28.9084,40.9817],[28.9,40.979],[28.8923,40.9812],[28.8832,40.9768],[28.8728,40.9698],[28.8662,40.9695],[28.8659,40.9736],[28.8518,40.9744],[28.8467,40.9707],[28.8458,40.9668],[28.8393,40.9583],[28.8303,40.9548],[28.8263,40.9571],[28.8222,40.9552],[28.8169,40.9553],[28.8092,40.9583],[28.8036,40.9621],[28.7986,40.9638],[28.7939,40.968],[28.7764,40.976],[28.773,40.981],[28.7756,40.9819],[28.7751,40.984],[28.7729,40.9856],[28.7751,40.9832],[28.7752,40.9831],[28.7752,40.9822],[28.7729,40.9818],[28.7525,40.9797],[28.7439,40.974],[28.7416,40.9705],[28.7282,40.9716],[28.7195,40.9707],[28.7113,40.9728],[28.6995,40.9737],[28.6918,40.9722],[28.6848,40.9688],[28.6837,40.9668],[28.6761,40.9659],[28.6744,40.9645],[28.6649,40.9627],[28.6571,40.9636],[28.6543,40.9627],[28.6386,40.9623],[28.6207,40.9607],[28.6155,40.9618],[28.6065,40.9653],[28.6037,40.9643],[28.5981,40.9666],[28.5981,40.9707],[28.5949,40.9736],[28.5991,40.9812],[28.5963,40.9874],[28.5968,40.9991],[28.5999,41.0084],[28.5968,41.013],[28.5878,41.0169],[28.5748,41.0183],[28.5735,41.0237],[28.566,41.0251],[28.5633,41.0223],[28.5699,41.0209],[28.5632,41.0165],[28.5629,41.0137],[28.5539,41.0091],[28.5505,41.0025],[28.5471,40.9997],[28.544,40.9885],[28.5412,40.9846],[28.5373,40.9879],[28.5158,40.9973],[28.5104,40.9985],[28.5071,41.0032],[28.494,41.0089],[28.4816,41.0135],[28.4803,41.0162],[28.4744,41.0202],[28.4658,41.0246],[28.4369,41.036],[28.4132,41.0435],[28.3937,41.0487],[28.391,41.0481],[28.3829,41.0508],[28.3721,41.053],[28.368,41.0522],[28.3524,41.0542],[28.3518,41.0562],[28.3389,41.0583],[28.3365,41.057],[28.323,41.058],[28.3131,41.0576],[28.3064,41.06],[28.2925,41.0622],[28.2787,41.0636],[28.2773,41.0628],[28.2651,41.0632],[28.26,41.0625],[28.2526,41.0661],[28.2503,41.0684],[28.2424,41.0711],[28.2424,41.0748],[28.2375,41.0769],[28.2281,41.0779],[28.2198,41.0772],[28.2115,41.0704],[28.1849,41.0733],[28.168,41.0729],[28.161,41.0718],[28.1558,41.0696],[28.143,41.069],[28.1325,41.0666],[28.1255,41.0635],[28.1226,41.0599],[28.1173,41.0614],[28.1094,41.0609],[28.0927,41.0583],[28.0907,41.0586],[28.0737,41.0565],[28.0682,41.0548],[28.0555,41.0478],[28.0431,41.0421],[28.0331,41.0417],[28.0253,41.0395],[28.0187,41.0359],[28.0134,41.0343]]]]}},{"type":"Feature","properties":{"name":"İzmir","number":35},"geometry":{"type":"MultiPolygon","coordinates":[[[[28.4851,38.1226],[28.483,38.1191],[28.4725,38.1141],[28.4705,38.1061],[28.4649,38.1043],[28.4621,38.1017],[28.4546,38.0979],[28.448,38.0977],[28.4425,38.0946],[28.4361,38.0877],[28.4239,38.0915],[28.417,38.0967],[28.4136,38.0958],[28.4079,38.097],[28.4028,38.1007],[28.3955,38.1087],[28.3895,38.1112],[28.383,38.1103],[28.3754,38.1078],[28.3702,38.1151],[28.3692,38.1221],[28.3673,38.1241],[28.3674,38.1287],[28.3595,38.1258],[28.3563,38.1266],[28.3505,38.1253],[28.3431,38.1213],[28.3376,38.123],[28.3306,38.1218],[28.3309,38.1147],[28.3295,38.1101],[28.3317,38.1018],[28.3262,38.0976],[28.3122,38.0942],[28.3091,38.0893],[28.3051,38.086],[28.3042,38.0808],[28.301,38.0757],[28.3057,38.0691],[28.3094,38.059],[28.3098,38.0548],[28.3041,38.054],[28.2924,38.0545],[28.2861,38.044],[28.2854,38.0396],[28.2793,38.0332],[28.2709,38.0344],[28.2626,38.0336],[28.256,38.0341],[28.2488,38.0369],[28.235,38.0354],[28.2292,38.0368],[28.2129,38.0441],[28.2094,38.0439],[28.204,38.0393],[28.2003,38.0425],[28.1978,38.0384],[28.1894,38.0371],[28.1822,38.0393],[28.1809,38.0435],[28.1777,38.0457],[28.1706,38.0437],[28.164,38.0475],[28.1582,38.0493],[28.153,38.0478],[28.1554,38.0431],[28.1554,38.0396],[28.1516,38.0335],[28.1519,38.0301],[28.1462,38.0243],[28.1414,38.0225],[28.1366,38.0244],[28.1335,38.0235],[28.128,38.0256],[28.1246,38.0247],[28.1146,38.0246],[28.1104,38.0278],[28.1022,38.0313],[28.0935,38.0281],[28.0902,38.0256],[28.0833,38.025],[28.0661,38.0283],[28.0551,38.0321],[28.0516,38.039],[28.0456,38.0359],[28.0437,38.0306],[28.0365,38.0206],[28.034,38.0112],[28.0331,38.002],[28.027,38.0013],[28.0192,37.9974],[28.0176,37.995],[28.0191,37.9893],[28.0183,37.9821],[28.0071,37.9811],[28.0094,37.9761],[28.0101,37.9695],[28.0074,37.9658],[28.004,37.9727],[27.9993,37.9761],[27.991,37.979],[27.979,37.9881],[27.9766,37.9888],[27.9715,37.9954],[27.9659,37.9994],[27.9565,37.9947],[27.9413,37.9979],[27.9276,37.9976],[27.9264,37.9963],[27.9003,37.9933],[27.9062,38.0149],[27.9016,38.0109],[27.8939,38.0107],[27.8876,38.0127],[27.8796,38.0123],[27.8803,38.0066],[27.8741,37.9941],[27.867,37.9862],[27.8636,37.9765],[27.8561,37.9704],[27.8477,37.9719],[27.8431,37.9784],[27.8253,37.9706],[27.8239,37.9673],[27.8136,37.9628],[27.8069,37.9648],[27.8014,37.9646],[27.8019,37.9696],[27.7953,37.9714],[27.791,37.9697],[27.7853,37.9719],[27.7852,37.9749],[27.7776,37.975],[27.7757,37.9699],[27.7723,37.9677],[27.7718,37.9638],[27.7669,37.9593],[27.7577,37.9543],[27.7555,37.9505],[27.7483,37.9642],[27.7472,37.969],[27.7438,37.9727],[27.74,37.9725],[27.7395,37.9778],[27.7332,37.981],[27.7241,37.9786],[27.7189,37.9806],[27.712,37.9811],[27.7081,37.9785],[27.7026,37.9811],[27.694,37.9824],[27.6904,37.9782],[27.682,37.9775],[27.673,37.9703],[27.6706,37.9662],[27.661,37.966],[27.6582,37.9629],[27.653,37.9625],[27.645,37.9647],[27.6422,37.9679],[27.6365,37.9685],[27.6338,37.9713],[27.6273,37.9692],[27.6227,37.9723],[27.6244,37.9821],[27.6231,37.99],[27.6191,37.997],[27.6238,37.9993],[27.6212,38.0049],[27.6223,38.0075],[27.6133,38.0085],[27.5954,38.0066],[27.5842,38.0037],[27.5758,38.0054],[27.5627,38.0103],[27.556,38.0085],[27.5491,38.0082],[27.5448,38.0037],[27.524,38.0078],[27.52,38.002],[27.5141,38.0015],[27.509,37.9983],[27.5062,37.9933],[27.5057,37.9893],[27.501,37.9857],[27.4998,37.9788],[27.495,37.9752],[27.4848,37.9782],[27.4847,37.9751],[27.4803,37.97],[27.4732,37.9665],[27.4741,37.9625],[27.4841,37.9593],[27.4928,37.959],[27.4968,37.9458],[27.4948,37.9377],[27.4989,37.9356],[27.4894,37.9315],[27.4864,37.9293],[27.4804,37.9286],[27.4751,37.9326],[27.4693,37.9303],[27.4649,37.9259],[27.4599,37.9273],[27.4547,37.918],[27.4575,37.914],[27.4581,37.9084],[27.4576,37.8986],[27.4592,37.8963],[27.4557,37.8933],[27.4498,37.8906],[27.4319,37.8791],[27.427,37.8786],[27.4253,37.8762],[27.4275,37.8725],[27.4353,37.8704],[27.438,37.8654],[27.436,37.8603],[27.4389,37.8562],[27.4359,37.8524],[27.4373,37.8484],[27.4412,37.8443],[27.4406,37.8387],[27.4294,37.8356],[27.4231,37.8316],[27.4149,37.8278],[27.4076,37.8264],[27.4005,37.8209],[27.3947,37.8193],[27.3897,37.8152],[27.3872,37.8168],[27.3807,37.8263],[27.3792,37.8325],[27.375,37.8385],[27.381,37.8388],[27.3829,37.843],[27.3908,37.8469],[27.3916,37.8523],[27.3891,37.8581],[27.3877,37.8664],[27.3827,37.8713],[27.3796,37.8771],[27.3756,37.8725],[27.3699,37.8708],[27.3666,37.8721],[27.3606,37.8797],[27.3541,37.881],[27.3496,37.8782],[27.328,37.8735],[27.3169,37.8722],[27.313,37.8755],[27.2885,37.9105],[27.2716,37.922],[27.2755,37.9221],[27.277,37.9278],[27.2745,37.9406],[27.2726,37.9467],[27.2692,37.9525],[27.2631,37.9579],[27.259,37.9666],[27.2545,37.974],[27.2473,37.9814],[27.2424,37.982],[27.2385,37.9857],[27.2313,37.9841],[27.2278,37.9867],[27.2189,37.9891],[27.2159,37.9928],[27.2077,37.9915],[27.2032,37.989],[27.1962,37.991],[27.1861,37.9906],[27.181,37.9861],[27.1751,37.9865],[27.1717,37.9831],[27.1672,37.9813],[27.161,37.9826],[27.1549,37.9863],[27.1493,37.9868],[27.1469,37.9835],[27.1429,37.9844],[27.1388,37.9889],[27.1327,37.9881],[27.1297,37.9916],[27.1255,37.9937],[27.1189,37.9948],[27.1151,38.0012],[27.111,38.002],[27.1109,38.0059],[27.1037,38.0111],[27.1016,38.0144],[27.092,38.0176],[27.0866,38.0169],[27.0776,38.0142],[27.0746,38.0159],[27.071,38.0226],[27.073,38.0244],[27.0702,38.0307],[27.0664,38.0358],[27.0608,38.0377],[27.0482,38.049],[27.0378,38.053],[27.0217,38.0538],[27.0119,38.0573],[26.9959,38.0668],[26.9941,38.0692],[26.9868,38.0728],[26.9769,38.0752],[26.9684,38.0741],[26.9578,38.0761],[26.9484,38.0754],[26.9367,38.0734],[26.9155,38.0674],[26.8973,38.0611],[26.8917,38.0566],[26.8842,38.0521],[26.8813,38.0471],[26.882,38.043],[26.8758,38.038],[26.8764,38.0343],[26.8718,38.0302],[26.8685,38.0333],[26.8681,38.0394],[26.8632,38.041],[26.8574,38.0462],[26.8581,38.0507],[26.8558,38.0578],[26.8498,38.0679],[26.8472,38.0692],[26.8453,38.0748],[26.8457,38.08],[26.8499,38.0831],[26.8505,38.0921],[26.8493,38.095],[26.8514,38.0993],[26.8505,38.1032],[26.8432,38.1126],[26.8417,38.1172],[26.8331,38.1257],[26.8371,38.1306],[26.8332,38.1324],[26.8303,38.1391],[26.8226,38.1408],[26.82,38.1464],[26.8235,38.1486],[26.8224,38.1513],[26.8251,38.1556],[26.8217,38.1604],[26.8079,38.1661],[26.8055,38.1696],[26.7969,38.1731],[26.7921,38.1725],[26.7819,38.166],[26.7751,38.1669],[26.7739,38.1735],[26.7698,38.1764],[26.7725,38.1824],[26.7702,38.1835],[26.771,38.1893],[26.7742,38.192],[26.7731,38.1971],[26.7764,38.1994],[26.7835,38.1942],[26.7866,38.1958],[26.7884,38.2006],[26.777,38.2033],[26.7722,38.2072],[26.7726,38.2102],[26.767,38.2137],[26.7622,38.2151],[26.7577,38.2194],[26.7572,38.2221],[26.7517,38.2227],[26.7447,38.2129],[26.7396,38.2132],[26.7359,38.2163],[26.731,38.2073],[26.72,38.2117],[26.7137,38.2101],[26.7055,38.2114],[26.706,38.2086],[26.7016,38.2075],[26.6977,38.2115],[26.6931,38.2051],[26.687,38.2066],[26.6831,38.2113],[26.6766,38.2112],[26.6752,38.205],[26.6709,38.2077],[26.6597,38.2104],[26.6583,38.2082],[26.6504,38.2091],[26.6496,38.2035],[26.6453,38.2022],[26.6368,38.2051],[26.639,38.2005],[26.6356,38.1983],[26.6315,38.1996],[26.6308,38.1919],[26.6291,38.1861],[26.6327,38.1734],[26.6306,38.1682],[26.633,38.1677],[26.6286,38.1578],[26.6242,38.1431],[26.6236,38.1384],[26.616,38.1371],[26.6138,38.1388],[26.6044,38.1377],[26.6117,38.1336],[26.6101,38.1269],[26.6144,38.1135],[26.611,38.1075],[26.6034,38.1047],[26.6001,38.1073],[26.5924,38.1032],[26.5836,38.1086],[26.5816,38.1115],[26.5859,38.1156],[26.5835,38.1183],[26.5846,38.1227],[26.5778,38.1363],[26.5704,38.1434],[26.5632,38.1453],[26.5656,38.1407],[26.5667,38.127],[26.5643,38.1213],[26.5606,38.118],[26.5568,38.1174],[26.552,38.1189],[26.553,38.1215],[26.543,38.1209],[26.5441,38.1254],[26.5413,38.13],[26.5346,38.1269],[26.5307,38.1308],[26.5314,38.1349],[26.5271,38.1403],[26.5216,38.1423],[26.5207,38.1443],[26.5221,38.1534],[26.52,38.1593],[26.5164,38.1609],[26.5129,38.1657],[26.5157,38.1704],[26.5204,38.1709],[26.517,38.1753],[26.5205,38.1829],[26.5167,38.1877],[26.5129,38.1815],[26.5089,38.1794],[26.507,38.1761],[26.5035,38.1773],[26.4998,38.1814],[26.497,38.1792],[26.4932,38.1818],[26.4875,38.1829],[26.4866,38.1864],[26.4916,38.1905],[26.487,38.1922],[26.4737,38.1906],[26.4696,38.1913],[26.4659,38.1948],[26.4589,38.1961],[26.462,38.2039],[26.458,38.2052],[26.4544,38.2016],[26.4514,38.2036],[26.4515,38.209],[26.4461,38.2093],[26.4391,38.2136],[26.444,38.217],[26.4404,38.2193],[26.4331,38.22],[26.4282,38.2224],[26.4205,38.2222],[26.419,38.2204],[26.4247,38.2119],[26.4294,38.2071],[26.4298,38.2007],[26.4257,38.201],[26.4146,38.2105],[26.4035,38.2168],[26.4006,38.2172],[26.3933,38.2223],[26.3893,38.224],[26.3922,38.2297],[26.3901,38.2338],[26.3903,38.2376],[26.4022,38.2443],[26.3999,38.2529],[26.3931,38.2579],[26.3911,38.2611],[26.3824,38.2605],[26.3815,38.2585],[26.3851,38.2523],[26.3862,38.2461],[26.3794,38.2454],[26.377,38.2408],[26.3697,38.2335],[26.3667,38.2279],[26.3618,38.2293],[26.3465,38.2287],[26.3433,38.2292],[26.335,38.2261],[26.329,38.2312],[26.3236,38.2309],[26.3222,38.2328],[26.3131,38.2389],[26.3071,38.2407],[26.3063,38.2465],[26.3019,38.2486],[26.3031,38.2543],[26.2982,38.2587],[26.2923,38.2597],[26.2899,38.2633],[26.2862,38.265],[26.2733,38.2685],[26.2607,38.2699],[26.2487,38.2688],[26.2419,38.2635],[26.2324,38.2669],[26.2303,38.2737],[26.2334,38.2782],[26.2325,38.2891],[26.2336,38.2931],[26.2411,38.2948],[26.2446,38.2929],[26.2432,38.2893],[26.2463,38.2861],[26.2543,38.2854],[26.2648,38.2881],[26.2758,38.2919],[26.28,38.2954],[26.2829,38.301],[26.2808,38.3063],[26.2794,38.3193],[26.2836,38.3244],[26.2871,38.3171],[26.2918,38.3211],[26.3018,38.3251],[26.2962,38.328],[26.2895,38.3408],[26.2867,38.3419],[26.2829,38.3519],[26.2841,38.3581],[26.283,38.3747],[26.2856,38.375],[26.2873,38.3692],[26.293,38.3629],[26.2954,38.3618],[26.297,38.357],[26.3015,38.3553],[26.3048,38.3577],[26.3023,38.3622],[26.3052,38.3671],[26.3094,38.3682],[26.3108,38.3714],[26.3096,38.375],[26.3142,38.3772],[26.317,38.3745],[26.3149,38.3651],[26.3188,38.3621],[26.316,38.3597],[26.3229,38.357],[26.3244,38.353],[26.3185,38.3479],[26.3154,38.3465],[26.3174,38.3409],[26.3121,38.3394],[26.3171,38.3357],[26.3188,38.3299],[26.3255,38.3262],[26.3341,38.3244],[26.3407,38.3257],[26.3422,38.3326],[26.3451,38.3321],[26.3436,38.3209],[26.3523,38.3145],[26.3591,38.3137],[26.3579,38.3112],[26.3631,38.3078],[26.3715,38.3081],[26.3819,38.311],[26.3853,38.3178],[26.3857,38.3281],[26.3825,38.3383],[26.3832,38.3465],[26.3874,38.3479],[26.3885,38.3369],[26.3931,38.3425],[26.3969,38.3418],[26.4019,38.3325],[26.3966,38.3297],[26.3936,38.325],[26.4012,38.3235],[26.4051,38.3281],[26.409,38.3287],[26.4133,38.3334],[26.4178,38.3315],[26.4229,38.3324],[26.4242,38.3382],[26.4279,38.3417],[26.4339,38.3444],[26.4393,38.344],[26.4433,38.3479],[26.4498,38.3476],[26.4514,38.3528],[26.4623,38.3595],[26.4636,38.3641],[26.4667,38.364],[26.4708,38.3683],[26.4724,38.3727],[26.4832,38.376],[26.4827,38.3781],[26.4757,38.381],[26.4731,38.387],[26.4747,38.39],[26.4725,38.3948],[26.4745,38.3963],[26.4758,38.4016],[26.4719,38.4078],[26.4671,38.4128],[26.4619,38.409],[26.4591,38.41],[26.462,38.4146],[26.4615,38.4187],[26.4555,38.421],[26.4528,38.4202],[26.4505,38.4248],[26.451,38.4279],[26.4608,38.4257],[26.47,38.4264],[26.4772,38.4182],[26.4835,38.4137],[26.4858,38.4082],[26.4848,38.4051],[26.4876,38.4015],[26.4968,38.4014],[26.4987,38.4045],[26.5032,38.4065],[26.5032,38.414],[26.5067,38.4145],[26.5114,38.4201],[26.5099,38.4238],[26.5164,38.4291],[26.5147,38.4323],[26.5058,38.4364],[26.5016,38.4427],[26.4955,38.448],[26.4886,38.4496],[26.4862,38.4527],[26.4742,38.4596],[26.4694,38.4586],[26.4649,38.4633],[26.4616,38.4633],[26.4539,38.4689],[26.4481,38.4708],[26.4401,38.4764],[26.4301,38.4778],[26.4193,38.4761],[26.4179,38.4727],[26.4145,38.4715],[26.4131,38.4666],[26.4141,38.4621],[26.4125,38.4574],[26.4034,38.455],[26.4037,38.4511],[26.3998,38.4462],[26.3931,38.4474],[26.3905,38.4592],[26.3924,38.4654],[26.3967,38.4678],[26.4029,38.4777],[26.4051,38.4872],[26.4116,38.4922],[26.4047,38.4995],[26.4008,38.5055],[26.3961,38.5041],[26.393,38.5105],[26.3936,38.514],[26.3899,38.5219],[26.3856,38.5231],[26.3812,38.5194],[26.3786,38.5227],[26.3754,38.5306],[26.3818,38.5392],[26.3806,38.5445],[26.374,38.5482],[26.3745,38.5513],[26.3713,38.5538],[26.3705,38.5598],[26.3634,38.5627],[26.3609,38.57],[26.3598,38.5783],[26.3615,38.587],[26.3606,38.6017],[26.3593,38.6088],[26.3571,38.6094],[26.3546,38.6168],[26.3578,38.6219],[26.356,38.6285],[26.3569,38.6314],[26.3535,38.6369],[26.3554,38.6472],[26.3593,38.6525],[26.3599,38.6569],[26.3639,38.6611],[26.3743,38.6642],[26.3801,38.6638],[26.3831,38.6664],[26.3863,38.6656],[26.3973,38.6672],[26.4046,38.6715],[26.4146,38.6798],[26.4232,38.6798],[26.4266,38.6779],[26.433,38.672],[26.438,38.671],[26.4411,38.6732],[26.4486,38.6718],[26.4547,38.6726],[26.4638,38.6694],[26.4681,38.6704],[26.4754,38.6745],[26.481,38.6689],[26.4853,38.667],[26.4873,38.6636],[26.4999,38.6568],[26.5002,38.6541],[26.5089,38.6501],[26.5125,38.6475],[26.516,38.6476],[26.5213,38.6507],[26.5247,38.6451],[26.5217,38.6384],[26.5256,38.6336],[26.5231,38.6313],[26.5332,38.6259],[26.5377,38.6184],[26.543,38.6125],[26.5482,38.6024],[26.5526,38.6013],[26.5572,38.6046],[26.5616,38.6018],[26.5633,38.593],[26.5668,38.5827],[26.5654,38.5731],[26.5676,38.5713],[26.5671,38.5654],[26.5695,38.5586],[26.5793,38.5542],[26.5843,38.549],[26.5936,38.5448],[26.595,38.5413],[26.6015,38.5389],[26.6021,38.5353],[26.6113,38.5301],[26.6181,38.5297],[26.6246,38.5313],[26.6229,38.525],[26.6243,38.5203],[26.6288,38.5168],[26.6324,38.5113],[26.6328,38.5042],[26.6319,38.4979],[26.6401,38.4752],[26.6401,38.4658],[26.636,38.4659],[26.6311,38.4633],[26.6279,38.4693],[26.6206,38.4727],[26.6071,38.4706],[26.5922,38.47],[26.5944,38.4674],[26.5939,38.4638],[26.6026,38.4579],[26.604,38.4515],[26.5984,38.4462],[26.6006,38.4426],[26.5991,38.434],[26.5926,38.4314],[26.5873,38.432],[26.5841,38.4284],[26.5846,38.4255],[26.5887,38.4217],[26.6009,38.4158],[26.6041,38.4199],[26.6109,38.4196],[26.6161,38.4143],[26.614,38.4114],[26.6178,38.4075],[26.6175,38.4027],[26.6229,38.401],[26.6262,38.3902],[26.6302,38.3805],[26.6398,38.3788],[26.6425,38.3753],[26.6451,38.3686],[26.6445,38.357],[26.6433,38.3513],[26.6406,38.3482],[26.6437,38.3399],[26.6512,38.3381],[26.6528,38.3332],[26.6591,38.3258],[26.6654,38.3228],[26.6671,38.317],[26.6705,38.3136],[26.6807,38.3102],[26.689,38.3111],[26.7015,38.3148],[26.7037,38.3199],[26.6999,38.3227],[26.7019,38.3277],[26.7002,38.3323],[26.6934,38.3355],[26.6954,38.3403],[26.6923,38.3441],[26.6863,38.3471],[26.6752,38.3478],[26.6768,38.352],[26.6754,38.3586],[26.682,38.3573],[26.6844,38.3504],[26.6887,38.3516],[26.6822,38.3623],[26.6808,38.3664],[26.6827,38.3733],[26.677,38.379],[26.6751,38.3867],[26.6781,38.3972],[26.6837,38.3993],[26.6861,38.4052],[26.683,38.4088],[26.6836,38.4113],[26.6897,38.4187],[26.6941,38.4198],[26.6942,38.4226],[26.7004,38.4277],[26.7053,38.4295],[26.7065,38.4341],[26.7111,38.4328],[26.7148,38.4273],[26.7209,38.4266],[26.7241,38.4288],[26.7196,38.4367],[26.7248,38.4359],[26.7278,38.4319],[26.7351,38.4297],[26.7403,38.4215],[26.7354,38.4196],[26.7351,38.414],[26.7379,38.4115],[26.7413,38.4028],[26.7475,38.3989],[26.75,38.3913],[26.7537,38.3881],[26.7612,38.3851],[26.7623,38.3717],[26.7648,38.368],[26.7735,38.3634],[26.7798,38.3642],[26.7857,38.3598],[26.8017,38.3552],[26.8094,38.3557],[26.8124,38.3572],[26.8155,38.3626],[26.8356,38.3703],[26.8427,38.371],[26.8556,38.3736],[26.8596,38.3732],[26.8932,38.379],[26.899,38.3788],[26.9108,38.3809],[26.9228,38.3845],[26.9331,38.3833],[26.9411,38.3851],[26.9552,38.3911],[26.9686,38.3943],[26.9804,38.3965],[26.99,38.4017],[26.9952,38.4064],[27.0045,38.4091],[27.0107,38.409],[27.0171,38.4154],[27.0221,38.4139],[27.0328,38.414],[27.0356,38.4108],[27.0457,38.4125],[27.046,38.4091],[27.053,38.4055],[27.0581,38.4071],[27.0572,38.4135],[27.0614,38.4143],[27.0648,38.4092],[27.0699,38.4045],[27.0764,38.4011],[27.0857,38.3986],[27.0889,38.3992],[27.099,38.4065],[27.1112,38.4102],[27.1199,38.4115],[27.1228,38.4157],[27.1304,38.4227],[27.1323,38.4277],[27.1402,38.437],[27.1429,38.4426],[27.1514,38.4427],[27.1546,38.4474],[27.1592,38.4456],[27.1572,38.4426],[27.1664,38.4399],[27.1712,38.4471],[27.1623,38.4634],[27.1571,38.4673],[27.1481,38.4643],[27.1345,38.4651],[27.1287,38.4609],[27.1244,38.4554],[27.1205,38.4554],[27.1124,38.4494],[27.1058,38.4502],[27.0887,38.4574],[27.0822,38.4648],[27.077,38.4671],[27.0699,38.4672],[27.0651,38.4685],[27.0653,38.4726],[27.0594,38.4711],[27.0552,38.4729],[27.0509,38.4693],[27.0405,38.4656],[27.0363,38.4675],[27.027,38.4679],[27.0247,38.4633],[27.0169,38.4644],[27.0005,38.4579],[26.9952,38.4581],[26.9947,38.4536],[26.988,38.4559],[26.9837,38.4523],[26.9755,38.4555],[26.9706,38.4535],[26.9747,38.4471],[26.9725,38.4424],[26.9769,38.4398],[26.9723,38.4364],[26.9672,38.4486],[26.961,38.4456],[26.9546,38.444],[26.9473,38.4467],[26.9436,38.4445],[26.9395,38.4459],[26.9391,38.4508],[26.9309,38.4549],[26.925,38.4545],[26.9227,38.4677],[26.9137,38.4774],[26.9113,38.4838],[26.9085,38.4867],[26.9007,38.4918],[26.8849,38.5035],[26.883,38.5085],[26.8682,38.514],[26.8454,38.5197],[26.8297,38.5253],[26.8262,38.5306],[26.8198,38.5364],[26.8139,38.545],[26.8226,38.5504],[26.8291,38.5577],[26.8404,38.5563],[26.8411,38.5612],[26.8463,38.5626],[26.8417,38.5681],[26.8481,38.5752],[26.8459,38.5803],[26.8394,38.5836],[26.8402,38.5877],[26.8346,38.5866],[26.8311,38.5812],[26.8277,38.5814],[26.8277,38.5854],[26.8256,38.588],[26.8191,38.5869],[26.8139,38.5904],[26.8165,38.5945],[26.8105,38.5952],[26.8055,38.6021],[26.8004,38.6012],[26.8022,38.6081],[26.7998,38.6111],[26.7919,38.6109],[26.7883,38.614],[26.7794,38.6175],[26.7731,38.615],[26.768,38.6166],[26.7601,38.6151],[26.7591,38.6195],[26.7543,38.6274],[26.7639,38.6363],[26.7662,38.641],[26.7606,38.6403],[26.7526,38.6349],[26.7439,38.6373],[26.7438,38.6431],[26.7407,38.6461],[26.7356,38.6451],[26.7331,38.6476],[26.7349,38.6525],[26.7312,38.6564],[26.7344,38.6596],[26.7352,38.6654],[26.7412,38.6654],[26.7491,38.6636],[26.7534,38.6663],[26.7506,38.6683],[26.7548,38.6723],[26.7479,38.6779],[26.741,38.6795],[26.7405,38.683],[26.7362,38.6835],[26.7368,38.6877],[26.7317,38.6909],[26.7287,38.6957],[26.731,38.6979],[26.7332,38.7038],[26.7296,38.7085],[26.7286,38.7149],[26.7322,38.7163],[26.7315,38.7205],[26.7268,38.7209],[26.7294,38.7274],[26.7375,38.7317],[26.7413,38.731],[26.7424,38.7355],[26.739,38.7389],[26.742,38.7417],[26.7529,38.7391],[26.7572,38.736],[26.7592,38.7391],[26.7639,38.74],[26.7701,38.7352],[26.7751,38.738],[26.7798,38.7364],[26.785,38.7406],[26.7872,38.747],[26.7911,38.7486],[26.7972,38.7483],[26.8088,38.7522],[26.815,38.7531],[26.8159,38.7565],[26.8217,38.7607],[26.831,38.761],[26.8317,38.756],[26.8358,38.7535],[26.8325,38.7505],[26.8342,38.7433],[26.8398,38.7416],[26.8465,38.7473],[26.8509,38.7485],[26.852,38.7511],[26.8575,38.7529],[26.8631,38.7483],[26.8662,38.7436],[26.8727,38.7404],[26.8748,38.7365],[26.8853,38.7322],[26.891,38.7326],[26.8972,38.7353],[26.901,38.7447],[26.9002,38.7524],[26.9041,38.7512],[26.9055,38.7639],[26.9073,38.7664],[26.9119,38.7665],[26.9133,38.7638],[26.9188,38.7619],[26.9232,38.758],[26.9301,38.7563],[26.9339,38.7574],[26.9389,38.763],[26.9388,38.7672],[26.9351,38.7692],[26.9284,38.7754],[26.9332,38.7808],[26.9252,38.7801],[26.9168,38.7863],[26.9118,38.7963],[26.9081,38.8003],[26.9049,38.8067],[26.8985,38.8092],[26.8948,38.8138],[26.8915,38.8209],[26.8937,38.825],[26.8985,38.8216],[26.9118,38.8175],[26.9156,38.818],[26.9169,38.8227],[26.9245,38.8279],[26.9361,38.8321],[26.9409,38.8354],[26.945,38.8337],[26.9459,38.8258],[26.9438,38.8226],[26.9418,38.8132],[26.9488,38.8093],[26.9505,38.8048],[26.9603,38.8031],[26.9696,38.8046],[26.9765,38.8074],[26.9778,38.8117],[26.9832,38.8207],[26.9837,38.8258],[26.9782,38.8294],[26.9624,38.8319],[26.9681,38.8397],[26.9706,38.845],[26.9793,38.8444],[26.9799,38.8488],[26.987,38.8471],[26.9874,38.8528],[26.991,38.8564],[26.9964,38.8572],[26.9998,38.8561],[27.006,38.8594],[27.0076,38.8643],[27.0206,38.8693],[27.0193,38.863],[27.0229,38.8569],[27.0299,38.8551],[27.0347,38.856],[27.0357,38.8624],[27.0388,38.8623],[27.0462,38.8688],[27.051,38.8677],[27.0559,38.8695],[27.0591,38.866],[27.0631,38.8699],[27.0635,38.8733],[27.0607,38.8756],[27.0618,38.8783],[27.066,38.8792],[27.0627,38.8831],[27.0614,38.8871],[27.0567,38.8914],[27.0502,38.8936],[27.0437,38.8911],[27.037,38.8954],[27.0413,38.8973],[27.0449,38.9059],[27.0436,38.9085],[27.0517,38.9105],[27.057,38.9132],[27.0568,38.9173],[27.0537,38.9246],[27.0531,38.9331],[27.0451,38.9402],[27.0375,38.9406],[27.0319,38.937],[27.0312,38.9341],[27.0246,38.9302],[27.0177,38.928],[27.0156,38.9227],[27.0132,38.9219],[27.0114,38.917],[27.0171,38.9179],[27.0191,38.914],[27.0068,38.9132],[26.987,38.9185],[26.9826,38.9209],[26.9725,38.9281],[26.9671,38.9332],[26.9545,38.9385],[26.9501,38.9346],[26.9466,38.9392],[26.938,38.9381],[26.9355,38.9365],[26.9393,38.929],[26.9332,38.9286],[26.933,38.9326],[26.9297,38.9366],[26.9217,38.9398],[26.9184,38.9396],[26.9109,38.9349],[26.8941,38.9303],[26.8904,38.928],[26.8894,38.9243],[26.8841,38.9239],[26.88,38.9217],[26.8791,38.9168],[26.8755,38.9162],[26.8711,38.9187],[26.8649,38.915],[26.859,38.9143],[26.8534,38.9157],[26.8526,38.9183],[26.8564,38.9209],[26.8539,38.9296],[26.8494,38.9339],[26.8448,38.9351],[26.8344,38.9344],[26.8307,38.9333],[26.819,38.9375],[26.8161,38.9416],[26.8146,38.9492],[26.8123,38.952],[26.8073,38.9537],[26.8027,38.9511],[26.7995,38.954],[26.7964,38.963],[26.8004,38.965],[26.8004,38.9745],[26.7962,38.9824],[26.7978,38.9964],[26.801,38.9988],[26.7999,39.0026],[26.8015,39.0082],[26.8077,39.0146],[26.8122,39.0152],[26.8156,39.021],[26.7993,39.0156],[26.7995,39.0214],[26.7956,39.0241],[26.7994,39.0279],[26.7991,39.0318],[26.8047,39.0355],[26.8128,39.0378],[26.8192,39.0368],[26.8282,39.04],[26.8344,39.0447],[26.8384,39.045],[26.8397,39.0481],[26.8436,39.0493],[26.8495,39.0537],[26.8507,39.0571],[26.8559,39.0562],[26.8639,39.0594],[26.8676,39.0637],[26.8734,39.0627],[26.8811,39.0642],[26.8865,39.0679],[26.8877,39.0754],[26.8857,39.0815],[26.8792,39.0944],[26.8722,39.1038],[26.8669,39.1092],[26.8532,39.1204],[26.852,39.1257],[26.8492,39.1294],[26.8418,39.1349],[26.841,39.1372],[26.8348,39.1423],[26.8192,39.152],[26.813,39.1567],[26.7989,39.1612],[26.7686,39.1667],[26.7764,39.176],[26.7805,39.1787],[26.7853,39.1868],[26.7916,39.1915],[26.7927,39.1977],[26.81,39.2096],[26.8155,39.2119],[26.8177,39.2181],[26.824,39.22],[26.824,39.2235],[26.8272,39.2274],[26.8267,39.2303],[26.8317,39.2307],[26.8325,39.2341],[26.837,39.2333],[26.8388,39.237],[26.8571,39.2371],[26.8701,39.234],[26.8786,39.2361],[26.882,39.2415],[26.8886,39.2442],[26.8876,39.2517],[26.8931,39.2582],[26.898,39.2585],[26.8959,39.2647],[26.9054,39.2633],[26.9053,39.2711],[26.9109,39.2743],[26.9091,39.2781],[26.9128,39.2812],[26.9186,39.281],[26.9261,39.2854],[26.928,39.288],[26.9342,39.2917],[26.9408,39.2898],[26.9573,39.2935],[26.9606,39.2925],[26.9703,39.293],[26.9845,39.2886],[26.9866,39.2847],[26.9956,39.2743],[26.9988,39.2746],[26.9997,39.2835],[27.0084,39.2867],[27.0127,39.2915],[27.0165,39.2924],[27.0171,39.296],[27.013,39.2991],[27.0109,39.3086],[27.0166,39.3101],[27.0195,39.3124],[27.0293,39.3156],[27.0416,39.3158],[27.0468,39.3206],[27.0517,39.3188],[27.0665,39.3243],[27.0788,39.3322],[27.0782,39.3492],[27.0816,39.353],[27.0854,39.3532],[27.0925,39.3581],[27.0994,39.3602],[27.1058,39.3652],[27.1124,39.3669],[27.1209,39.364],[27.1343,39.3652],[27.1476,39.3676],[27.1611,39.3727],[27.1747,39.3798],[27.1841,39.378],[27.1892,39.3752],[27.1926,39.375],[27.21,39.3685],[27.2177,39.368],[27.2196,39.3647],[27.2191,39.3591],[27.2206,39.3573],[27.2188,39.344],[27.2233,39.3444],[27.2263,39.3404],[27.229,39.3437],[27.2336,39.3444],[27.2382,39.3513],[27.2563,39.353],[27.2664,39.3529],[27.2739,39.3561],[27.2834,39.3716],[27.2937,39.3765],[27.3017,39.3781],[27.3103,39.3767],[27.3134,39.3748],[27.3186,39.3758],[27.3225,39.381],[27.3288,39.3831],[27.3355,39.3789],[27.3388,39.3798],[27.3453,39.3779],[27.3496,39.3751],[27.3535,39.3753],[27.3553,39.3797],[27.3622,39.3842],[27.3692,39.3838],[27.3765,39.3855],[27.3861,39.3746],[27.3893,39.3727],[27.4,39.371],[27.4019,39.3706],[27.404,39.3635],[27.4001,39.3584],[27.4048,39.3539],[27.4064,39.3443],[27.4096,39.3366],[27.4079,39.3288],[27.413,39.3283],[27.4228,39.3206],[27.4287,39.3195],[27.4362,39.3196],[27.4399,39.3171],[27.4399,39.3108],[27.4482,39.3105],[27.4555,39.3089],[27.4586,39.306],[27.4631,39.307],[27.4682,39.2975],[27.4675,39.2948],[27.4621,39.2913],[27.4707,39.2748],[27.4779,39.2724],[27.4804,39.2681],[27.4763,39.2575],[27.4781,39.255],[27.4757,39.2444],[27.4732,39.2426],[27.4756,39.2368],[27.4713,39.2342],[27.4718,39.2281],[27.4698,39.2222],[27.4729,39.2183],[27.4796,39.1999],[27.475,39.1992],[27.4637,39.1921],[27.4632,39.1871],[27.4485,39.1856],[27.4505,39.1773],[27.4553,39.1735],[27.4524,39.17],[27.4454,39.1693],[27.4432,39.1653],[27.4394,39.1657],[27.4378,39.1628],[27.4393,39.1577],[27.442,39.1582],[27.4492,39.152],[27.4547,39.1494],[27.4652,39.1463],[27.4725,39.1463],[27.4736,39.1433],[27.4851,39.142],[27.4869,39.139],[27.4941,39.1392],[27.4972,39.1349],[27.5054,39.1306],[27.5061,39.1265],[27.5024,39.1242],[27.4953,39.1172],[27.5069,39.1076],[27.5101,39.1031],[27.5111,39.0962],[27.518,39.0959],[27.5225,39.0908],[27.5227,39.0861],[27.5246,39.0833],[27.5218,39.0786],[27.524,39.0702],[27.5305,39.0662],[27.5339,39.06],[27.5374,39.056],[27.5393,39.0453],[27.5426,39.0445],[27.5493,39.0395],[27.5495,39.0344],[27.5529,39.0321],[27.553,39.0289],[27.5619,39.0293],[27.5638,39.026],[27.5612,39.0214],[27.556,39.02],[27.5519,39.0173],[27.5462,39.0204],[27.5468,39.0243],[27.5451,39.0295],[27.5407,39.0267],[27.5351,39.029],[27.5309,39.0325],[27.523,39.0257],[27.5212,39.0217],[27.5108,39.0168],[27.4963,39.0047],[27.493,39.003],[27.4877,39.007],[27.4873,39.0004],[27.4715,38.9901],[27.4691,38.9905],[27.4661,38.9806],[27.4644,38.969],[27.4646,38.9647],[27.4709,38.9581],[27.4686,38.9545],[27.472,38.9497],[27.4598,38.9378],[27.4548,38.9302],[27.4425,38.9314],[27.4411,38.927],[27.4342,38.9264],[27.4253,38.9239],[27.4185,38.9242],[27.4148,38.9227],[27.4088,38.924],[27.4022,38.9229],[27.3933,38.9318],[27.3913,38.9378],[27.3939,38.9428],[27.3804,38.949],[27.3757,38.9502],[27.3677,38.9481],[27.3621,38.9502],[27.3463,38.9513],[27.3463,38.9447],[27.3388,38.9419],[27.3369,38.9383],[27.3348,38.9186],[27.3294,38.9175],[27.326,38.9147],[27.3186,38.9155],[27.3137,38.9218],[27.3157,38.9241],[27.3126,38.9271],[27.3055,38.9285],[27.297,38.9273],[27.291,38.9246],[27.2858,38.9207],[27.2784,38.9228],[27.2711,38.9192],[27.2723,38.9166],[27.2682,38.9076],[27.2584,38.9043],[27.2526,38.9041],[27.2481,38.9066],[27.2444,38.9049],[27.2355,38.9067],[27.2304,38.9032],[27.234,38.8953],[27.2308,38.8858],[27.2323,38.8829],[27.2286,38.877],[27.2319,38.8711],[27.2353,38.8686],[27.2254,38.8621],[27.2279,38.8541],[27.2245,38.8518],[27.2179,38.8532],[27.2156,38.8582],[27.2056,38.8676],[27.1964,38.8695],[27.1913,38.8787],[27.1886,38.8803],[27.1818,38.8787],[27.1793,38.8754],[27.1741,38.8768],[27.165,38.8708],[27.1631,38.8685],[27.1646,38.8605],[27.1588,38.8561],[27.1611,38.8505],[27.1719,38.8456],[27.1728,38.8409],[27.1765,38.8381],[27.1784,38.8292],[27.1846,38.8212],[27.1779,38.819],[27.1659,38.8171],[27.1652,38.812],[27.1567,38.8103],[27.1481,38.8059],[27.1448,38.8087],[27.1326,38.8111],[27.1251,38.8062],[27.1236,38.8011],[27.12,38.8016],[27.1127,38.8002],[27.1129,38.7954],[27.1208,38.7891],[27.1211,38.7857],[27.1275,38.7808],[27.1365,38.7724],[27.1398,38.767],[27.1402,38.7593],[27.1425,38.7544],[27.1455,38.7524],[27.1479,38.7443],[27.1602,38.7371],[27.161,38.7353],[27.1675,38.7335],[27.1727,38.7272],[27.1876,38.72],[27.1927,38.7235],[27.2043,38.7249],[27.2042,38.7193],[27.2107,38.7194],[27.2141,38.7162],[27.2207,38.7152],[27.2235,38.7118],[27.223,38.6903],[27.218,38.6916],[27.2124,38.6893],[27.2021,38.6913],[27.2045,38.6859],[27.2027,38.6818],[27.2116,38.677],[27.2126,38.6747],[27.2288,38.67],[27.2304,38.6604],[27.234,38.6526],[27.2383,38.6491],[27.2296,38.6432],[27.2278,38.6408],[27.2343,38.6314],[27.2351,38.626],[27.2325,38.6253],[27.2319,38.6206],[27.2367,38.6138],[27.2348,38.6094],[27.236,38.6037],[27.2344,38.5933],[27.2368,38.5874],[27.2367,38.5835],[27.2405,38.5803],[27.243,38.5757],[27.2498,38.573],[27.2608,38.5673],[27.2756,38.5536],[27.2817,38.5566],[27.2874,38.5522],[27.2912,38.5577],[27.2922,38.5503],[27.2995,38.5475],[27.3054,38.5429],[27.3232,38.543],[27.334,38.5425],[27.3471,38.5349],[27.3521,38.5338],[27.3638,38.5385],[27.3733,38.5401],[27.3846,38.5551],[27.3956,38.5596],[27.4091,38.5603],[27.4326,38.5553],[27.4363,38.5495],[27.4511,38.549],[27.4517,38.5427],[27.4811,38.5216],[27.5138,38.4817],[27.5297,38.4788],[27.5377,38.473],[27.5368,38.4699],[27.5405,38.4681],[27.5429,38.4615],[27.5459,38.4592],[27.5472,38.4541],[27.5511,38.4576],[27.557,38.4576],[27.5591,38.4592],[27.5654,38.4594],[27.5674,38.4578],[27.5725,38.4582],[27.578,38.465],[27.5776,38.4676],[27.5824,38.4702],[27.5922,38.4709],[27.5959,38.4762],[27.6017,38.4797],[27.6019,38.4816],[27.608,38.4832],[27.6053,38.488],[27.6098,38.4888],[27.6129,38.4919],[27.6131,38.4958],[27.6166,38.5031],[27.6189,38.5048],[27.6362,38.4956],[27.6396,38.4929],[27.6349,38.4895],[27.6389,38.4853],[27.6443,38.482],[27.6475,38.4778],[27.6539,38.4718],[27.6619,38.4713],[27.6699,38.4633],[27.6773,38.4576],[27.6852,38.4534],[27.6893,38.4539],[27.6936,38.4493],[27.7001,38.4501],[27.6989,38.4465],[27.6992,38.4391],[27.7005,38.4348],[27.708,38.4273],[27.7108,38.4204],[27.7105,38.4179],[27.7063,38.4122],[27.7066,38.4075],[27.7149,38.3935],[27.717,38.3833],[27.7126,38.3721],[27.7092,38.3654],[27.7124,38.3639],[27.7237,38.3654],[27.7357,38.3627],[27.7396,38.3586],[27.7399,38.3454],[27.7501,38.3356],[27.7489,38.3306],[27.755,38.3287],[27.7613,38.3367],[27.7747,38.3376],[27.788,38.3414],[27.7909,38.3416],[27.7962,38.3388],[27.7962,38.336],[27.7994,38.3281],[27.8039,38.3297],[27.8073,38.3236],[27.8115,38.3128],[27.8201,38.3062],[27.83,38.3088],[27.8368,38.3096],[27.8589,38.308],[27.861,38.3127],[27.8608,38.3211],[27.8641,38.3248],[27.8681,38.3269],[27.8683,38.3301],[27.8747,38.3339],[27.8771,38.3368],[27.8821,38.337],[27.8884,38.3397],[27.8873,38.3432],[27.8876,38.3501],[27.882,38.3507],[27.8737,38.3573],[27.8721,38.3655],[27.8698,38.3699],[27.8716,38.3735],[27.869,38.376],[27.8665,38.3816],[27.8727,38.3846],[27.8773,38.3837],[27.8789,38.3869],[27.8884,38.3981],[27.9014,38.41],[27.905,38.4123],[27.9088,38.4123],[27.9154,38.4165],[27.9211,38.4184],[27.9256,38.4081],[27.9236,38.4035],[27.9321,38.3994],[27.9377,38.3992],[27.9409,38.3964],[27.945,38.396],[27.9454,38.3931],[27.9542,38.3828],[27.9601,38.3786],[27.9685,38.3786],[27.9706,38.3769],[27.9816,38.3806],[27.9869,38.3814],[27.9952,38.3779],[28.0015,38.3781],[28.0062,38.3848],[28.0176,38.3887],[28.0212,38.3921],[28.0241,38.3881],[28.0278,38.3892],[28.0324,38.3856],[28.0375,38.391],[28.047,38.3925],[28.048,38.3996],[28.0559,38.4024],[28.0696,38.4043],[28.074,38.4009],[28.0813,38.3994],[28.083,38.4069],[28.1034,38.3943],[28.1092,38.3888],[28.1112,38.3844],[28.1154,38.3812],[28.117,38.3749],[28.1335,38.3702],[28.1434,38.3616],[28.1573,38.3586],[28.1684,38.3678],[28.1816,38.3653],[28.189,38.3688],[28.1903,38.3652],[28.1892,38.3585],[28.1933,38.3477],[28.2049,38.3462],[28.2114,38.3414],[28.2115,38.3347],[28.2081,38.3302],[28.2086,38.3254],[28.2059,38.3211],[28.2091,38.3143],[28.2273,38.3244],[28.23,38.329],[28.2372,38.3284],[28.241,38.3243],[28.2509,38.3173],[28.2597,38.3143],[28.2714,38.3157],[28.2771,38.313],[28.284,38.3117],[28.2924,38.3118],[28.2971,38.3161],[28.3062,38.3209],[28.3129,38.3222],[28.3267,38.3179],[28.3336,38.314],[28.3373,38.3074],[28.343,38.3017],[28.3565,38.2981],[28.3552,38.2951],[28.3562,38.2903],[28.3612,38.2871],[28.3619,38.284],[28.3677,38.2809],[28.3666,38.2774],[28.3694,38.2758],[28.3717,38.2706],[28.3776,38.2684],[28.38,38.2651],[28.377,38.2631],[28.3717,38.2565],[28.3769,38.2542],[28.3893,38.2575],[28.3985,38.2632],[28.4012,38.2661],[28.4052,38.2673],[28.4092,38.2655],[28.4167,38.2662],[28.4228,38.2642],[28.4312,38.2633],[28.4369,38.2612],[28.4543,38.2595],[28.464,38.258],[28.4762,38.2537],[28.4805,38.2553],[28.4832,38.2489],[28.4891,38.2448],[28.4904,38.2404],[28.4894,38.2342],[28.4914,38.2333],[28.493,38.2275],[28.4901,38.2244],[28.4917,38.2204],[28.4886,38.2164],[28.4899,38.2144],[28.4888,38.2082],[28.4862,38.2051],[28.4891,38.2013],[28.4864,38.1974],[28.4752,38.1932],[28.4732,38.1905],[28.4659,38.1902],[28.4535,38.185],[28.4491,38.1859],[28.4441,38.1809],[28.4356,38.1791],[28.4334,38.1758],[28.4452,38.1672],[28.4472,38.164],[28.462,38.1561],[28.4637,38.156],[28.4655,38.1451],[28.462,38.1395],[28.4689,38.1388],[28.4718,38.1353],[28.4756,38.1346],[28.4798,38.1303],[28.4851,38.1226]]],[[[26.4479,38.1965],[26.4431,38.2002],[26.4523,38.201],[26.4479,38.1965]]],[[[26.4565,38.3602],[26.4528,38.3598],[26.4461,38.3645],[26.4498,38.3675],[26.4536,38.3683],[26.4576,38.3633],[26.4565,38.3602]]],[[[26.4652,38.3871],[26.4625,38.3928],[26.4626,38.4012],[26.4658,38.4],[26.4663,38.3925],[26.4681,38.391],[26.4652,38.3871]]],[[[26.3675,38.4285],[26.3695,38.4365],[26.3734,38.4349],[26.3709,38.4296],[26.3675,38.4285]]],[[[26.3284,38.4369],[26.3258,38.4385],[26.329,38.4439],[26.3376,38.4453],[26.3436,38.4476],[26.3444,38.4498],[26.3502,38.4547],[26.356,38.4543],[26.3598,38.4563],[26.36,38.4487],[26.3627,38.4473],[26.3622,38.4421],[26.3578,38.441],[26.3543,38.4256],[26.3493,38.428],[26.3445,38.4282],[26.3426,38.4307],[26.3374,38.4281],[26.3345,38.4225],[26.3324,38.4225],[26.3275,38.4277],[26.3297,38.4344],[26.3284,38.4369]]],[[[26.3734,38.4309],[26.3774,38.4327],[26.385,38.4312],[26.389,38.4252],[26.3778,38.4259],[26.3734,38.4309]]],[[[26.7935,38.4068],[26.7922,38.41],[26.7961,38.4146],[26.7986,38.4087],[26.7935,38.4068]]],[[[26.7608,38.4382],[26.7582,38.4416],[26.7598,38.4474],[26.7596,38.4523],[26.7618,38.4544],[26.771,38.4543],[26.7729,38.4525],[26.7715,38.4484],[26.7737,38.4466],[26.7757,38.4407],[26.7686,38.4384],[26.7645,38.4356],[26.7608,38.4382]]],[[[26.6977,38.5472],[26.7043,38.541],[26.7106,38.543],[26.7148,38.5414],[26.718,38.5361],[26.721,38.5361],[26.7274,38.5322],[26.7297,38.5263],[26.7282,38.5219],[26.7312,38.5199],[26.7334,38.515],[26.7308,38.5111],[26.7308,38.4967],[26.7325,38.4939],[26.7409,38.4912],[26.749,38.4814],[26.747,38.469],[26.7426,38.4597],[26.7354,38.4606],[26.7327,38.4589],[26.7261,38.4612],[26.7248,38.4652],[26.7283,38.4707],[26.7161,38.4745],[26.7147,38.477],[26.7053,38.4791],[26.7019,38.475],[26.6951,38.4789],[26.694,38.4835],[26.6951,38.4901],[26.6929,38.496],[26.6957,38.5082],[26.694,38.5122],[26.6982,38.519],[26.7028,38.5219],[26.7034,38.5244],[26.7019,38.5323],[26.7066,38.5373],[26.7014,38.5403],[26.6977,38.5472]]],[[[26.7101,38.6931],[26.7082,38.6963],[26.709,38.7021],[26.7148,38.6954],[26.7192,38.6923],[26.7254,38.6916],[26.7216,38.6866],[26.7122,38.6927],[26.7101,38.6931]]],[[[26.7252,38.6767],[26.7293,38.6728],[26.7258,38.6718],[26.7252,38.6767]]],[[[26.8789,38.8534],[26.8836,38.8558],[26.8878,38.8529],[26.8863,38.8469],[26.8804,38.8486],[26.8789,38.8534]]],[[[26.8163,38.9225],[26.8252,38.9225],[26.8261,38.9191],[26.8242,38.9155],[26.8173,38.9124],[26.8152,38.9152],[26.8112,38.9148],[26.8123,38.9236],[26.8163,38.9225]]],[[[26.7957,39.0002],[26.7915,38.9976],[26.7942,39.0098],[26.7989,39.0104],[26.7958,39.004],[26.7957,39.0002]]]]}},{"type":"Feature","properties":{"name":"Kars","number":36},"geometry":{"type":"Polygon","coordinates":[[[43.2843,40.0023],[43.2708,39.9944],[43.2352,39.9938],[43.1922,39.9882],[43.1604,39.9863],[43.1472,39.9885],[43.1129,39.987],[43.0933,39.9839],[43.053,39.9884],[42.9922,39.9859],[42.9396,39.9832],[42.9149,39.9826],[42.9042,39.9809],[42.8839,39.9809],[42.8643,39.9731],[42.8127,39.9695],[42.7929,39.9725],[42.7546,39.9611],[42.7467,39.96],[42.6822,39.9438],[42.6307,39.9348],[42.5567,39.9346],[42.5497,39.9378],[42.5425,39.9474],[42.5435,39.9618],[42.5505,39.9643],[42.5555,39.9647],[42.555,39.9731],[42.5588,39.9753],[42.5613,39.9839],[42.5555,39.9914],[42.5463,39.9956],[42.549,39.9994],[42.5457,40.0047],[42.5364,40.0062],[42.535,40.016],[42.5012,40.0266],[42.4935,40.0392],[42.4882,40.0398],[42.4776,40.0522],[42.4647,40.0494],[42.4532,40.0502],[42.4538,40.0611],[42.4437,40.057],[42.4465,40.0694],[42.4307,40.0824],[42.4274,40.0948],[42.4286,40.0997],[42.4195,40.1113],[42.4141,40.1197],[42.4122,40.1195],[42.4032,40.1235],[42.3919,40.1162],[42.3908,40.1349],[42.3875,40.1381],[42.3809,40.1493],[42.3731,40.1512],[42.3663,40.1629],[42.3654,40.1706],[42.3633,40.1753],[42.3498,40.1707],[42.3413,40.1621],[42.3389,40.1666],[42.3344,40.1689],[42.3339,40.1742],[42.3208,40.1811],[42.3169,40.1791],[42.3129,40.1823],[42.2988,40.1764],[42.2956,40.1815],[42.2972,40.1912],[42.2941,40.193],[42.2969,40.1973],[42.2949,40.2],[42.2874,40.2007],[42.2781,40.2148],[42.2703,40.2145],[42.2622,40.2093],[42.258,40.2111],[42.2461,40.2116],[42.2398,40.2074],[42.2314,40.2086],[42.2292,40.2039],[42.2253,40.2029],[42.2218,40.2068],[42.2165,40.206],[42.2025,40.2192],[42.1929,40.2382],[42.1893,40.2421],[42.1766,40.2384],[42.1697,40.2414],[42.1582,40.2388],[42.1551,40.2487],[42.1457,40.2376],[42.1361,40.2329],[42.1316,40.2421],[42.1105,40.2557],[42.1126,40.2609],[42.1007,40.2605],[42.1205,40.2675],[42.1155,40.2735],[42.1152,40.2843],[42.1081,40.2879],[42.1087,40.2951],[42.1178,40.2934],[42.116,40.3006],[42.1222,40.3021],[42.1307,40.3154],[42.1356,40.3289],[42.1298,40.3355],[42.1203,40.3369],[42.134,40.3524],[42.1435,40.3512],[42.1493,40.3458],[42.1562,40.3483],[42.1621,40.3486],[42.1696,40.3439],[42.1743,40.3471],[42.1826,40.3461],[42.1858,40.3484],[42.1953,40.3486],[42.1994,40.3465],[42.2109,40.3487],[42.2155,40.3471],[42.2262,40.3504],[42.2447,40.3474],[42.2434,40.352],[42.2564,40.3588],[42.2742,40.3641],[42.2791,40.3726],[42.2982,40.3745],[42.3109,40.3796],[42.3258,40.3873],[42.3374,40.3768],[42.3518,40.376],[42.366,40.3797],[42.3753,40.3799],[42.3821,40.376],[42.3886,40.3744],[42.3871,40.3673],[42.3917,40.364],[42.3959,40.3631],[42.4016,40.3671],[42.4051,40.3656],[42.4042,40.3756],[42.4147,40.3856],[42.4317,40.3868],[42.4414,40.3914],[42.4464,40.3969],[42.4662,40.3827],[42.4882,40.3918],[42.4866,40.4029],[42.4773,40.4076],[42.482,40.43],[42.4771,40.4332],[42.4811,40.4456],[42.4759,40.4686],[42.4792,40.4915],[42.4695,40.497],[42.4622,40.5132],[42.4858,40.5223],[42.5008,40.5366],[42.5096,40.5431],[42.5198,40.559],[42.517,40.5727],[42.5291,40.5841],[42.5413,40.5885],[42.5448,40.6042],[42.554,40.6107],[42.5689,40.6144],[42.5766,40.6128],[42.5776,40.6225],[42.6024,40.6292],[42.6182,40.6447],[42.6707,40.6538],[42.7479,40.6933],[42.7956,40.7068],[42.828,40.7215],[42.8514,40.7313],[42.8578,40.7908],[42.8614,40.81],[42.8938,40.8181],[42.8985,40.8408],[42.9064,40.8833],[42.9504,40.8773],[42.9726,40.9133],[43.0021,40.9337],[43.0144,40.9476],[43.0366,40.9572],[43.0528,40.9628],[43.0783,40.9751],[43.1049,40.9757],[43.1501,40.9685],[43.174,40.9717],[43.2055,40.9846],[43.2307,41.0022],[43.3142,41.0795],[43.3436,41.0952],[43.3617,41.0965],[43.4247,41.0698],[43.4506,41.0418],[43.4621,41.0332],[43.4683,41.0333],[43.4684,41.0306],[43.4841,41.0162],[43.4928,41.0164],[43.5071,41.0119],[43.5171,41.0148],[43.5259,41.0117],[43.5394,41.0041],[43.5452,40.9993],[43.5634,40.9927],[43.5778,40.9933],[43.585,40.9871],[43.5921,40.9861],[43.5977,40.9833],[43.6116,40.9747],[43.6202,40.9699],[43.6365,40.9598],[43.6716,40.9367],[43.6763,40.9297],[43.6718,40.9228],[43.6697,40.9127],[43.6721,40.9099],[43.6769,40.9085],[43.6809,40.9028],[43.6765,40.8983],[43.677,40.8962],[43.6738,40.8852],[43.6763,40.8753],[43.6757,40.8715],[43.6806,40.8657],[43.6807,40.8575],[43.677,40.8475],[43.6784,40.8446],[43.6888,40.8353],[43.6931,40.8332],[43.6961,40.8289],[43.7006,40.8275],[43.7071,40.82],[43.7108,40.8121],[43.7118,40.8077],[43.7168,40.8038],[43.7197,40.7944],[43.7232,40.7918],[43.7239,40.7839],[43.7263,40.7761],[43.7306,40.7696],[43.7303,40.7659],[43.7356,40.7594],[43.7387,40.7508],[43.7409,40.7492],[43.7427,40.7425],[43.7452,40.7399],[43.7483,40.7309],[43.745,40.724],[43.7381,40.7185],[43.7393,40.7153],[43.7353,40.7127],[43.7425,40.7096],[43.7457,40.7042],[43.7454,40.6976],[43.7433,40.6925],[43.7444,40.6882],[43.7477,40.684],[43.7467,40.6758],[43.7393,40.6651],[43.7264,40.6647],[43.7203,40.655],[43.7193,40.6465],[43.7156,40.6378],[43.7048,40.6203],[43.6865,40.593],[43.6662,40.5744],[43.667,40.5677],[43.6636,40.5656],[43.6568,40.5665],[43.6439,40.5622],[43.642,40.5585],[43.6428,40.5521],[43.6453,40.5445],[43.6511,40.5378],[43.6499,40.5313],[43.6453,40.5309],[43.6424,40.5335],[43.642,40.5373],[43.6355,40.5365],[43.6321,40.5395],[43.6274,40.5373],[43.6325,40.529],[43.6365,40.5276],[43.6385,40.5226],[43.6334,40.5189],[43.6266,40.5188],[43.6275,40.5234],[43.6192,40.5251],[43.6178,40.5214],[43.6143,40.5196],[43.6109,40.5138],[43.6055,40.5165],[43.5982,40.5107],[43.5886,40.5066],[43.5851,40.5077],[43.5777,40.5036],[43.5725,40.5042],[43.5715,40.5015],[43.5647,40.4959],[43.5579,40.4946],[43.5595,40.49],[43.5569,40.4872],[43.5583,40.4822],[43.5458,40.4788],[43.5489,40.4717],[43.5469,40.4675],[43.5548,40.4651],[43.5562,40.4616],[43.56,40.4592],[43.5681,40.4604],[43.5718,40.4594],[43.576,40.4542],[43.5845,40.4492],[43.5852,40.4454],[43.5914,40.4465],[43.5971,40.4403],[43.6054,40.4379],[43.6117,40.4313],[43.6126,40.4266],[43.6197,40.4215],[43.6187,40.4157],[43.6135,40.415],[43.6138,40.4089],[43.6174,40.4051],[43.617,40.4011],[43.62,40.3978],[43.6178,40.3901],[43.6117,40.3896],[43.6118,40.3866],[43.6078,40.3849],[43.606,40.3803],[43.6066,40.3743],[43.5992,40.3717],[43.5948,40.3598],[43.5974,40.3566],[43.5961,40.3528],[43.5908,40.3458],[43.5951,40.3394],[43.6004,40.3343],[43.6013,40.3304],[43.6081,40.3252],[43.6118,40.32],[43.6142,40.3141],[43.62,40.312],[43.6232,40.306],[43.6268,40.3043],[43.6267,40.299],[43.635,40.2944],[43.636,40.2902],[43.6318,40.284],[43.6327,40.2819],[43.6392,40.2798],[43.6409,40.2724],[43.6441,40.2706],[43.6483,40.272],[43.6531,40.269],[43.6625,40.2704],[43.6702,40.267],[43.6764,40.2605],[43.6786,40.2532],[43.6815,40.2502],[43.6769,40.2488],[43.6797,40.2427],[43.6838,40.2409],[43.681,40.2344],[43.677,40.2327],[43.6792,40.2286],[43.6747,40.2252],[43.6666,40.2282],[43.6577,40.2283],[43.6537,40.2263],[43.6588,40.22],[43.6638,40.216],[43.6729,40.2059],[43.6873,40.1991],[43.6896,40.1956],[43.6964,40.1911],[43.6949,40.188],[43.7011,40.1778],[43.7075,40.1761],[43.7122,40.1734],[43.7141,40.167],[43.714,40.1613],[43.7091,40.1623],[43.7055,40.1608],[43.6986,40.1613],[43.6914,40.1594],[43.6837,40.1596],[43.6701,40.1569],[43.6648,40.153],[43.6619,40.1543],[43.6547,40.1474],[43.6513,40.1461],[43.6534,40.1417],[43.6487,40.1312],[43.6378,40.1315],[43.6332,40.1258],[43.6269,40.1253],[43.6199,40.1218],[43.6125,40.1197],[43.5956,40.1167],[43.5831,40.1185],[43.5663,40.1159],[43.544,40.1172],[43.5398,40.1166],[43.5303,40.1182],[43.5235,40.1169],[43.5196,40.1174],[43.5124,40.1162],[43.5089,40.1138],[43.4957,40.1105],[43.4831,40.1061],[43.4705,40.1062],[43.4552,40.1109],[43.4447,40.1102],[43.4397,40.1121],[43.4364,40.1094],[43.4308,40.1126],[43.4251,40.1127],[43.4189,40.1154],[43.412,40.1224],[43.4021,40.1228],[43.3989,40.1248],[43.3899,40.125],[43.3848,40.1228],[43.38,40.1256],[43.3755,40.1306],[43.3672,40.1268],[43.3617,40.1216],[43.3598,40.1231],[43.3464,40.1177],[43.3467,40.1024],[43.3437,40.099],[43.3425,40.093],[43.3604,40.0803],[43.3662,40.066],[43.358,40.0439],[43.3481,40.0438],[43.3316,40.0461],[43.3213,40.043],[43.3036,40.028],[43.291,40.0122],[43.2843,40.0023]]]}},{"type":"Feature","properties":{"name":"Kastamonu","number":37},"geometry":{"type":"Polygon","coordinates":[[[32.8748,41.5756],[32.877,41.5788],[32.8699,41.5892],[32.8722,41.5984],[32.8875,41.6109],[32.9017,41.6209],[32.9066,41.6281],[32.9032,41.6392],[32.9028,41.6525],[32.916,41.6718],[32.9142,41.6817],[32.9205,41.6899],[32.9188,41.6989],[32.9304,41.703],[32.937,41.7077],[32.939,41.715],[32.9311,41.728],[32.9258,41.7349],[32.9153,41.7405],[32.9034,41.7406],[32.8835,41.735],[32.8645,41.7308],[32.8424,41.7247],[32.832,41.7255],[32.814,41.7343],[32.8032,41.7412],[32.787,41.7458],[32.7846,41.7482],[32.7861,41.7541],[32.7858,41.7653],[32.7876,41.7725],[32.7743,41.7773],[32.7673,41.7926],[32.7771,41.8038],[32.7632,41.8051],[32.7609,41.8091],[32.7623,41.8121],[32.7583,41.8194],[32.7518,41.8237],[32.752,41.8271],[32.7468,41.8299],[32.7511,41.8331],[32.7552,41.8386],[32.7528,41.8421],[32.7578,41.8486],[32.7626,41.85],[32.7666,41.8492],[32.7702,41.8528],[32.7832,41.86],[32.7873,41.8589],[32.798,41.8589],[32.8045,41.8576],[32.8141,41.8575],[32.8196,41.856],[32.8227,41.8593],[32.8299,41.8618],[32.8354,41.8602],[32.8424,41.861],[32.8509,41.8605],[32.8593,41.8585],[32.8615,41.8631],[32.8691,41.8653],[32.8728,41.8678],[32.8781,41.8681],[32.8852,41.867],[32.9071,41.8716],[32.929,41.8782],[32.9361,41.8812],[32.9565,41.886],[32.9681,41.8898],[32.9815,41.8956],[32.9859,41.9014],[32.9818,41.9034],[32.9818,41.9062],[32.9863,41.9092],[33.002,41.9107],[33.0086,41.9128],[33.0129,41.9166],[33.0171,41.9158],[33.0277,41.9226],[33.0268,41.9261],[33.0334,41.9285],[33.0378,41.9288],[33.0485,41.9323],[33.0677,41.9349],[33.0708,41.9368],[33.0865,41.9396],[33.0971,41.9433],[33.1039,41.9435],[33.1081,41.9457],[33.1223,41.9492],[33.1334,41.9501],[33.1432,41.9488],[33.1489,41.953],[33.1566,41.9528],[33.169,41.9555],[33.1741,41.9625],[33.1793,41.9661],[33.1868,41.9669],[33.1933,41.9713],[33.2017,41.9741],[33.206,41.9744],[33.2102,41.9776],[33.2177,41.9797],[33.2206,41.9788],[33.2352,41.9815],[33.2399,41.985],[33.2477,41.9856],[33.2662,41.991],[33.2757,41.9959],[33.2792,41.9996],[33.2962,42.0054],[33.2976,42.0072],[33.3121,42.01],[33.3196,42.0153],[33.3319,42.0185],[33.3341,42.0177],[33.3445,42.0196],[33.3471,42.0179],[33.3517,42.0187],[33.3612,42.0162],[33.3721,42.0156],[33.3781,42.0178],[33.3825,42.0155],[33.3893,42.0152],[33.3973,42.012],[33.4061,42.0135],[33.4076,42.0109],[33.4131,42.0085],[33.4187,42.0078],[33.4261,42.0091],[33.4284,42.0083],[33.4412,42.0114],[33.4507,42.0097],[33.4549,42.0111],[33.4595,42.0074],[33.478,42.0048],[33.4982,42.0035],[33.5058,42.0022],[33.5075,42.0034],[33.5171,42.0023],[33.5219,42.0001],[33.5374,41.9994],[33.5405,41.9973],[33.5511,41.9974],[33.559,41.9954],[33.5635,41.9926],[33.5814,41.9889],[33.6075,41.9877],[33.6177,41.9859],[33.6334,41.9851],[33.6422,41.984],[33.6526,41.9847],[33.6632,41.984],[33.6692,41.9822],[33.68,41.9805],[33.7089,41.9799],[33.7167,41.9805],[33.7295,41.9781],[33.7431,41.9775],[33.7543,41.978],[33.7648,41.9811],[33.7717,41.9758],[33.7818,41.9732],[33.7934,41.9739],[33.7974,41.9765],[33.8054,41.975],[33.8127,41.976],[33.8145,41.9748],[33.8243,41.974],[33.8295,41.9724],[33.8357,41.9734],[33.845,41.9736],[33.8548,41.9748],[33.8766,41.9733],[33.8869,41.9746],[33.8947,41.9715],[33.9056,41.9722],[33.9097,41.9737],[33.9221,41.973],[33.9301,41.9746],[33.9443,41.9738],[33.9634,41.9766],[33.9673,41.9801],[33.978,41.9792],[34.0004,41.9806],[34.0189,41.981],[34.02,41.9797],[34.0391,41.9797],[34.0451,41.9807],[34.0569,41.9804],[34.0658,41.979],[34.0862,41.9783],[34.0935,41.9793],[34.1044,41.9782],[34.1129,41.9754],[34.1339,41.9707],[34.157,41.9672],[34.1628,41.9653],[34.166,41.9662],[34.1679,41.9619],[34.1744,41.9593],[34.2073,41.9553],[34.2227,41.9543],[34.2282,41.9547],[34.2273,41.9489],[34.2281,41.942],[34.2237,41.9385],[34.2311,41.9259],[34.2357,41.9237],[34.2377,41.9205],[34.2375,41.9152],[34.246,41.9098],[34.2448,41.9072],[34.248,41.9033],[34.2509,41.897],[34.2573,41.8921],[34.2587,41.8881],[34.2637,41.8864],[34.2655,41.8822],[34.2691,41.8816],[34.2765,41.8753],[34.2808,41.8679],[34.2882,41.8604],[34.2897,41.8566],[34.2884,41.8525],[34.2818,41.8437],[34.2773,41.8354],[34.2803,41.8297],[34.2864,41.8207],[34.2894,41.8076],[34.2897,41.8007],[34.288,41.7868],[34.2784,41.7678],[34.2735,41.7631],[34.265,41.7594],[34.2448,41.7535],[34.2437,41.7425],[34.2544,41.7372],[34.268,41.7365],[34.2843,41.7378],[34.2986,41.745],[34.3099,41.7465],[34.3254,41.7419],[34.35,41.7384],[34.3728,41.737],[34.3839,41.7406],[34.4084,41.7387],[34.4387,41.7314],[34.4585,41.7282],[34.4756,41.7287],[34.4924,41.7329],[34.5128,41.7365],[34.5255,41.7317],[34.5387,41.7179],[34.5461,41.7083],[34.5508,41.7037],[34.5888,41.6828],[34.5973,41.6793],[34.6043,41.6738],[34.6063,41.6689],[34.6068,41.6544],[34.6036,41.6469],[34.5956,41.6322],[34.5968,41.6188],[34.5992,41.612],[34.588,41.6043],[34.5793,41.6036],[34.5679,41.5903],[34.569,41.5821],[34.561,41.5759],[34.5596,41.5692],[34.5478,41.5593],[34.5384,41.5441],[34.5253,41.5393],[34.5076,41.5353],[34.4905,41.5285],[34.4752,41.5186],[34.4647,41.5106],[34.4534,41.5067],[34.442,41.5045],[34.4381,41.4984],[34.4308,41.4905],[34.4475,41.4695],[34.4527,41.4608],[34.4532,41.4512],[34.4472,41.4405],[34.4496,41.4252],[34.4553,41.4132],[34.4604,41.4117],[34.4626,41.405],[34.4734,41.3991],[34.4744,41.3883],[34.4783,41.3855],[34.4815,41.3803],[34.4787,41.3662],[34.475,41.3618],[34.4833,41.3509],[34.481,41.3443],[34.4741,41.3377],[34.473,41.3342],[34.4669,41.3279],[34.4653,41.3214],[34.4603,41.3092],[34.4609,41.3048],[34.4447,41.2973],[34.4301,41.288],[34.4231,41.279],[34.4222,41.2695],[34.4176,41.2685],[34.413,41.2656],[34.4094,41.2555],[34.4027,41.2522],[34.4002,41.2578],[34.3943,41.2625],[34.3948,41.2682],[34.398,41.2762],[34.3977,41.2804],[34.3756,41.2876],[34.3573,41.2943],[34.3364,41.293],[34.3354,41.2865],[34.3311,41.2811],[34.3205,41.273],[34.3114,41.2703],[34.3109,41.2642],[34.3191,41.258],[34.3217,41.2531],[34.314,41.246],[34.2994,41.24],[34.2992,41.2325],[34.2943,41.229],[34.2923,41.2236],[34.2938,41.2127],[34.2606,41.209],[34.244,41.1994],[34.241,41.1915],[34.2176,41.1825],[34.2212,41.178],[34.2258,41.1765],[34.2291,41.1722],[34.2255,41.1653],[34.2324,41.1608],[34.2331,41.1496],[34.2152,41.146],[34.2054,41.1448],[34.2061,41.1427],[34.2216,41.1363],[34.2258,41.1286],[34.2258,41.1222],[34.2332,41.1187],[34.231,41.1126],[34.2229,41.1076],[34.2245,41.1037],[34.2246,41.0982],[34.2202,41.0957],[34.2252,41.0897],[34.2291,41.0814],[34.2418,41.0744],[34.2567,41.074],[34.2694,41.0774],[34.2743,41.0806],[34.2935,41.0896],[34.3021,41.0872],[34.3091,41.0809],[34.3216,41.0797],[34.3263,41.0769],[34.33,41.0724],[34.3311,41.0673],[34.3261,41.0638],[34.3199,41.0624],[34.3239,41.0515],[34.323,41.0429],[34.3246,41.04],[34.3225,41.0364],[34.3244,41.034],[34.33,41.0333],[34.3292,41.0289],[34.3312,41.025],[34.3371,41.0206],[34.3536,41.0123],[34.3567,41.0068],[34.363,41.0037],[34.3656,40.9984],[34.373,40.9947],[34.3704,40.9835],[34.3652,40.9787],[34.3592,40.9777],[34.357,40.9745],[34.3422,40.9693],[34.3256,40.9691],[34.3218,40.9721],[34.3105,40.9726],[34.2961,40.9765],[34.2837,40.9737],[34.2779,40.9737],[34.2767,40.9772],[34.2674,40.9747],[34.266,40.9698],[34.2605,40.9673],[34.2591,40.9619],[34.2607,40.9544],[34.2603,40.9411],[34.255,40.9331],[34.2487,40.9274],[34.2495,40.9212],[34.2537,40.9151],[34.2507,40.9114],[34.25,40.9024],[34.2463,40.8926],[34.2418,40.888],[34.2367,40.8881],[34.2415,40.8815],[34.2383,40.8767],[34.2401,40.8658],[34.2364,40.8648],[34.2304,40.8599],[34.2198,40.859],[34.2104,40.8568],[34.1996,40.8462],[34.1936,40.8449],[34.1915,40.8508],[34.1824,40.8506],[34.1786,40.8377],[34.1755,40.8393],[34.1333,40.8363],[34.1232,40.8386],[34.0981,40.8303],[34.0957,40.828],[34.0895,40.8274],[34.0782,40.8223],[34.0664,40.8197],[34.0581,40.8216],[34.055,40.8277],[34.0339,40.8282],[34.0214,40.8239],[34.0149,40.828],[33.9986,40.8276],[33.9994,40.8389],[33.9965,40.8437],[33.9898,40.8469],[33.9848,40.8434],[33.98,40.8438],[33.9754,40.8491],[33.9651,40.8516],[33.9514,40.8567],[33.9438,40.856],[33.9345,40.8587],[33.9301,40.8568],[33.9246,40.8565],[33.899,40.8462],[33.8918,40.8416],[33.8822,40.8408],[33.8796,40.8441],[33.8648,40.845],[33.8549,40.8421],[33.8485,40.8429],[33.8472,40.8494],[33.8317,40.8591],[33.8269,40.8647],[33.8274,40.8687],[33.8171,40.8704],[33.8159,40.8765],[33.8132,40.8803],[33.7953,40.8825],[33.7982,40.8896],[33.8084,40.9025],[33.8042,40.9055],[33.8094,40.9098],[33.8042,40.9104],[33.7991,40.9184],[33.7905,40.9239],[33.7799,40.9332],[33.7675,40.9384],[33.7713,40.9452],[33.7764,40.9475],[33.7764,40.9581],[33.784,40.9654],[33.7812,40.9693],[33.7761,40.9711],[33.7771,40.9745],[33.7747,40.9765],[33.7967,40.9786],[33.7974,40.9851],[33.8053,40.9967],[33.8152,40.9993],[33.8097,41.0107],[33.8214,41.019],[33.8238,41.0265],[33.8221,41.0343],[33.8442,41.0399],[33.8453,41.0443],[33.8532,41.0502],[33.8484,41.0606],[33.8525,41.0665],[33.8527,41.0712],[33.8506,41.0772],[33.8515,41.0818],[33.835,41.0892],[33.8175,41.0829],[33.7922,41.0855],[33.7787,41.0853],[33.771,41.081],[33.7618,41.0693],[33.7399,41.0651],[33.7236,41.0543],[33.6967,41.0539],[33.6853,41.0492],[33.6558,41.031],[33.6319,41.023],[33.6184,41.0222],[33.5916,41.0239],[33.5739,41.0245],[33.5631,41.0272],[33.5417,41.0251],[33.5281,41.0278],[33.5232,41.0346],[33.5255,41.0456],[33.5151,41.0462],[33.5054,41.0511],[33.4936,41.0558],[33.4731,41.0507],[33.4735,41.0497],[33.4649,41.0319],[33.4542,41.0347],[33.4271,41.0329],[33.4193,41.0271],[33.4206,41.0164],[33.4265,41.0022],[33.413,40.9869],[33.3933,40.9829],[33.3863,40.9837],[33.3712,40.9811],[33.3595,40.9836],[33.3415,40.9817],[33.3353,40.9799],[33.3261,40.9804],[33.3154,40.9911],[33.3219,40.9956],[33.3215,41.0004],[33.3251,41.0013],[33.3254,41.0053],[33.3214,41.0055],[33.3146,41.0132],[33.3103,41.0161],[33.3099,41.0208],[33.3057,41.0211],[33.3019,41.0268],[33.3035,41.0301],[33.2982,41.0333],[33.2969,41.0366],[33.2916,41.0387],[33.2823,41.0392],[33.2715,41.044],[33.2671,41.0429],[33.2565,41.0466],[33.2531,41.0451],[33.2482,41.0472],[33.2478,41.0504],[33.243,41.0528],[33.2373,41.0524],[33.2338,41.0556],[33.2281,41.054],[33.2184,41.0573],[33.2158,41.0596],[33.2088,41.0616],[33.1997,41.0685],[33.1911,41.0716],[33.188,41.0716],[33.1792,41.0745],[33.1634,41.0708],[33.1501,41.0628],[33.1423,41.0653],[33.1223,41.0544],[33.1058,41.055],[33.0978,41.0583],[33.0739,41.0627],[33.0587,41.0742],[33.0597,41.0798],[33.0553,41.0853],[33.0582,41.0904],[33.057,41.0931],[33.0603,41.0959],[33.0615,41.1027],[33.0596,41.1095],[33.0501,41.1121],[33.0474,41.1175],[33.0388,41.1266],[33.0306,41.1337],[33.0206,41.1394],[33.016,41.1456],[33.0101,41.1495],[32.9969,41.1479],[32.9912,41.1486],[32.9785,41.1544],[32.9669,41.1513],[32.9604,41.1524],[32.9566,41.1571],[32.9636,41.1595],[32.9662,41.1642],[32.9581,41.1718],[32.947,41.1778],[32.9266,41.1872],[32.9253,41.1985],[32.9305,41.2091],[32.9315,41.2219],[32.9335,41.2288],[32.94,41.235],[32.9406,41.2374],[32.9351,41.2443],[32.9352,41.2484],[32.9387,41.2546],[32.956,41.2686],[32.9676,41.2771],[32.9708,41.2816],[32.9707,41.2892],[32.9762,41.2928],[32.9916,41.2982],[33.0026,41.3069],[33.0063,41.3148],[33.011,41.3174],[33.0257,41.3152],[33.055,41.3171],[33.0684,41.3189],[33.0749,41.3231],[33.0833,41.3319],[33.0947,41.3396],[33.123,41.3495],[33.1256,41.3559],[33.1373,41.3723],[33.1341,41.3787],[33.124,41.3883],[33.1302,41.3977],[33.1284,41.4175],[33.1246,41.4263],[33.1253,41.4349],[33.1204,41.4378],[33.1134,41.444],[33.1084,41.4525],[33.0991,41.4579],[33.0997,41.4631],[33.1077,41.4754],[33.1046,41.4779],[33.0832,41.4808],[33.0649,41.484],[33.0592,41.488],[33.0594,41.4926],[33.0526,41.5062],[33.0393,41.5128],[33.0533,41.5228],[33.0589,41.5369],[33.0585,41.5416],[33.0553,41.5499],[33.0509,41.5548],[33.0541,41.5619],[33.0491,41.582],[33.0439,41.5853],[33.0394,41.5817],[33.0255,41.5789],[33.0158,41.5787],[33.0077,41.5739],[33.0067,41.5696],[33.0027,41.5684],[32.9954,41.5706],[32.9894,41.5705],[32.9873,41.5754],[32.9919,41.5794],[32.9963,41.5855],[32.991,41.5879],[32.9795,41.5874],[32.9734,41.5848],[32.9568,41.5862],[32.9527,41.5847],[32.938,41.5748],[32.9349,41.5687],[32.9318,41.5653],[32.9226,41.5605],[32.9124,41.5598],[32.9033,41.5611],[32.8984,41.5637],[32.8984,41.571],[32.8895,41.5774],[32.8748,41.5756]]]}},{"type":"Feature","properties":{"name":"Kayseri","number":38},"geometry":{"type":"Polygon","coordinates":[[[36.4096,38.2629],[36.4062,38.2703],[36.4091,38.2809],[36.3947,38.2859],[36.3854,38.2881],[36.3778,38.2878],[36.3762,38.2909],[36.3691,38.2936],[36.3625,38.2947],[36.3625,38.2994],[36.3563,38.2999],[36.3649,38.3086],[36.3694,38.323],[36.3657,38.328],[36.3674,38.3344],[36.3727,38.3376],[36.3762,38.3376],[36.3794,38.3426],[36.3878,38.3486],[36.3882,38.3536],[36.3842,38.3543],[36.3799,38.3606],[36.3824,38.3662],[36.3783,38.374],[36.3727,38.3796],[36.3622,38.3802],[36.3528,38.3831],[36.3358,38.378],[36.3274,38.3799],[36.3192,38.3802],[36.292,38.3841],[36.2884,38.3898],[36.2853,38.3913],[36.2846,38.3999],[36.2808,38.4046],[36.2562,38.4029],[36.2283,38.3996],[36.2061,38.3931],[36.1795,38.3837],[36.1873,38.3595],[36.1846,38.349],[36.1708,38.3461],[36.165,38.3437],[36.1567,38.333],[36.1518,38.3256],[36.1495,38.3239],[36.1409,38.3235],[36.1356,38.3222],[36.1393,38.3379],[36.1395,38.3436],[36.1347,38.3415],[36.1241,38.3407],[36.1128,38.3317],[36.1086,38.3305],[36.1063,38.3254],[36.0983,38.3142],[36.0927,38.3098],[36.0857,38.306],[36.078,38.3002],[36.0619,38.2808],[36.0497,38.2725],[36.0486,38.2684],[36.0452,38.2647],[36.0455,38.2598],[36.0392,38.2566],[36.0247,38.247],[36.0128,38.2422],[36.004,38.2323],[35.9952,38.2277],[35.9904,38.2234],[35.9945,38.2121],[35.994,38.2073],[35.9962,38.2005],[36.0004,38.195],[36.0209,38.1897],[36.0124,38.1848],[36.0118,38.1808],[36.0054,38.1806],[36.0021,38.1764],[35.9952,38.1735],[35.9916,38.1673],[35.9929,38.1543],[35.9908,38.1504],[35.9828,38.1459],[35.9729,38.139],[35.971,38.1322],[35.9722,38.1221],[35.9745,38.1173],[35.968,38.1159],[35.9635,38.1092],[35.9579,38.1061],[35.9542,38.1056],[35.9452,38.0969],[35.9373,38.0955],[35.9326,38.1007],[35.9296,38.1022],[35.9198,38.1099],[35.9141,38.1034],[35.9065,38.1008],[35.8992,38.0912],[35.8913,38.0909],[35.8881,38.0881],[35.8747,38.0845],[35.8675,38.0869],[35.8517,38.0902],[35.8352,38.0761],[35.8266,38.0755],[35.8177,38.0763],[35.8036,38.0759],[35.7953,38.0778],[35.7897,38.0812],[35.7994,38.0982],[35.8065,38.0995],[35.8158,38.1085],[35.8016,38.1143],[35.8006,38.1209],[35.7963,38.1168],[35.7915,38.1148],[35.7866,38.1085],[35.7777,38.1074],[35.7699,38.1024],[35.7709,38.1006],[35.7779,38.099],[35.7767,38.0535],[35.766,38.0579],[35.7646,38.0552],[35.7639,38.0438],[35.7597,38.0416],[35.7484,38.0407],[35.7411,38.0456],[35.7398,38.0477],[35.7399,38.0542],[35.7225,38.0626],[35.7217,38.0603],[35.7247,38.0548],[35.7197,38.0452],[35.7163,38.0448],[35.7099,38.0349],[35.712,38.0284],[35.7091,38.0256],[35.693,37.9958],[35.6891,37.9794],[35.69,37.9736],[35.671,37.9838],[35.664,37.9813],[35.6476,37.9774],[35.6395,37.9737],[35.6315,37.9723],[35.6276,37.9732],[35.6194,37.9718],[35.611,37.9684],[35.6047,37.968],[35.5982,37.9655],[35.5913,37.9593],[35.584,37.949],[35.5757,37.9414],[35.5767,37.9311],[35.5864,37.9211],[35.5944,37.9051],[35.5908,37.8952],[35.5864,37.8913],[35.5866,37.8852],[35.5906,37.8794],[35.5931,37.8782],[35.5961,37.873],[35.5948,37.8704],[35.5981,37.867],[35.5973,37.8601],[35.604,37.86],[35.6075,37.8528],[35.6167,37.8487],[35.6122,37.8428],[35.6236,37.8408],[35.616,37.8312],[35.61,37.827],[35.607,37.8199],[35.6046,37.8106],[35.6037,37.8018],[35.5925,37.799],[35.5761,37.7881],[35.5611,37.8023],[35.5388,37.7995],[35.5296,37.7987],[35.5187,37.8],[35.5299,37.7761],[35.5262,37.7668],[35.5224,37.7631],[35.5174,37.7606],[35.5227,37.7496],[35.522,37.736],[35.5195,37.7299],[35.5196,37.7252],[35.5166,37.7208],[35.5128,37.7183],[35.4992,37.7164],[35.4825,37.708],[35.4786,37.7136],[35.4808,37.7194],[35.4744,37.7242],[35.4429,37.7106],[35.429,37.698],[35.4051,37.6914],[35.3997,37.6935],[35.3888,37.6942],[35.3589,37.7036],[35.3351,37.7039],[35.3207,37.7056],[35.3111,37.7176],[35.3056,37.7325],[35.3103,37.7399],[35.3046,37.7532],[35.2928,37.7527],[35.2603,37.7594],[35.2612,37.7627],[35.2559,37.7647],[35.2344,37.7575],[35.2149,37.7607],[35.2006,37.7702],[35.1893,37.7755],[35.1849,37.7758],[35.1781,37.7739],[35.1738,37.7783],[35.171,37.778],[35.1611,37.784],[35.1617,37.7933],[35.1499,37.8051],[35.1534,37.8141],[35.1704,37.8231],[35.1972,37.8629],[35.199,37.8701],[35.1979,37.8812],[35.2094,37.8936],[35.2061,37.9066],[35.2101,37.9231],[35.2063,37.9333],[35.2068,37.9488],[35.2104,37.9662],[35.2007,37.9807],[35.2177,37.9911],[35.228,37.987],[35.2323,37.9895],[35.2183,38.003],[35.2292,38.0489],[35.2369,38.0568],[35.2316,38.0607],[35.2235,38.0768],[35.2235,38.0811],[35.2256,38.0871],[35.2212,38.0916],[35.2237,38.0998],[35.2308,38.1086],[35.2316,38.1132],[35.2302,38.1193],[35.2332,38.1382],[35.2322,38.1414],[35.2216,38.1353],[35.2077,38.1417],[35.1978,38.1534],[35.1961,38.1627],[35.1944,38.164],[35.1857,38.1589],[35.175,38.1676],[35.1504,38.1613],[35.1487,38.1638],[35.1405,38.1698],[35.1424,38.1736],[35.1397,38.1759],[35.1307,38.1756],[35.1324,38.1849],[35.1314,38.1877],[35.1268,38.1886],[35.1185,38.186],[35.1141,38.1868],[35.1081,38.1903],[35.1049,38.188],[35.1038,38.1733],[35.0969,38.166],[35.0927,38.1646],[35.0915,38.1602],[35.082,38.1592],[35.0761,38.1634],[35.0714,38.1619],[35.0627,38.164],[35.0607,38.1656],[35.0513,38.169],[35.0502,38.1663],[35.039,38.1707],[35.039,38.1753],[35.0364,38.1777],[35.0343,38.1829],[35.0379,38.1874],[35.0365,38.1913],[35.0388,38.1972],[35.0367,38.2018],[35.0383,38.2042],[35.0246,38.2092],[35.0245,38.2158],[35.0128,38.2091],[35.0139,38.2153],[35.0115,38.2194],[35.0128,38.223],[35.0082,38.2285],[35.0109,38.2374],[35.0133,38.24],[35.0149,38.249],[35.0133,38.2518],[35.0172,38.2565],[35.0272,38.2574],[35.0288,38.265],[35.0307,38.2687],[35.0356,38.2714],[35.024,38.2729],[35.0158,38.2781],[35.0129,38.2828],[35.0137,38.2951],[35.0082,38.3009],[35.0024,38.3023],[34.9938,38.2991],[34.9925,38.3015],[34.9833,38.304],[34.9767,38.3024],[34.9745,38.3048],[34.9738,38.3091],[34.9677,38.3126],[34.9639,38.3116],[34.9585,38.3151],[34.9453,38.3186],[34.9442,38.3251],[34.9403,38.324],[34.935,38.3285],[34.9323,38.3402],[34.9225,38.3416],[34.9182,38.3407],[34.9069,38.3436],[34.9078,38.3478],[34.905,38.3532],[34.8951,38.3557],[34.8918,38.3592],[34.8809,38.3616],[34.8781,38.3666],[34.8771,38.3681],[34.8646,38.3703],[34.865,38.3745],[34.8606,38.3816],[34.8523,38.3819],[34.8534,38.3863],[34.8525,38.3937],[34.8575,38.3938],[34.8528,38.3986],[34.8547,38.4026],[34.8504,38.4037],[34.8528,38.4101],[34.8508,38.4119],[34.8524,38.4166],[34.8496,38.4252],[34.8552,38.4295],[34.8576,38.4289],[34.861,38.4348],[34.8657,38.4404],[34.8728,38.4446],[34.8802,38.4462],[34.884,38.445],[34.8874,38.4413],[34.8986,38.4414],[34.9067,38.4362],[34.9152,38.4363],[34.9165,38.434],[34.9234,38.4348],[34.9288,38.4324],[34.9287,38.4282],[34.9333,38.4235],[34.9428,38.4246],[34.9517,38.4226],[34.9578,38.4166],[34.9624,38.415],[34.9653,38.4169],[34.9784,38.417],[34.98,38.4188],[34.9956,38.4169],[34.9979,38.4154],[35.0021,38.4185],[34.9993,38.4231],[35.0028,38.4273],[34.9985,38.4345],[34.9966,38.4423],[34.997,38.4478],[34.9909,38.4549],[34.998,38.4607],[35.0047,38.4639],[35.0041,38.4668],[35.0077,38.4731],[35.0125,38.4724],[35.0141,38.4758],[35.0208,38.4789],[35.0224,38.4778],[35.0321,38.4837],[35.0405,38.4834],[35.041,38.4863],[35.048,38.4861],[35.0555,38.4829],[35.0625,38.4838],[35.0695,38.4827],[35.0887,38.4779],[35.0963,38.4797],[35.104,38.4772],[35.1182,38.4756],[35.1225,38.4723],[35.1362,38.4685],[35.1388,38.4699],[35.1487,38.4829],[35.1614,38.4956],[35.1664,38.5026],[35.1558,38.5031],[35.1452,38.5081],[35.1411,38.5121],[35.1366,38.5186],[35.136,38.5245],[35.1381,38.5297],[35.1423,38.5326],[35.1363,38.5447],[35.1293,38.5503],[35.1301,38.5519],[35.1209,38.5571],[35.1097,38.5682],[35.1046,38.5726],[35.0923,38.5773],[35.0936,38.5799],[35.0983,38.6118],[35.0968,38.6163],[35.0898,38.6219],[35.0879,38.6255],[35.0765,38.6378],[35.0719,38.6394],[35.0738,38.647],[35.0893,38.6446],[35.0858,38.6484],[35.0848,38.6561],[35.0898,38.6594],[35.0868,38.6648],[35.0911,38.67],[35.0922,38.6733],[35.0858,38.6825],[35.0826,38.6839],[35.0853,38.6895],[35.0866,38.6964],[35.0894,38.6996],[35.0948,38.7003],[35.0994,38.7025],[35.0957,38.7083],[35.0954,38.7124],[35.087,38.7193],[35.0846,38.7226],[35.0774,38.7259],[35.073,38.7344],[35.0699,38.7435],[35.0792,38.7464],[35.0663,38.7546],[35.0643,38.762],[35.062,38.7644],[35.0497,38.7712],[35.045,38.7745],[35.0338,38.7776],[35.0282,38.7732],[35.0254,38.7742],[35.0152,38.7735],[35.0122,38.7794],[35.0074,38.7846],[34.9997,38.7907],[34.9885,38.7929],[34.9841,38.7901],[34.977,38.7884],[34.9703,38.7996],[34.9663,38.8027],[34.9644,38.8141],[34.966,38.8184],[34.9625,38.8342],[34.9599,38.8378],[34.9607,38.8443],[34.9785,38.8507],[34.9828,38.8578],[34.988,38.8594],[35.0015,38.8598],[35.002,38.8614],[35.0116,38.8624],[35.0113,38.8646],[35.0181,38.8662],[35.0157,38.8723],[35.0153,38.879],[35.0086,38.8897],[35.0098,38.8956],[35.0037,38.9071],[35.0068,38.9111],[35.0149,38.9175],[35.0177,38.9174],[35.027,38.9244],[35.0253,38.9264],[35.0297,38.936],[35.0346,38.9395],[35.0349,38.9503],[35.0327,38.9547],[35.0381,38.9553],[35.0448,38.9533],[35.049,38.9538],[35.0496,38.9574],[35.047,38.9642],[35.0438,38.9638],[35.0435,38.9707],[35.0453,38.978],[35.0491,38.982],[35.0469,38.9909],[35.0495,38.994],[35.0469,39.0008],[35.0484,39.0016],[35.0431,39.0282],[35.0441,39.0337],[35.051,39.0327],[35.0582,39.0375],[35.0649,39.039],[35.0692,39.0423],[35.0657,39.0476],[35.0716,39.0484],[35.0721,39.0458],[35.0782,39.0409],[35.0804,39.041],[35.0859,39.0354],[35.0915,39.0351],[35.0915,39.0291],[35.0974,39.031],[35.1102,39.03],[35.1118,39.0272],[35.1195,39.0257],[35.1204,39.0219],[35.1238,39.0191],[35.1316,39.0192],[35.1381,39.0162],[35.1419,39.0174],[35.1465,39.0146],[35.1485,39.0097],[35.1534,39.0121],[35.1526,39.0147],[35.1575,39.0159],[35.1606,39.0127],[35.1689,39.0221],[35.1727,39.0177],[35.1766,39.0198],[35.1848,39.013],[35.1959,39.0154],[35.196,39.0105],[35.2038,39.0108],[35.2093,39.0073],[35.209,39.0044],[35.2155,39.0055],[35.2255,39.0021],[35.2217,38.999],[35.2232,38.9945],[35.2295,38.9958],[35.2369,38.9959],[35.2431,39.0005],[35.255,38.9979],[35.261,38.9975],[35.2658,38.9952],[35.2713,38.9967],[35.2765,38.9957],[35.2769,38.9923],[35.2832,38.9872],[35.2855,38.9891],[35.2927,38.9914],[35.296,38.9964],[35.3061,38.9993],[35.3102,38.9988],[35.3253,39.0056],[35.3278,39.0053],[35.3407,39.0083],[35.3521,39.0156],[35.3561,39.015],[35.369,39.0065],[35.37,38.9942],[35.3751,38.9901],[35.3925,38.986],[35.3993,38.9884],[35.4016,38.9943],[35.4037,38.995],[35.4107,38.9917],[35.4213,38.9905],[35.4247,38.9893],[35.4366,38.9904],[35.4164,39.0019],[35.4137,39.0071],[35.4025,39.014],[35.3984,39.0137],[35.3746,39.02],[35.3691,39.0246],[35.3698,39.0277],[35.3774,39.0363],[35.3856,39.0404],[35.3862,39.0441],[35.3921,39.0455],[35.3982,39.05],[35.4075,39.0514],[35.4104,39.0577],[35.4158,39.0602],[35.4191,39.0574],[35.4261,39.0585],[35.4388,39.0584],[35.4411,39.0546],[35.4464,39.0542],[35.4495,39.0562],[35.451,39.0492],[35.4564,39.056],[35.4607,39.0543],[35.471,39.0528],[35.4746,39.0556],[35.4739,39.0597],[35.4778,39.0617],[35.4764,39.0682],[35.4735,39.0732],[35.473,39.0777],[35.4706,39.0833],[35.4673,39.0846],[35.4689,39.0901],[35.4575,39.0895],[35.4531,39.0914],[35.4564,39.1],[35.4588,39.1008],[35.4609,39.1073],[35.4581,39.1103],[35.4512,39.1077],[35.4498,39.1094],[35.4404,39.1107],[35.4348,39.1103],[35.4349,39.1196],[35.4317,39.1257],[35.4345,39.1307],[35.4328,39.1398],[35.4348,39.1417],[35.4403,39.1508],[35.4432,39.1523],[35.4507,39.1506],[35.4506,39.1536],[35.4535,39.1579],[35.4624,39.1646],[35.4672,39.1757],[35.4729,39.1779],[35.4743,39.1817],[35.4805,39.1841],[35.4849,39.1818],[35.4893,39.1877],[35.4928,39.1834],[35.5014,39.1851],[35.505,39.1901],[35.5038,39.1933],[35.506,39.1964],[35.5136,39.1955],[35.5136,39.1935],[35.5214,39.1885],[35.5303,39.1841],[35.5345,39.1875],[35.5433,39.1913],[35.5487,39.1888],[35.5559,39.1901],[35.5593,39.189],[35.567,39.1902],[35.5711,39.189],[35.5754,39.1907],[35.5786,39.1892],[35.5882,39.1875],[35.5937,39.1893],[35.5959,39.1926],[35.6024,39.1931],[35.6101,39.1883],[35.6209,39.1939],[35.6276,39.202],[35.6329,39.2033],[35.6335,39.2093],[35.6367,39.2128],[35.6363,39.2178],[35.6401,39.2193],[35.6564,39.2231],[35.6638,39.2288],[35.6707,39.2239],[35.68,39.2209],[35.683,39.2217],[35.709,39.2202],[35.7143,39.2227],[35.7304,39.2221],[35.7409,39.2304],[35.7482,39.2336],[35.7476,39.2462],[35.7453,39.2532],[35.7469,39.2556],[35.7394,39.2611],[35.7426,39.2738],[35.7522,39.279],[35.7589,39.2784],[35.763,39.2796],[35.7743,39.289],[35.7726,39.2968],[35.7739,39.3027],[35.7667,39.3073],[35.7801,39.3125],[35.7828,39.3002],[35.8004,39.3057],[35.8085,39.3062],[35.8262,39.3188],[35.8452,39.3154],[35.8565,39.3223],[35.8545,39.3184],[35.8568,39.3073],[35.8627,39.3017],[35.8576,39.2945],[35.8544,39.2925],[35.86,39.2902],[35.8691,39.2922],[35.8755,39.2911],[35.8806,39.2866],[35.8764,39.2836],[35.8775,39.2817],[35.8851,39.2823],[35.8922,39.2764],[35.8979,39.2746],[35.8986,39.2774],[35.91,39.2675],[35.9151,39.2663],[35.9158,39.2635],[35.9114,39.2602],[35.9184,39.254],[35.9115,39.2472],[35.9142,39.2427],[35.9213,39.2401],[35.9222,39.2377],[35.934,39.2418],[35.9367,39.2417],[35.9384,39.2352],[35.9451,39.2297],[35.9446,39.2193],[35.9465,39.2052],[35.9521,39.2039],[35.958,39.2086],[35.9607,39.2051],[35.9625,39.1977],[35.9567,39.1926],[35.9593,39.1902],[35.9651,39.1941],[35.9785,39.1884],[35.9797,39.1823],[35.9761,39.1803],[35.9684,39.173],[35.967,39.1686],[35.9694,39.1551],[35.9794,39.1478],[35.9779,39.1437],[35.9817,39.142],[35.9933,39.1467],[35.9897,39.14],[35.9997,39.1462],[36.01,39.1483],[36.0168,39.1468],[36.0174,39.1416],[36.0151,39.1385],[36.0217,39.1372],[36.0245,39.1349],[36.0334,39.1385],[36.0419,39.1374],[36.0435,39.131],[36.0489,39.1287],[36.0497,39.1263],[36.0577,39.1277],[36.0623,39.1241],[36.0606,39.1215],[36.0664,39.1194],[36.0709,39.1192],[36.0742,39.1077],[36.079,39.1103],[36.0863,39.1044],[36.0889,39.1008],[36.0897,39.0962],[36.0974,39.0891],[36.0972,39.0827],[36.1082,39.0806],[36.1075,39.0852],[36.1215,39.0865],[36.1251,39.0909],[36.1343,39.0867],[36.1434,39.0872],[36.1433,39.0895],[36.1501,39.0899],[36.1568,39.0941],[36.157,39.1001],[36.162,39.0998],[36.1645,39.0932],[36.1726,39.0927],[36.1795,39.0876],[36.1857,39.0876],[36.1918,39.089],[36.1936,39.0859],[36.1993,39.0886],[36.2043,39.0854],[36.2083,39.077],[36.2151,39.0766],[36.2233,39.0736],[36.2272,39.071],[36.2282,39.0679],[36.2404,39.0668],[36.2449,39.0708],[36.2478,39.0668],[36.2542,39.0645],[36.2597,39.0685],[36.2602,39.0786],[36.263,39.0879],[36.2616,39.0917],[36.2654,39.0969],[36.2736,39.0998],[36.2872,39.1014],[36.2934,39.1044],[36.2987,39.105],[36.2916,39.0964],[36.2962,39.094],[36.3068,39.093],[36.3162,39.0848],[36.3201,39.0776],[36.3243,39.0747],[36.331,39.0744],[36.3346,39.0535],[36.3415,39.0618],[36.3424,39.0652],[36.3473,39.0646],[36.3571,39.0753],[36.3595,39.0758],[36.3629,39.0817],[36.3639,39.0861],[36.3716,39.0867],[36.3724,39.0901],[36.3788,39.0895],[36.3882,39.0912],[36.4,39.0893],[36.4058,39.0892],[36.413,39.0956],[36.4125,39.1001],[36.4099,39.1056],[36.4055,39.108],[36.4086,39.1116],[36.4053,39.1154],[36.4037,39.1207],[36.4097,39.1245],[36.412,39.1363],[36.4179,39.1379],[36.4228,39.1347],[36.4269,39.1342],[36.435,39.1299],[36.4423,39.1287],[36.4458,39.1301],[36.451,39.125],[36.4561,39.1136],[36.4598,39.11],[36.4596,39.1067],[36.4621,39.102],[36.4617,39.0977],[36.4672,39.0889],[36.4709,39.0864],[36.4778,39.0795],[36.4863,39.0743],[36.4949,39.0759],[36.4985,39.0776],[36.4964,39.0814],[36.4954,39.0875],[36.4973,39.0932],[36.5028,39.0959],[36.5012,39.0991],[36.5046,39.1021],[36.5083,39.1089],[36.518,39.1127],[36.5254,39.1122],[36.5331,39.1076],[36.5363,39.1046],[36.542,39.103],[36.5476,39.1042],[36.5514,39.1072],[36.5528,39.1109],[36.5592,39.1115],[36.5624,39.1162],[36.5655,39.1155],[36.5668,39.1114],[36.5786,39.1081],[36.5829,39.1042],[36.5909,39.1007],[36.5992,39.101],[36.6007,39.1085],[36.614,39.1151],[36.6195,39.1168],[36.6226,39.1291],[36.6292,39.1336],[36.6328,39.1329],[36.6377,39.141],[36.6341,39.1482],[36.6358,39.1527],[36.6401,39.1531],[36.6424,39.1506],[36.6504,39.1499],[36.6519,39.1529],[36.6525,39.1598],[36.6511,39.1702],[36.6572,39.1737],[36.6561,39.1783],[36.662,39.1785],[36.6698,39.1815],[36.6725,39.1781],[36.671,39.1722],[36.6772,39.1704],[36.6806,39.1734],[36.6886,39.1751],[36.6901,39.1696],[36.6942,39.1685],[36.6978,39.1707],[36.7006,39.1634],[36.7129,39.168],[36.7217,39.1682],[36.7248,39.1715],[36.7361,39.1713],[36.7398,39.1665],[36.746,39.1502],[36.746,39.1423],[36.7563,39.1325],[36.765,39.1337],[36.768,39.1353],[36.7698,39.1285],[36.7688,39.1249],[36.7703,39.1158],[36.7693,39.1121],[36.7706,39.1023],[36.781,39.1073],[36.7966,39.1123],[36.8408,39.119],[36.8462,39.117],[36.8416,39.1117],[36.8413,39.1071],[36.8439,39.1059],[36.8468,39.0989],[36.8664,39.0908],[36.8662,39.0878],[36.8716,39.0842],[36.8753,39.0851],[36.8849,39.0797],[36.8847,39.0761],[36.8742,39.066],[36.8817,39.0641],[36.8792,39.0597],[36.8826,39.0578],[36.8759,39.054],[36.8796,39.0425],[36.8814,39.0403],[36.8905,39.034],[36.9014,39.0279],[36.908,39.0177],[36.9092,39.013],[36.9212,39.0134],[36.9243,39.0055],[36.9278,39.0054],[36.9328,38.9986],[36.9339,38.9953],[36.93,38.9922],[36.925,38.9787],[36.9311,38.975],[36.9442,38.9687],[36.9391,38.9657],[36.9468,38.9631],[36.9506,38.9594],[36.9598,38.9577],[36.9571,38.9512],[36.9587,38.9433],[36.9538,38.9358],[36.9148,38.9422],[36.9073,38.9311],[36.9072,38.9251],[36.8987,38.9148],[36.8885,38.913],[36.8766,38.9143],[36.8675,38.9096],[36.855,38.9023],[36.8494,38.8978],[36.8523,38.8941],[36.8516,38.8895],[36.8537,38.8791],[36.8528,38.876],[36.8604,38.8541],[36.8507,38.8517],[36.8456,38.8485],[36.8293,38.8362],[36.8215,38.8324],[36.8242,38.8292],[36.8207,38.8257],[36.815,38.8234],[36.8068,38.8093],[36.7924,38.8003],[36.7905,38.7975],[36.7926,38.7921],[36.7926,38.7754],[36.8055,38.7818],[36.8139,38.7874],[36.8209,38.7863],[36.816,38.7679],[36.8137,38.7619],[36.8006,38.7551],[36.7846,38.7542],[36.7767,38.7528],[36.7577,38.7518],[36.7357,38.7414],[36.7317,38.7317],[36.7244,38.7249],[36.7327,38.7142],[36.7642,38.7058],[36.761,38.6928],[36.7583,38.6878],[36.7531,38.6849],[36.7486,38.6759],[36.7486,38.6709],[36.7622,38.6645],[36.7697,38.6632],[36.7758,38.6636],[36.779,38.6609],[36.7806,38.6566],[36.7875,38.6556],[36.7904,38.6535],[36.7895,38.6492],[36.7924,38.6459],[36.7968,38.6311],[36.7936,38.6276],[36.7905,38.6196],[36.7871,38.6161],[36.7852,38.6113],[36.7825,38.6091],[36.78,38.6014],[36.7309,38.5846],[36.7375,38.5769],[36.7501,38.5649],[36.7563,38.5564],[36.7635,38.5484],[36.7804,38.5371],[36.7548,38.5334],[36.7488,38.531],[36.7541,38.5271],[36.7514,38.5246],[36.7412,38.5219],[36.7269,38.521],[36.7155,38.5219],[36.6987,38.5127],[36.6964,38.5097],[36.6813,38.5032],[36.6782,38.4987],[36.6681,38.4995],[36.6683,38.4972],[36.6761,38.4943],[36.6789,38.4917],[36.6887,38.4872],[36.6901,38.4831],[36.6974,38.4686],[36.7066,38.4622],[36.7169,38.4632],[36.7245,38.4609],[36.7298,38.4468],[36.7284,38.4352],[36.7405,38.4369],[36.7405,38.4322],[36.7385,38.4248],[36.742,38.4226],[36.7374,38.4189],[36.7248,38.4157],[36.7144,38.4113],[36.6951,38.4053],[36.688,38.4017],[36.683,38.3978],[36.6797,38.3969],[36.6743,38.3928],[36.6578,38.3926],[36.6439,38.3902],[36.6176,38.3831],[36.6164,38.3864],[36.6155,38.3964],[36.6142,38.3967],[36.6004,38.3898],[36.6073,38.3857],[36.601,38.3791],[36.5935,38.3739],[36.58,38.3621],[36.5696,38.3511],[36.5655,38.3438],[36.5655,38.3246],[36.5769,38.3183],[36.5814,38.3181],[36.5837,38.3119],[36.5798,38.3068],[36.5757,38.305],[36.5741,38.302],[36.5645,38.2969],[36.554,38.2876],[36.5504,38.2796],[36.5497,38.2732],[36.5398,38.2668],[36.526,38.2651],[36.5228,38.261],[36.5231,38.2553],[36.5186,38.2472],[36.5018,38.2458],[36.4981,38.2439],[36.4835,38.2424],[36.4816,38.2448],[36.469,38.25],[36.461,38.25],[36.4469,38.2551],[36.4446,38.2591],[36.4401,38.2616],[36.4255,38.2636],[36.4161,38.2661],[36.4096,38.2629]]]}},{"type":"Feature","properties":{"name":"Kırklareli","number":39},"geometry":{"type":"Polygon","coordinates":[[[26.9337,41.3094],[26.9194,41.3149],[26.9175,41.3175],[26.9174,41.3358],[26.9121,41.3378],[26.9065,41.338],[26.8901,41.3448],[26.8841,41.35],[26.8869,41.3533],[26.8922,41.3523],[26.8981,41.3558],[26.8971,41.3628],[26.9081,41.3826],[26.9037,41.396],[26.9035,41.4045],[26.8972,41.423],[26.8943,41.4372],[26.9155,41.4724],[26.9265,41.4846],[26.9351,41.4904],[26.9438,41.4893],[26.9797,41.5204],[26.9711,41.5347],[26.9763,41.5456],[26.9968,41.5766],[27.0067,41.5967],[26.9989,41.6183],[27.0006,41.6259],[26.9999,41.6313],[26.976,41.636],[26.9561,41.6347],[26.9437,41.6086],[26.9353,41.6043],[26.9258,41.6084],[26.9208,41.6083],[26.9042,41.6175],[26.9077,41.6366],[26.9073,41.6573],[26.93,41.6612],[26.9415,41.6695],[26.9602,41.6795],[26.9678,41.696],[26.985,41.7037],[26.9976,41.7197],[27.0103,41.7497],[27.0126,41.7665],[27.0263,41.791],[27.0207,41.8162],[26.9961,41.8423],[26.982,41.8517],[26.9668,41.872],[26.9651,41.879],[26.965,41.9029],[26.9702,41.9318],[26.9911,41.945],[26.9871,41.9486],[26.9895,41.9557],[26.9895,41.963],[26.9869,41.9655],[26.9865,41.9728],[26.9813,41.9755],[26.9795,41.9792],[26.9742,41.9807],[26.9747,41.9839],[26.9712,41.9895],[26.9676,41.991],[26.9656,41.9965],[26.9655,42.0007],[26.972,42.0089],[26.9784,42.013],[26.9818,42.0181],[26.9851,42.0199],[26.9809,42.0272],[26.9836,42.0332],[26.9823,42.0378],[26.9922,42.0377],[26.9991,42.0364],[27.0035,42.0394],[27.0075,42.0384],[27.0136,42.0442],[27.0222,42.0554],[27.0259,42.0558],[27.0284,42.0603],[27.0277,42.0638],[27.0225,42.0672],[27.0233,42.0725],[27.0214,42.0738],[27.0218,42.079],[27.025,42.0816],[27.0322,42.0794],[27.0346,42.0819],[27.0425,42.085],[27.0489,42.0838],[27.0579,42.0877],[27.0606,42.0898],[27.0758,42.0894],[27.0922,42.0856],[27.1072,42.0861],[27.1153,42.0822],[27.12,42.0767],[27.1289,42.0694],[27.135,42.0683],[27.1503,42.0686],[27.1559,42.0703],[27.1591,42.0654],[27.1636,42.0646],[27.1737,42.0662],[27.1766,42.0698],[27.1836,42.07],[27.1849,42.0639],[27.1914,42.0604],[27.207,42.0609],[27.2032,42.0706],[27.1982,42.0735],[27.1984,42.0787],[27.2015,42.0823],[27.2161,42.085],[27.2161,42.0888],[27.2213,42.0982],[27.2309,42.0993],[27.2392,42.1048],[27.2441,42.1032],[27.2469,42.1],[27.2524,42.0988],[27.2621,42.0997],[27.2708,42.1042],[27.273,42.1018],[27.2721,42.0978],[27.2829,42.095],[27.29,42.0975],[27.2937,42.0972],[27.2993,42.0878],[27.3055,42.0857],[27.3127,42.0863],[27.3167,42.0787],[27.3225,42.0805],[27.3264,42.08],[27.3264,42.0723],[27.3357,42.067],[27.3347,42.0622],[27.3361,42.0598],[27.3411,42.0606],[27.3523,42.0607],[27.3636,42.0584],[27.3692,42.0537],[27.3763,42.0461],[27.3743,42.0417],[27.3756,42.0381],[27.3806,42.0351],[27.3823,42.0246],[27.3839,42.0215],[27.3917,42.0185],[27.3931,42.0071],[27.3954,42.005],[27.4033,42.0048],[27.4132,41.9998],[27.413,41.9967],[27.416,41.9901],[27.4204,41.9885],[27.4245,41.9905],[27.4327,41.9913],[27.4351,41.987],[27.4344,41.9833],[27.4373,41.9818],[27.4404,41.9745],[27.4461,41.9738],[27.4471,41.9671],[27.4561,41.9672],[27.4635,41.9688],[27.4681,41.9644],[27.4677,41.9585],[27.4752,41.958],[27.482,41.9551],[27.4892,41.9539],[27.4896,41.9518],[27.4991,41.9535],[27.5042,41.9535],[27.5041,41.9571],[27.5103,41.9584],[27.515,41.9516],[27.5184,41.9506],[27.5242,41.9416],[27.5281,41.938],[27.531,41.9328],[27.5313,41.928],[27.5364,41.9238],[27.5403,41.9182],[27.5485,41.9143],[27.5503,41.911],[27.56,41.9051],[27.5716,41.9044],[27.5721,41.912],[27.5631,41.9122],[27.5615,41.916],[27.5674,41.9194],[27.5768,41.9204],[27.5738,41.9236],[27.5671,41.9234],[27.5701,41.927],[27.5708,41.9314],[27.5744,41.9326],[27.5743,41.9375],[27.5814,41.9353],[27.5878,41.9352],[27.5903,41.9324],[27.5967,41.9379],[27.6002,41.9448],[27.6035,41.9474],[27.6095,41.9448],[27.6079,41.9393],[27.612,41.9384],[27.6188,41.9427],[27.6238,41.9476],[27.6253,41.9508],[27.6198,41.9555],[27.622,41.9589],[27.626,41.9584],[27.6298,41.9555],[27.6389,41.9557],[27.6426,41.9541],[27.6474,41.9598],[27.6519,41.9622],[27.6566,41.9618],[27.6558,41.9576],[27.6626,41.9577],[27.6664,41.962],[27.6711,41.9602],[27.6736,41.9631],[27.6804,41.9634],[27.6812,41.9689],[27.6842,41.9716],[27.6928,41.9719],[27.7029,41.9753],[27.7085,41.9749],[27.7138,41.9769],[27.7189,41.9764],[27.726,41.9742],[27.7343,41.9738],[27.7338,41.978],[27.7394,41.979],[27.7415,41.9759],[27.7483,41.9727],[27.7474,41.9703],[27.7664,41.9677],[27.7696,41.9605],[27.778,41.9661],[27.7846,41.9636],[27.7861,41.9614],[27.7783,41.9556],[27.7787,41.9536],[27.7885,41.9544],[27.792,41.9534],[27.7919,41.9486],[27.8035,41.9511],[27.8073,41.9497],[27.8082,41.9462],[27.8137,41.9426],[27.8176,41.9451],[27.8136,41.95],[27.8137,41.954],[27.8188,41.9539],[27.8243,41.9491],[27.8286,41.9475],[27.836,41.948],[27.8373,41.9548],[27.8324,41.9623],[27.8261,41.9592],[27.8206,41.9623],[27.8203,41.9659],[27.8254,41.9722],[27.8247,41.9751],[27.8194,41.9751],[27.8183,41.9778],[27.8186,41.9866],[27.8211,41.9913],[27.8271,41.9934],[27.8274,41.9975],[27.8313,41.9988],[27.834,41.9949],[27.839,41.9923],[27.8455,41.9918],[27.8492,41.9935],[27.853,42.0017],[27.8572,41.9978],[27.8527,41.9968],[27.8531,41.9913],[27.8611,41.9944],[27.8582,41.9998],[27.8597,42.0058],[27.8635,42.0065],[27.8683,41.9997],[27.8731,41.9989],[27.8795,41.9946],[27.8846,41.9961],[27.8907,41.9938],[27.8978,41.993],[27.9002,41.9913],[27.8997,41.9826],[27.9076,41.9749],[27.9118,41.9727],[27.9163,41.9728],[27.9203,41.9778],[27.9248,41.9765],[27.9311,41.9785],[27.9329,41.9845],[27.9402,41.9779],[27.9445,41.9772],[27.949,41.9805],[27.9567,41.9809],[27.9682,41.9801],[27.9755,41.9839],[27.9749,41.9881],[27.9793,41.9887],[27.9834,41.9851],[27.9926,41.9806],[28.0016,41.981],[28.0095,41.9788],[28.0178,41.9808],[28.0266,41.9786],[28.0292,41.9728],[28.0343,41.9671],[28.0383,41.9659],[28.0427,41.9619],[28.0399,41.9592],[28.0407,41.9564],[28.0454,41.9515],[28.0493,41.9451],[28.0482,41.9409],[28.0443,41.9389],[28.0422,41.9344],[28.0467,41.9258],[28.0463,41.9196],[28.044,41.9155],[28.0497,41.9025],[28.0535,41.898],[28.0555,41.8877],[28.0572,41.8851],[28.0537,41.8825],[28.0475,41.8812],[28.04,41.8832],[28.0248,41.8899],[28.0198,41.8936],[28.0151,41.8948],[28.005,41.8921],[27.9957,41.8856],[27.9917,41.8814],[27.9861,41.8724],[27.9808,41.8684],[27.9783,41.8553],[27.9786,41.8431],[27.9813,41.8311],[27.9876,41.8152],[27.998,41.7974],[28.004,41.7891],[28.0241,41.7666],[28.0295,41.7652],[28.0336,41.7621],[28.0379,41.7541],[28.0417,41.7536],[28.0416,41.749],[28.0434,41.7413],[28.0395,41.7364],[28.0422,41.7307],[28.0454,41.7301],[28.0452,41.7263],[28.0484,41.722],[28.0555,41.7184],[28.0612,41.7141],[28.0647,41.7031],[28.0785,41.6922],[28.0823,41.6903],[28.0882,41.6898],[28.093,41.6851],[28.0933,41.6823],[28.0994,41.6801],[28.1015,41.6711],[28.1052,41.6696],[28.1033,41.6666],[28.0977,41.6637],[28.0919,41.6637],[28.0886,41.6582],[28.0888,41.6506],[28.0945,41.6381],[28.0976,41.6377],[28.0993,41.6315],[28.1039,41.6258],[28.1099,41.6231],[28.1143,41.617],[28.1184,41.6163],[28.12,41.6116],[28.1252,41.611],[28.1295,41.6036],[28.134,41.604],[28.1467,41.5916],[28.1443,41.5906],[28.1338,41.5949],[28.1257,41.5937],[28.0999,41.5911],[28.0864,41.5784],[28.0638,41.5822],[28.0617,41.5908],[28.0533,41.5953],[28.0523,41.6029],[28.0461,41.6093],[28.041,41.6094],[28.0438,41.6049],[28.0355,41.5991],[28.0353,41.5946],[28.0277,41.5959],[28.0189,41.5887],[28.0149,41.5886],[28.0123,41.5798],[28.0156,41.5765],[28.012,41.5714],[28.0124,41.5614],[28.0026,41.5557],[27.992,41.5615],[27.9906,41.566],[27.9822,41.5715],[27.9832,41.585],[27.9732,41.5889],[27.9649,41.5856],[27.9591,41.5883],[27.9589,41.5824],[27.9505,41.5756],[27.9483,41.5712],[27.9521,41.5644],[27.9433,41.5511],[27.9433,41.5437],[27.9305,41.5345],[27.9311,41.5284],[27.9201,41.5149],[27.9111,41.5085],[27.9062,41.4941],[27.897,41.4922],[27.896,41.4887],[27.8834,41.4808],[27.8766,41.4814],[27.8688,41.4798],[27.8548,41.4814],[27.8516,41.4866],[27.8518,41.4986],[27.8423,41.5007],[27.8379,41.4968],[27.8279,41.5068],[27.8183,41.5032],[27.7961,41.4868],[27.7756,41.4836],[27.7752,41.4771],[27.7622,41.4603],[27.7498,41.4599],[27.7436,41.4561],[27.7364,41.4563],[27.73,41.4593],[27.7173,41.4584],[27.7111,41.4605],[27.7025,41.4578],[27.6921,41.45],[27.6773,41.4488],[27.6707,41.4527],[27.6566,41.4393],[27.649,41.4241],[27.6424,41.4229],[27.6326,41.4268],[27.6238,41.4264],[27.6186,41.4287],[27.6093,41.4166],[27.6044,41.4126],[27.5969,41.4048],[27.5918,41.4008],[27.5925,41.3966],[27.5886,41.3943],[27.5857,41.3897],[27.5912,41.387],[27.5961,41.3817],[27.6005,41.3747],[27.6062,41.3692],[27.5964,41.3593],[27.5932,41.3584],[27.5887,41.3541],[27.5875,41.3499],[27.5779,41.3413],[27.5841,41.3396],[27.5884,41.3366],[27.5842,41.3313],[27.5706,41.3208],[27.579,41.3173],[27.5833,41.3084],[27.5823,41.3054],[27.5879,41.2941],[27.5923,41.2876],[27.5908,41.2859],[27.5965,41.2809],[27.5889,41.277],[27.5872,41.2732],[27.587,41.2675],[27.5829,41.262],[27.5765,41.2578],[27.5693,41.249],[27.5637,41.2499],[27.5615,41.2545],[27.5523,41.2566],[27.5443,41.2518],[27.5379,41.2548],[27.5286,41.25],[27.5206,41.2544],[27.4946,41.2361],[27.4763,41.2405],[27.4616,41.2356],[27.444,41.2243],[27.4397,41.2171],[27.427,41.2245],[27.4197,41.2262],[27.4156,41.2286],[27.4102,41.2273],[27.3923,41.2272],[27.3886,41.2214],[27.3821,41.2239],[27.3746,41.2223],[27.3698,41.2225],[27.3592,41.2286],[27.3569,41.228],[27.3478,41.2343],[27.3387,41.2396],[27.3434,41.2486],[27.3359,41.2532],[27.335,41.255],[27.3192,41.2589],[27.3105,41.2635],[27.3066,41.2632],[27.3008,41.269],[27.2916,41.2734],[27.2885,41.2774],[27.2727,41.2875],[27.2723,41.2894],[27.267,41.2936],[27.2642,41.3008],[27.2581,41.3114],[27.2506,41.3126],[27.243,41.321],[27.2361,41.3198],[27.2337,41.3248],[27.2282,41.3249],[27.2152,41.3319],[27.2038,41.3401],[27.1998,41.34],[27.1942,41.345],[27.1901,41.3441],[27.1887,41.3484],[27.1841,41.353],[27.1812,41.3524],[27.1746,41.3554],[27.1613,41.3559],[27.1606,41.3521],[27.1669,41.3493],[27.1699,41.3513],[27.1773,41.3503],[27.1717,41.3468],[27.1757,41.3454],[27.1806,41.3355],[27.1867,41.333],[27.1769,41.3296],[27.1746,41.3255],[27.1688,41.3273],[27.1666,41.3217],[27.1666,41.3175],[27.1712,41.3127],[27.1656,41.3104],[27.1638,41.3058],[27.1524,41.3032],[27.147,41.3006],[27.1411,41.307],[27.1339,41.3129],[27.1327,41.3156],[27.128,41.3186],[27.1284,41.3284],[27.1269,41.3334],[27.1192,41.3308],[27.1129,41.3139],[27.1189,41.3134],[27.1227,41.3075],[27.1185,41.3009],[27.121,41.2952],[27.1196,41.2911],[27.1227,41.2863],[27.1228,41.2823],[27.1297,41.2762],[27.1244,41.2762],[27.1219,41.2719],[27.1222,41.2676],[27.1191,41.2638],[27.1112,41.2603],[27.1109,41.2695],[27.1056,41.2702],[27.0962,41.2695],[27.0964,41.2743],[27.0918,41.2759],[27.0886,41.2735],[27.0743,41.2725],[27.0712,41.2694],[27.0625,41.2693],[27.0627,41.2754],[27.0605,41.2769],[27.0569,41.2839],[27.0569,41.2875],[27.0597,41.2904],[27.0653,41.2901],[27.068,41.2881],[27.0756,41.2877],[27.0849,41.2887],[27.0894,41.2907],[27.0978,41.2871],[27.1058,41.2869],[27.1052,41.2929],[27.1065,41.2981],[27.1119,41.3025],[27.1086,41.3061],[27.1082,41.3114],[27.0984,41.3187],[27.1017,41.3239],[27.0967,41.3266],[27.0905,41.3282],[27.0834,41.325],[27.0812,41.3274],[27.084,41.3339],[27.0825,41.3393],[27.0758,41.3427],[27.0669,41.3436],[27.0631,41.3419],[27.0539,41.3424],[27.0493,41.3409],[27.0412,41.3411],[27.0276,41.3439],[27.0145,41.3477],[27.0087,41.3472],[27.0029,41.3614],[26.9918,41.3635],[26.9874,41.3601],[26.9803,41.3629],[26.9727,41.3608],[26.974,41.3529],[26.9696,41.3488],[26.973,41.3444],[26.9696,41.3376],[26.9695,41.3264],[26.968,41.3196],[26.9429,41.323],[26.9337,41.3094]]]}},{"type":"Feature","properties":{"name":"Kırşehir","number":40},"geometry":{"type":"Polygon","coordinates":[[[33.8852,39.0279],[33.8721,39.0484],[33.8642,39.0625],[33.8464,39.0719],[33.8372,39.0744],[33.815,39.0769],[33.7782,39.0745],[33.7579,39.0764],[33.7517,39.0875],[33.7456,39.1015],[33.7324,39.1096],[33.7076,39.1203],[33.6816,39.1432],[33.68,39.1422],[33.6561,39.1586],[33.5992,39.1867],[33.5585,39.2083],[33.5452,39.2244],[33.5297,39.2526],[33.5216,39.2668],[33.5191,39.2746],[33.515,39.2806],[33.51,39.2843],[33.5061,39.2911],[33.502,39.2914],[33.4947,39.2958],[33.488,39.2953],[33.4877,39.2933],[33.4762,39.2955],[33.4736,39.2989],[33.4631,39.3002],[33.4595,39.3021],[33.4596,39.3084],[33.4562,39.3129],[33.451,39.3138],[33.449,39.318],[33.4432,39.3186],[33.4444,39.3239],[33.4481,39.3289],[33.4505,39.3284],[33.4533,39.3349],[33.4659,39.3407],[33.4563,39.3429],[33.4517,39.3498],[33.4542,39.3537],[33.4468,39.3533],[33.4389,39.3491],[33.4352,39.3549],[33.4324,39.3549],[33.425,39.352],[33.4219,39.3549],[33.4203,39.3612],[33.4113,39.3611],[33.4132,39.3648],[33.4063,39.3652],[33.4081,39.3693],[33.4082,39.3772],[33.4201,39.3785],[33.4212,39.3952],[33.4218,39.3965],[33.4368,39.4159],[33.4478,39.4308],[33.466,39.4301],[33.4867,39.4265],[33.5066,39.4175],[33.5155,39.4181],[33.5369,39.4255],[33.5592,39.4362],[33.5739,39.4459],[33.5865,39.4622],[33.6055,39.4732],[33.6218,39.4799],[33.6465,39.4849],[33.6608,39.4914],[33.6661,39.4946],[33.6715,39.5036],[33.6797,39.5105],[33.6875,39.5115],[33.703,39.4888],[33.7243,39.4688],[33.7311,39.4659],[33.7453,39.4713],[33.7563,39.4782],[33.7597,39.4859],[33.7747,39.5068],[33.7608,39.5106],[33.735,39.5121],[33.7299,39.5139],[33.7321,39.5282],[33.7381,39.5291],[33.7431,39.5277],[33.7482,39.5323],[33.7537,39.5357],[33.7597,39.5347],[33.7663,39.5363],[33.7721,39.5364],[33.7817,39.5433],[33.7868,39.5425],[33.7945,39.5505],[33.8012,39.5493],[33.8144,39.5568],[33.8141,39.5603],[33.8186,39.5601],[33.8265,39.5622],[33.8282,39.5656],[33.8328,39.5688],[33.8382,39.5705],[33.8426,39.5701],[33.8484,39.5746],[33.8551,39.5782],[33.8487,39.5827],[33.8431,39.5892],[33.8413,39.5958],[33.8527,39.6002],[33.863,39.6053],[33.8721,39.6167],[33.882,39.6308],[33.8933,39.642],[33.9067,39.6579],[33.9125,39.6606],[33.9207,39.6619],[33.9387,39.6627],[33.9434,39.6663],[33.9539,39.6714],[33.9544,39.6736],[33.9603,39.6762],[33.9625,39.6819],[33.9595,39.7003],[33.9579,39.7054],[33.9624,39.7123],[33.9683,39.7156],[33.9759,39.7175],[33.9769,39.7238],[33.9893,39.7296],[33.9949,39.7387],[33.9985,39.7422],[34.0084,39.748],[34.017,39.755],[34.0212,39.7565],[34.0264,39.7618],[34.0401,39.7672],[34.0441,39.7713],[34.0554,39.7735],[34.0627,39.7881],[34.0778,39.7892],[34.095,39.7898],[34.1034,39.7923],[34.1144,39.7924],[34.1178,39.793],[34.1244,39.7897],[34.1252,39.7933],[34.1302,39.7935],[34.1326,39.7917],[34.1439,39.79],[34.1559,39.792],[34.1559,39.7977],[34.1579,39.7988],[34.1696,39.7936],[34.1701,39.7975],[34.1762,39.7965],[34.1815,39.7976],[34.1855,39.793],[34.1844,39.7879],[34.2,39.7804],[34.2017,39.7751],[34.2057,39.7729],[34.199,39.7686],[34.2009,39.7652],[34.207,39.763],[34.2059,39.7555],[34.2098,39.7512],[34.216,39.7544],[34.2228,39.7507],[34.2286,39.7497],[34.2261,39.7466],[34.2298,39.7409],[34.2288,39.7384],[34.2333,39.7353],[34.2377,39.7358],[34.2409,39.7322],[34.2389,39.7298],[34.2451,39.7259],[34.2449,39.7226],[34.2511,39.7162],[34.2547,39.7162],[34.2583,39.7134],[34.2654,39.7121],[34.2709,39.7129],[34.278,39.7077],[34.283,39.7078],[34.2858,39.7026],[34.289,39.7004],[34.2924,39.6952],[34.2966,39.6984],[34.3023,39.6976],[34.3057,39.7002],[34.3137,39.699],[34.3161,39.6975],[34.3279,39.6961],[34.3328,39.6965],[34.3362,39.6949],[34.3388,39.698],[34.3566,39.6985],[34.3595,39.6948],[34.3641,39.6976],[34.3726,39.6972],[34.3759,39.6991],[34.3768,39.7028],[34.3814,39.7011],[34.3834,39.6977],[34.3886,39.6988],[34.3954,39.6923],[34.4069,39.6924],[34.406,39.6886],[34.4133,39.688],[34.4225,39.6856],[34.4255,39.6821],[34.4308,39.6826],[34.4386,39.6802],[34.4448,39.6735],[34.4469,39.6784],[34.4506,39.6798],[34.4556,39.6783],[34.4639,39.6785],[34.4683,39.6755],[34.4682,39.6652],[34.4664,39.6604],[34.4689,39.6566],[34.4662,39.654],[34.4478,39.6473],[34.4359,39.6468],[34.4261,39.6452],[34.4269,39.6377],[34.4536,39.6175],[34.4555,39.6144],[34.4664,39.6044],[34.4773,39.6011],[34.4775,39.5805],[34.4792,39.5772],[34.477,39.5738],[34.4833,39.5677],[34.4954,39.5697],[34.4979,39.5687],[34.4992,39.5638],[34.4996,39.5531],[34.4981,39.5428],[34.4941,39.5371],[34.4958,39.53],[34.4948,39.5213],[34.4967,39.5139],[34.4943,39.4963],[34.4977,39.4674],[34.5629,39.4401],[34.5969,39.4272],[34.5981,39.4183],[34.6067,39.4081],[34.6367,39.4146],[34.6623,39.4036],[34.6626,39.3915],[34.671,39.388],[34.6715,39.3836],[34.6596,39.3765],[34.6591,39.3725],[34.6548,39.3729],[34.6536,39.3691],[34.6366,39.3637],[34.6281,39.3595],[34.6272,39.3557],[34.621,39.3543],[34.5965,39.3404],[34.5903,39.3372],[34.5867,39.332],[34.5808,39.3294],[34.5897,39.3181],[34.5945,39.3224],[34.6022,39.3177],[34.6076,39.3177],[34.606,39.3127],[34.6105,39.3103],[34.6177,39.3116],[34.6234,39.31],[34.6376,39.3037],[34.65,39.3132],[34.6553,39.3135],[34.6597,39.3171],[34.6663,39.3146],[34.665,39.3097],[34.6742,39.3114],[34.6729,39.3063],[34.6752,39.3055],[34.6764,39.295],[34.676,39.2859],[34.68,39.28],[34.6896,39.2751],[34.6967,39.2737],[34.7048,39.2662],[34.702,39.2618],[34.7032,39.2586],[34.6915,39.254],[34.6892,39.2469],[34.6917,39.2418],[34.6947,39.2399],[34.6945,39.2368],[34.6904,39.2367],[34.6864,39.2442],[34.6818,39.2448],[34.6773,39.2416],[34.6694,39.2382],[34.6481,39.2362],[34.6423,39.2366],[34.6377,39.2322],[34.629,39.2287],[34.628,39.2218],[34.624,39.2195],[34.5941,39.2069],[34.5942,39.1999],[34.5912,39.1988],[34.5909,39.1857],[34.5868,39.1799],[34.6081,39.1788],[34.6155,39.1762],[34.6225,39.1701],[34.6305,39.1691],[34.6309,39.1667],[34.6236,39.1556],[34.6158,39.1535],[34.6108,39.1506],[34.6108,39.1481],[34.5929,39.1381],[34.5896,39.133],[34.5767,39.1352],[34.5727,39.1369],[34.5752,39.1403],[34.5605,39.145],[34.5609,39.1397],[34.5651,39.1391],[34.5652,39.134],[34.5772,39.1276],[34.5655,39.1271],[34.5677,39.1149],[34.5557,39.1075],[34.5505,39.1067],[34.5535,39.1031],[34.5597,39.1028],[34.5601,39.0988],[34.5501,39.0876],[34.5478,39.0891],[34.5444,39.0961],[34.5403,39.1002],[34.537,39.096],[34.5296,39.0955],[34.5343,39.0996],[34.5284,39.1023],[34.521,39.095],[34.5228,39.0926],[34.5231,39.0867],[34.5175,39.084],[34.5155,39.0803],[34.5212,39.0764],[34.5294,39.076],[34.5372,39.0733],[34.5489,39.0721],[34.5544,39.0698],[34.5734,39.0655],[34.574,39.0724],[34.5835,39.0777],[34.5955,39.0759],[34.5971,39.0773],[34.6095,39.0728],[34.6054,39.0646],[34.6255,39.061],[34.625,39.0546],[34.6276,39.0511],[34.6267,39.047],[34.628,39.0362],[34.6111,39.0288],[34.6008,39.0177],[34.6004,39.0145],[34.5679,39.0238],[34.5682,39.0319],[34.5722,39.0347],[34.5727,39.0393],[34.5696,39.0468],[34.5654,39.0485],[34.5624,39.0606],[34.5423,39.0625],[34.5397,39.0559],[34.5451,39.0559],[34.5436,39.0509],[34.5401,39.05],[34.5333,39.0391],[34.5304,39.0384],[34.5193,39.0321],[34.519,39.0296],[34.5224,39.0253],[34.5142,39.0169],[34.5118,39.0163],[34.5062,39.0093],[34.5014,39.0065],[34.4844,38.9994],[34.4736,38.9996],[34.4738,38.9978],[34.4827,38.9927],[34.4902,38.9833],[34.487,38.9787],[34.4764,38.981],[34.4738,38.9775],[34.4613,38.9779],[34.4582,38.9801],[34.4468,38.985],[34.4405,38.9788],[34.4436,38.9741],[34.4371,38.9687],[34.4377,38.9649],[34.4341,38.9543],[34.4376,38.9466],[34.4342,38.9415],[34.4337,38.9346],[34.4219,38.9337],[34.4151,38.9304],[34.4123,38.9233],[34.4123,38.9173],[34.4023,38.9064],[34.3964,38.8962],[34.3906,38.8823],[34.3836,38.8732],[34.3706,38.8596],[34.3637,38.8581],[34.3546,38.8492],[34.3502,38.848],[34.3479,38.8543],[34.3499,38.8594],[34.3432,38.8619],[34.3378,38.8626],[34.3357,38.8649],[34.3242,38.8723],[34.3215,38.8762],[34.308,38.8831],[34.3049,38.8927],[34.2809,38.9005],[34.2736,38.8986],[34.2701,38.8993],[34.2657,38.893],[34.2577,38.8909],[34.2528,38.8872],[34.2473,38.8802],[34.254,38.8786],[34.2514,38.8758],[34.2583,38.8735],[34.2537,38.869],[34.2549,38.8617],[34.2471,38.8582],[34.2388,38.8493],[34.2443,38.8392],[34.2439,38.8332],[34.2412,38.8325],[34.2243,38.825],[34.199,38.8215],[34.1791,38.8199],[34.1675,38.823],[34.1527,38.8312],[34.1304,38.8483],[34.1179,38.8574],[34.0804,38.8756],[34.0746,38.8816],[34.0716,38.895],[34.0706,38.903],[34.0612,38.9234],[34.0572,38.9353],[34.0514,38.946],[34.0441,38.954],[34.0355,38.9609],[34.0069,38.968],[33.9878,38.967],[33.9692,38.9745],[33.972,38.979],[33.981,38.9895],[33.9804,38.9937],[33.9779,38.9976],[34.0049,39.0274],[34.0082,39.0392],[33.9698,39.0314],[33.9598,39.0341],[33.9605,39.0467],[33.9479,39.0509],[33.898,39.0382],[33.8852,39.0279]]]}},{"type":"Feature","properties":{"name":"Kocaeli","number":41},"geometry":{"type":"Polygon","coordinates":[[[29.967,40.5514],[29.9532,40.547],[29.9467,40.5437],[29.9317,40.5393],[29.9053,40.5301],[29.9043,40.5324],[29.9033,40.5445],[29.9049,40.5521],[29.9084,40.5546],[29.9053,40.5569],[29.9083,40.5594],[29.9064,40.5649],[29.9021,40.568],[29.9026,40.5707],[29.8958,40.5741],[29.8917,40.5727],[29.8836,40.5732],[29.8746,40.5784],[29.8639,40.5831],[29.8584,40.5842],[29.8466,40.5845],[29.8396,40.5834],[29.8223,40.5843],[29.8194,40.5833],[29.8023,40.5865],[29.8013,40.588],[29.7929,40.5914],[29.7888,40.5918],[29.7765,40.596],[29.7738,40.5987],[29.7566,40.6019],[29.7406,40.6065],[29.7334,40.6098],[29.7262,40.6115],[29.7204,40.6105],[29.7148,40.612],[29.6994,40.6113],[29.6971,40.6067],[29.6826,40.6039],[29.6856,40.6007],[29.6864,40.5959],[29.6844,40.5902],[29.6787,40.5868],[29.6766,40.5836],[29.665,40.5777],[29.6598,40.5707],[29.6516,40.57],[29.6426,40.5648],[29.6433,40.5578],[29.6382,40.5546],[29.635,40.5566],[29.6273,40.547],[29.6207,40.5445],[29.6131,40.5447],[29.6104,40.5417],[29.5986,40.5412],[29.5945,40.5452],[29.59,40.5436],[29.5868,40.5396],[29.5796,40.5413],[29.5673,40.535],[29.5642,40.5392],[29.5612,40.5402],[29.5563,40.5376],[29.5576,40.5297],[29.5489,40.531],[29.5432,40.5341],[29.5411,40.5323],[29.5314,40.5326],[29.5242,40.5275],[29.5188,40.526],[29.5146,40.53],[29.5053,40.5308],[29.499,40.5272],[29.495,40.5305],[29.495,40.5361],[29.4933,40.5377],[29.4972,40.5424],[29.4935,40.5464],[29.4913,40.5553],[29.4843,40.5572],[29.4811,40.5612],[29.4818,40.564],[29.4839,40.5674],[29.4891,40.5698],[29.4942,40.5692],[29.4943,40.5722],[29.4989,40.5758],[29.4981,40.5801],[29.5015,40.5841],[29.4995,40.5899],[29.4945,40.5899],[29.4952,40.5951],[29.498,40.6042],[29.5018,40.6065],[29.5023,40.6173],[29.4981,40.6225],[29.4998,40.627],[29.4997,40.6351],[29.4977,40.64],[29.5002,40.6415],[29.4989,40.6457],[29.5069,40.6472],[29.5108,40.6499],[29.5188,40.651],[29.5322,40.656],[29.539,40.6563],[29.5358,40.6625],[29.5303,40.6662],[29.5391,40.6689],[29.5506,40.6756],[29.5505,40.6786],[29.5583,40.6866],[29.5651,40.6866],[29.5751,40.6893],[29.5863,40.6886],[29.5958,40.6923],[29.6006,40.692],[29.6129,40.6935],[29.6181,40.6963],[29.6306,40.6954],[29.6412,40.6956],[29.647,40.6967],[29.6556,40.702],[29.6614,40.7025],[29.667,40.7049],[29.6723,40.7029],[29.6781,40.7029],[29.6967,40.7079],[29.7023,40.7072],[29.7092,40.7091],[29.7128,40.7113],[29.7206,40.7104],[29.7322,40.713],[29.7439,40.7144],[29.7517,40.7178],[29.7581,40.7169],[29.7662,40.7186],[29.7767,40.7193],[29.7813,40.7222],[29.7911,40.722],[29.7954,40.7266],[29.8065,40.7288],[29.8137,40.726],[29.8197,40.7265],[29.824,40.7237],[29.832,40.7219],[29.8353,40.7238],[29.843,40.7258],[29.8476,40.7293],[29.8501,40.7281],[29.8597,40.7272],[29.868,40.7284],[29.8731,40.7242],[29.8756,40.7203],[29.8739,40.7167],[29.8817,40.7173],[29.8872,40.7145],[29.898,40.7175],[29.9048,40.714],[29.9107,40.7154],[29.9169,40.7144],[29.9208,40.7171],[29.9352,40.7184],[29.9374,40.7207],[29.9411,40.7298],[29.9394,40.7344],[29.9412,40.7396],[29.9396,40.7454],[29.942,40.7469],[29.9385,40.7544],[29.9267,40.7597],[29.9139,40.761],[29.9099,40.7593],[29.8962,40.7583],[29.8901,40.7598],[29.8813,40.7599],[29.8776,40.7581],[29.8703,40.7572],[29.866,40.7579],[29.863,40.7543],[29.857,40.7532],[29.8541,40.7503],[29.8466,40.7506],[29.8453,40.752],[29.8371,40.7521],[29.8312,40.7476],[29.8274,40.7473],[29.8222,40.7501],[29.8027,40.7485],[29.7965,40.7434],[29.7911,40.7456],[29.7874,40.7446],[29.7832,40.7407],[29.779,40.7421],[29.7693,40.7429],[29.7611,40.7483],[29.757,40.7566],[29.7517,40.7602],[29.7449,40.7588],[29.742,40.762],[29.7487,40.7639],[29.7425,40.7682],[29.7302,40.7718],[29.7211,40.7703],[29.7139,40.7747],[29.7067,40.7743],[29.706,40.7764],[29.699,40.7756],[29.6939,40.7773],[29.6849,40.7785],[29.68,40.7772],[29.6698,40.7784],[29.663,40.7777],[29.647,40.7774],[29.6391,40.7756],[29.6306,40.7772],[29.6258,40.7813],[29.6174,40.7837],[29.6109,40.7823],[29.6048,40.7791],[29.5999,40.778],[29.5929,40.7742],[29.5832,40.771],[29.5792,40.7686],[29.5673,40.7676],[29.5559,40.7719],[29.5519,40.7721],[29.5432,40.7686],[29.5345,40.767],[29.5342,40.7637],[29.5283,40.7636],[29.5275,40.7666],[29.5159,40.7669],[29.5113,40.7724],[29.5024,40.7798],[29.4966,40.779],[29.4905,40.7806],[29.4837,40.7776],[29.4736,40.7757],[29.4686,40.7716],[29.4629,40.7725],[29.4611,40.7709],[29.4519,40.7687],[29.4448,40.7689],[29.4394,40.7715],[29.4268,40.769],[29.4218,40.7655],[29.4162,40.7655],[29.4047,40.7607],[29.3963,40.7555],[29.389,40.7532],[29.3729,40.7572],[29.3681,40.7564],[29.3628,40.7582],[29.3545,40.7554],[29.3524,40.7598],[29.3513,40.7665],[29.3533,40.7744],[29.3508,40.7811],[29.3475,40.7857],[29.3444,40.7874],[29.3405,40.7849],[29.3354,40.7861],[29.337,40.7929],[29.3482,40.7913],[29.3489,40.7961],[29.3454,40.7965],[29.3471,40.8015],[29.3435,40.8076],[29.34,40.8107],[29.3486,40.8229],[29.3503,40.8242],[29.3567,40.821],[29.3623,40.8164],[29.3642,40.819],[29.3641,40.8272],[29.3698,40.834],[29.3712,40.8379],[29.3683,40.84],[29.3624,40.8513],[29.3662,40.8559],[29.367,40.8625],[29.3712,40.864],[29.3727,40.8669],[29.3801,40.8721],[29.3966,40.8763],[29.4013,40.8791],[29.4069,40.8801],[29.4137,40.879],[29.4145,40.887],[29.416,40.8891],[29.4151,40.8954],[29.4161,40.8978],[29.4223,40.8992],[29.4345,40.8992],[29.4422,40.9005],[29.4469,40.9055],[29.4493,40.9061],[29.4562,40.9123],[29.4526,40.917],[29.4481,40.9154],[29.4443,40.9163],[29.4423,40.9201],[29.442,40.9336],[29.4374,40.938],[29.4437,40.9439],[29.452,40.9475],[29.4563,40.9523],[29.4603,40.9532],[29.4633,40.951],[29.47,40.9517],[29.4748,40.9588],[29.4792,40.9577],[29.4792,40.9618],[29.4844,40.9639],[29.485,40.9683],[29.4819,40.97],[29.485,40.975],[29.4897,40.9768],[29.4997,40.9846],[29.5009,40.9867],[29.5065,40.9881],[29.5052,41.0002],[29.5026,41.0004],[29.4929,41.0083],[29.4936,41.0127],[29.4997,41.0172],[29.5008,41.0225],[29.4998,41.0262],[29.5018,41.0315],[29.5079,41.0362],[29.5099,41.0417],[29.5175,41.044],[29.5272,41.0362],[29.5373,41.0331],[29.5386,41.0368],[29.5468,41.037],[29.5508,41.0354],[29.5535,41.0389],[29.5581,41.0392],[29.5666,41.0346],[29.5735,41.0327],[29.5906,41.0309],[29.5978,41.0285],[29.5988,41.0253],[29.5972,41.0205],[29.6019,41.0125],[29.6003,41.0109],[29.602,41.0051],[29.6102,41.0064],[29.6112,41.0004],[29.6104,40.9925],[29.6069,40.9908],[29.6049,40.9862],[29.6069,40.9813],[29.6143,40.98],[29.621,40.9762],[29.6336,40.971],[29.642,40.9709],[29.6546,40.9681],[29.6556,40.9641],[29.6671,40.9634],[29.6688,40.965],[29.6767,40.9644],[29.6835,40.97],[29.6838,40.9771],[29.691,40.982],[29.692,40.9888],[29.7008,40.99],[29.7031,40.9947],[29.7121,41.0011],[29.7181,41.0029],[29.7195,41.0077],[29.7142,41.0112],[29.7091,41.0117],[29.7046,41.0161],[29.7022,41.0163],[29.6964,41.0226],[29.7005,41.0282],[29.7058,41.0286],[29.7073,41.032],[29.7171,41.0297],[29.7214,41.0312],[29.7268,41.0354],[29.7298,41.0411],[29.736,41.0413],[29.7363,41.0371],[29.745,41.0348],[29.7506,41.032],[29.7537,41.0277],[29.7646,41.0268],[29.7712,41.0252],[29.7784,41.0274],[29.785,41.0239],[29.7857,41.0215],[29.7915,41.0192],[29.8003,41.0207],[29.81,41.019],[29.8138,41.0146],[29.8193,41.015],[29.8228,41.0132],[29.832,41.0147],[29.8395,41.0184],[29.8453,41.0202],[29.8546,41.0284],[29.8622,41.0309],[29.8638,41.0355],[29.8708,41.0411],[29.8792,41.0407],[29.8804,41.042],[29.8804,41.0512],[29.8825,41.056],[29.887,41.0582],[29.8871,41.0632],[29.8928,41.0639],[29.8927,41.0708],[29.8889,41.0757],[29.8876,41.0802],[29.8926,41.0857],[29.8915,41.093],[29.9003,41.0909],[29.903,41.0916],[29.9086,41.089],[29.929,41.0877],[29.9439,41.085],[29.9455,41.0827],[29.9542,41.0821],[29.9578,41.0866],[29.9561,41.0894],[29.9586,41.0923],[29.955,41.0987],[29.949,41.0999],[29.9436,41.0975],[29.9358,41.0984],[29.9285,41.097],[29.9266,41.0986],[29.9184,41.0992],[29.913,41.1077],[29.9157,41.11],[29.9139,41.115],[29.9095,41.121],[29.9146,41.1259],[29.9151,41.136],[29.9141,41.1403],[29.9182,41.1415],[29.9241,41.1423],[29.9291,41.1408],[29.9406,41.1407],[29.946,41.1385],[29.9487,41.1399],[29.9617,41.138],[29.9668,41.1406],[29.9705,41.1405],[29.9794,41.1345],[29.9835,41.1366],[29.9885,41.1345],[29.9931,41.1355],[29.9971,41.1383],[30.0052,41.1362],[30.008,41.1385],[30.0148,41.1378],[30.0207,41.1346],[30.0223,41.1382],[30.0306,41.1398],[30.0406,41.1368],[30.0487,41.1369],[30.0535,41.1381],[30.0629,41.1371],[30.066,41.1353],[30.0737,41.1339],[30.077,41.1352],[30.0775,41.1393],[30.0845,41.1398],[30.088,41.1382],[30.0993,41.1385],[30.0998,41.1357],[30.1056,41.1369],[30.1104,41.1416],[30.1178,41.1432],[30.1283,41.1422],[30.1403,41.1425],[30.1452,41.1397],[30.1551,41.1388],[30.168,41.1445],[30.1767,41.1457],[30.1798,41.1487],[30.191,41.146],[30.1971,41.1534],[30.1954,41.158],[30.1916,41.1607],[30.1976,41.1625],[30.2059,41.1609],[30.2088,41.1635],[30.2124,41.1605],[30.219,41.1584],[30.2237,41.1608],[30.2273,41.1648],[30.2241,41.1685],[30.2257,41.1706],[30.2204,41.1727],[30.2211,41.1766],[30.2316,41.176],[30.2334,41.178],[30.2301,41.1843],[30.2303,41.1882],[30.236,41.1886],[30.2416,41.1866],[30.247,41.1875],[30.2559,41.1911],[30.2576,41.1947],[30.262,41.1987],[30.2645,41.2072],[30.2683,41.2094],[30.2738,41.2084],[30.2797,41.2042],[30.2946,41.2005],[30.3066,41.2008],[30.3121,41.199],[30.3213,41.1983],[30.3242,41.201],[30.3304,41.2008],[30.3302,41.1972],[30.3329,41.1949],[30.3423,41.1914],[30.3491,41.1928],[30.3495,41.1881],[30.3523,41.1853],[30.3671,41.1792],[30.3625,41.1745],[30.3658,41.1711],[30.3657,41.1684],[30.3559,41.165],[30.3488,41.1654],[30.3397,41.1621],[30.3322,41.1556],[30.3259,41.1428],[30.3272,41.1386],[30.3234,41.1229],[30.3126,41.1169],[30.3108,41.114],[30.3066,41.1125],[30.3058,41.1093],[30.2956,41.1028],[30.2913,41.0976],[30.2871,41.0947],[30.2816,41.089],[30.2717,41.0906],[30.2625,41.0898],[30.262,41.0864],[30.2578,41.0853],[30.2467,41.0848],[30.244,41.0822],[30.2483,41.0719],[30.2522,41.0681],[30.2563,41.0542],[30.2662,41.051],[30.2645,41.0481],[30.2573,41.0467],[30.2596,41.0408],[30.2586,41.0388],[30.2509,41.0374],[30.2497,41.0311],[30.2428,41.0281],[30.2369,41.0232],[30.2352,41.0196],[30.2269,41.0153],[30.2291,41.0131],[30.2367,41.001],[30.2385,40.9963],[30.2356,40.9929],[30.2379,40.9902],[30.2366,40.9809],[30.2439,40.9775],[30.2482,40.9779],[30.251,40.9829],[30.2606,40.987],[30.2606,40.9783],[30.2671,40.9757],[30.2677,40.9708],[30.272,40.9717],[30.2757,40.9685],[30.2773,40.9647],[30.2766,40.9597],[30.2808,40.9572],[30.288,40.9589],[30.2905,40.9556],[30.2854,40.9526],[30.2809,40.9461],[30.2772,40.9382],[30.2851,40.9343],[30.289,40.931],[30.2788,40.925],[30.275,40.9189],[30.2806,40.9177],[30.2824,40.9122],[30.2891,40.9119],[30.2917,40.9082],[30.2903,40.905],[30.2864,40.9054],[30.2834,40.9003],[30.2824,40.8936],[30.2709,40.8974],[30.2666,40.9031],[30.2629,40.9059],[30.2515,40.908],[30.2404,40.9056],[30.2346,40.9013],[30.2332,40.8967],[30.2404,40.8942],[30.2503,40.8921],[30.2569,40.8884],[30.2597,40.8828],[30.2577,40.8798],[30.2621,40.8725],[30.2647,40.8712],[30.2675,40.866],[30.2622,40.8613],[30.2549,40.8596],[30.2527,40.8576],[30.2566,40.8536],[30.2555,40.847],[30.2481,40.8445],[30.2436,40.8447],[30.2351,40.8477],[30.2291,40.8478],[30.2299,40.8384],[30.2252,40.8357],[30.2208,40.828],[30.2172,40.8277],[30.2153,40.8207],[30.2176,40.8186],[30.2171,40.8126],[30.2251,40.8051],[30.2182,40.7981],[30.2169,40.7947],[30.2191,40.7906],[30.2266,40.7846],[30.233,40.7825],[30.237,40.7828],[30.2382,40.7797],[30.2433,40.774],[30.2455,40.7677],[30.2415,40.7621],[30.2446,40.7601],[30.2421,40.7572],[30.2436,40.749],[30.2538,40.7397],[30.2517,40.7265],[30.1849,40.7153],[30.1756,40.7135],[30.1561,40.7115],[30.1552,40.7061],[30.1611,40.698],[30.1601,40.6871],[30.1583,40.6841],[30.16,40.6758],[30.1582,40.6727],[30.1552,40.6626],[30.1522,40.6567],[30.1461,40.651],[30.1436,40.6425],[30.1369,40.636],[30.1358,40.6295],[30.1262,40.622],[30.1226,40.6153],[30.1172,40.6154],[30.1152,40.6079],[30.1089,40.6054],[30.1025,40.6015],[30.094,40.6004],[30.0747,40.5953],[30.0616,40.5925],[30.0534,40.5936],[30.0466,40.5899],[30.0428,40.5833],[30.0382,40.5781],[30.031,40.5748],[30.0115,40.5699],[29.9952,40.5646],[29.9821,40.5572],[29.967,40.5514]]]}},{"type":"Feature","properties":{"name":"Konya","number":42},"geometry":{"type":"Polygon","coordinates":[[[31.2586,38.3769],[31.2672,38.3785],[31.2721,38.3857],[31.2741,38.3992],[31.2735,38.4218],[31.2759,38.4282],[31.2825,38.4333],[31.3019,38.4395],[31.3022,38.445],[31.3048,38.452],[31.3051,38.456],[31.3097,38.4636],[31.3175,38.4691],[31.3222,38.4877],[31.3422,38.5036],[31.4429,38.5463],[31.4809,38.5683],[31.5333,38.6047],[31.5447,38.6101],[31.5556,38.6163],[31.5647,38.6258],[31.5778,38.6422],[31.5791,38.6502],[31.5748,38.6625],[31.5693,38.6707],[31.5479,38.6801],[31.5408,38.6876],[31.5412,38.7011],[31.5406,38.7211],[31.5436,38.7273],[31.5592,38.7347],[31.572,38.7458],[31.5787,38.7614],[31.5912,38.7761],[31.6097,38.792],[31.6169,38.8109],[31.6186,38.8192],[31.6209,38.8365],[31.6162,38.85],[31.6034,38.8601],[31.5998,38.8569],[31.5853,38.8555],[31.5821,38.8612],[31.5644,38.8587],[31.5706,38.8641],[31.5833,38.8832],[31.5902,38.8908],[31.5987,38.8973],[31.5974,38.9014],[31.606,38.9056],[31.6093,38.905],[31.6096,38.9123],[31.6147,38.9104],[31.621,38.9202],[31.6191,38.9341],[31.6189,38.9435],[31.617,38.9525],[31.6087,38.9597],[31.6071,38.9687],[31.6137,38.972],[31.6235,38.969],[31.6243,38.9738],[31.6397,38.9684],[31.6474,38.9701],[31.6623,38.97],[31.6687,38.9761],[31.6738,38.9838],[31.6869,38.9796],[31.6823,38.9763],[31.6812,38.9693],[31.6917,38.9636],[31.6992,38.9621],[31.706,38.9583],[31.7071,38.9605],[31.7164,38.9665],[31.7194,38.9658],[31.7238,38.9692],[31.7293,38.9713],[31.728,38.98],[31.7289,38.984],[31.732,38.9848],[31.7278,38.9926],[31.7188,38.9953],[31.7165,39.0003],[31.705,39.0008],[31.7026,39.0032],[31.6973,39.0022],[31.6871,39.0109],[31.6826,39.0154],[31.6796,39.0162],[31.6764,39.0199],[31.6688,39.0214],[31.6619,39.0163],[31.6487,39.016],[31.6458,39.0176],[31.6405,39.0171],[31.6377,39.0148],[31.6383,39.0119],[31.6311,39.0115],[31.6067,39.0132],[31.6067,39.0161],[31.596,39.0165],[31.5926,39.0211],[31.5897,39.0299],[31.5898,39.0335],[31.5925,39.0433],[31.6112,39.0469],[31.6219,39.0485],[31.6253,39.0521],[31.6328,39.0536],[31.6429,39.0541],[31.644,39.0572],[31.6562,39.0584],[31.6597,39.0575],[31.6625,39.0634],[31.6773,39.0528],[31.6796,39.0528],[31.6857,39.0592],[31.7109,39.0526],[31.7131,39.0543],[31.7243,39.0558],[31.7277,39.0551],[31.7313,39.0599],[31.7363,39.06],[31.7389,39.065],[31.7434,39.0655],[31.7493,39.0762],[31.7542,39.0911],[31.7537,39.0974],[31.7643,39.1003],[31.7702,39.1062],[31.7719,39.114],[31.786,39.1204],[31.7897,39.1186],[31.7932,39.1199],[31.8017,39.1314],[31.8099,39.1308],[31.8146,39.1327],[31.8307,39.1356],[31.8392,39.1342],[31.8435,39.1422],[31.8457,39.1466],[31.8516,39.1454],[31.8464,39.14],[31.8592,39.1427],[31.8614,39.1384],[31.8651,39.1391],[31.8772,39.1333],[31.8802,39.1308],[31.8886,39.127],[31.8952,39.1258],[31.8885,39.1192],[31.9041,39.1103],[31.9065,39.0993],[31.9099,39.0974],[31.9105,39.0917],[31.9125,39.0894],[31.9242,39.089],[31.9233,39.0841],[31.9288,39.0787],[31.9228,39.0765],[31.9227,39.0716],[31.9385,39.0744],[31.9418,39.0668],[31.9423,39.06],[31.9387,39.0545],[31.9379,39.0446],[31.9298,39.0325],[31.9281,39.0311],[31.9301,39.0246],[31.9483,39.0077],[31.9545,39.0053],[31.9611,39.0013],[31.9833,38.9971],[31.9923,38.9947],[31.9921,38.9869],[32.0005,38.9812],[32.0139,38.974],[32.0281,38.9732],[32.0338,38.9718],[32.0417,38.967],[32.0456,38.9667],[32.066,38.961],[32.0744,38.9576],[32.0841,38.9583],[32.0943,38.9601],[32.1093,38.9472],[32.1097,38.9555],[32.1318,38.9551],[32.1353,38.9908],[32.1289,38.9915],[32.129,39.0024],[32.1247,39.0025],[32.1184,39.0231],[32.1256,39.0239],[32.1263,39.0174],[32.1297,39.0141],[32.1303,39.0102],[32.1479,39.0133],[32.145,39.0285],[32.1595,39.0296],[32.1678,39.0309],[32.1735,39.0303],[32.1749,39.0283],[32.1743,39.0223],[32.1692,39.0225],[32.1698,39.0127],[32.182,39.0144],[32.1814,39.0163],[32.2033,39.0126],[32.2103,39.0126],[32.2163,39.0108],[32.22,38.9956],[32.22,38.9902],[32.2229,38.9868],[32.2299,38.9866],[32.2321,38.9906],[32.2454,38.987],[32.2521,38.9874],[32.2548,38.9889],[32.2529,38.9939],[32.2686,38.9947],[32.2739,38.999],[32.2765,38.9992],[32.2874,39.0044],[32.2938,39.0102],[32.3003,39.0108],[32.3062,39.0145],[32.3104,39.0121],[32.3123,39.0146],[32.3101,39.0179],[32.32,39.0315],[32.3228,39.0257],[32.3267,39.0221],[32.3343,39.0215],[32.3669,39.0267],[32.3687,39.0047],[32.3729,38.9997],[32.3801,39.001],[32.3827,38.9984],[32.4013,38.9723],[32.4047,38.9701],[32.4195,38.9673],[32.424,38.9651],[32.4345,38.9561],[32.4382,38.9541],[32.4457,38.9575],[32.4491,38.9605],[32.4486,38.9688],[32.451,38.9699],[32.4643,38.9714],[32.4726,38.9772],[32.4937,38.9905],[32.4934,38.9919],[32.5097,39.006],[32.5137,39.0311],[32.5104,39.0368],[32.5162,39.038],[32.5205,39.0404],[32.5241,39.038],[32.5285,39.0389],[32.5319,39.0361],[32.5389,39.0426],[32.5422,39.0427],[32.5457,39.0386],[32.5514,39.0395],[32.5632,39.0337],[32.5657,39.0289],[32.5662,39.0226],[32.5698,39.0215],[32.5741,39.0228],[32.583,39.0228],[32.585,39.0198],[32.5968,39.0205],[32.5998,39.0243],[32.5963,39.0259],[32.6041,39.0315],[32.6019,39.0335],[32.6051,39.0376],[32.61,39.0479],[32.6165,39.048],[32.6172,39.0524],[32.6109,39.0515],[32.6103,39.054],[32.614,39.0607],[32.6183,39.0708],[32.6254,39.075],[32.6168,39.0881],[32.6245,39.087],[32.6236,39.0913],[32.6201,39.0981],[32.6285,39.1002],[32.637,39.1038],[32.6398,39.1008],[32.6489,39.1092],[32.6505,39.1042],[32.653,39.1026],[32.676,39.1044],[32.6887,39.1046],[32.6895,39.1102],[32.6951,39.1117],[32.7114,39.1121],[32.7155,39.1116],[32.7277,39.1173],[32.7329,39.119],[32.7476,39.1153],[32.752,39.1149],[32.7622,39.1166],[32.7714,39.1201],[32.7731,39.1183],[32.7793,39.1223],[32.7841,39.1226],[32.7842,39.1262],[32.793,39.1259],[32.7948,39.1329],[32.799,39.1394],[32.8036,39.1431],[32.8038,39.1455],[32.7991,39.1487],[32.7982,39.1516],[32.7939,39.155],[32.7993,39.1584],[32.8117,39.1588],[32.8156,39.1606],[32.8168,39.1654],[32.8108,39.1648],[32.8103,39.1699],[32.8175,39.1681],[32.8207,39.1717],[32.828,39.1771],[32.8357,39.1784],[32.8387,39.184],[32.8423,39.1861],[32.8393,39.1905],[32.832,39.1883],[32.8194,39.1904],[32.811,39.1938],[32.8053,39.1981],[32.8039,39.2067],[32.8004,39.2069],[32.7994,39.2102],[32.7916,39.2065],[32.7841,39.2055],[32.7825,39.21],[32.789,39.2091],[32.7947,39.2108],[32.7979,39.217],[32.797,39.2259],[32.7933,39.2263],[32.7868,39.2245],[32.783,39.2259],[32.7828,39.2336],[32.7868,39.2352],[32.7916,39.2419],[32.797,39.2457],[32.8125,39.2487],[32.8332,39.252],[32.8388,39.2604],[32.8578,39.2577],[32.8624,39.258],[32.8689,39.2543],[32.879,39.2623],[32.8796,39.2643],[32.8893,39.2721],[32.8982,39.2703],[32.9009,39.2617],[32.8986,39.2516],[32.8992,39.2318],[32.903,39.2278],[32.9087,39.2291],[32.9082,39.2334],[32.9123,39.2331],[32.92,39.2369],[32.9245,39.2366],[32.9306,39.2394],[32.9227,39.2409],[32.9174,39.2408],[32.9185,39.2444],[32.9256,39.245],[32.9278,39.2541],[32.9357,39.2594],[32.9426,39.2692],[32.9471,39.2719],[32.9499,39.2764],[32.9483,39.2816],[32.9556,39.2846],[32.9622,39.2841],[32.9683,39.2896],[32.9749,39.2916],[32.9797,39.2887],[32.9807,39.2861],[32.9881,39.2812],[32.9916,39.281],[33.0004,39.2761],[33.0045,39.2747],[33.0115,39.2777],[33.0303,39.2778],[33.0328,39.2708],[33.0313,39.2674],[33.0268,39.2626],[33.0278,39.26],[33.0252,39.2551],[33.0224,39.2543],[33.023,39.2489],[33.009,39.2438],[33.0035,39.2395],[33.0054,39.2348],[33.0018,39.2326],[33.0041,39.2279],[33.0033,39.2229],[33.0065,39.2166],[32.9994,39.2123],[33.0083,39.2076],[33.0091,39.2027],[33.0181,39.1997],[33.023,39.1959],[33.026,39.1968],[33.0422,39.2057],[33.0515,39.2072],[33.0571,39.2093],[33.0637,39.2084],[33.0666,39.2105],[33.0685,39.2149],[33.0729,39.2183],[33.0707,39.2225],[33.0741,39.2254],[33.0785,39.2319],[33.0836,39.2348],[33.0922,39.2417],[33.1007,39.2424],[33.1034,39.2411],[33.1096,39.2462],[33.1164,39.248],[33.1167,39.2513],[33.1205,39.2559],[33.1179,39.2587],[33.1246,39.2632],[33.1308,39.2701],[33.1315,39.2768],[33.1369,39.2826],[33.1471,39.2823],[33.1504,39.2797],[33.1571,39.2816],[33.1607,39.2901],[33.1573,39.2987],[33.1602,39.3009],[33.1594,39.3046],[33.1638,39.3049],[33.1621,39.3001],[33.1649,39.2976],[33.1727,39.2941],[33.1794,39.2937],[33.1826,39.2947],[33.1876,39.2888],[33.1878,39.2826],[33.192,39.2732],[33.1922,39.2681],[33.2015,39.2606],[33.1943,39.2595],[33.1914,39.2543],[33.1936,39.2497],[33.1931,39.2458],[33.196,39.2398],[33.195,39.237],[33.1863,39.2391],[33.1763,39.2394],[33.173,39.2404],[33.1666,39.2396],[33.1585,39.2345],[33.1608,39.2277],[33.1617,39.2182],[33.1577,39.2147],[33.1605,39.213],[33.1531,39.2049],[33.1535,39.2015],[33.1478,39.1967],[33.1395,39.1827],[33.1231,39.1839],[33.1227,39.1751],[33.1311,39.1745],[33.1289,39.1701],[33.1348,39.1704],[33.139,39.1608],[33.1414,39.1609],[33.1432,39.1527],[33.15,39.1432],[33.1621,39.1374],[33.1715,39.1277],[33.1856,39.1209],[33.2088,39.1182],[33.2122,39.117],[33.2139,39.1098],[33.2201,39.0982],[33.2264,39.0894],[33.2336,39.0825],[33.2498,39.0812],[33.2554,39.0814],[33.2566,39.0773],[33.269,39.0773],[33.2712,39.0726],[33.2853,39.0748],[33.2918,39.0741],[33.2944,39.0789],[33.3056,39.0742],[33.3085,39.0745],[33.3143,39.078],[33.3193,39.079],[33.3253,39.087],[33.3229,39.0901],[33.3229,39.0953],[33.3157,39.1001],[33.3068,39.1005],[33.2996,39.1052],[33.3107,39.103],[33.341,39.0941],[33.3722,39.0597],[33.3897,39.0312],[33.3926,39.0119],[33.3931,38.9828],[33.3938,38.9691],[33.3878,38.9407],[33.3742,38.9053],[33.3443,38.865],[33.3383,38.8256],[33.3267,38.7466],[33.3284,38.7453],[33.324,38.7068],[33.3237,38.6619],[33.3241,38.606],[33.3208,38.56],[33.3173,38.5329],[33.3093,38.5078],[33.2922,38.4865],[33.2762,38.4691],[33.2528,38.448],[33.2401,38.4249],[33.2324,38.3848],[33.2248,38.3746],[33.2177,38.3586],[33.2106,38.345],[33.2089,38.3199],[33.2032,38.3125],[33.1788,38.2973],[33.1719,38.284],[33.1712,38.2729],[33.1827,38.2555],[33.1939,38.2481],[33.2021,38.2437],[33.2104,38.2455],[33.2466,38.2556],[33.2628,38.2527],[33.2688,38.2437],[33.2677,38.2219],[33.2716,38.2081],[33.2869,38.1886],[33.2915,38.1721],[33.2909,38.1601],[33.2871,38.1384],[33.2881,38.1259],[33.3051,38.1031],[33.3143,38.094],[33.3161,38.0788],[33.3096,38.0621],[33.2892,38.0329],[33.2892,38.0203],[33.2962,38.0093],[33.3051,38.0105],[33.3156,38.0239],[33.3217,38.0387],[33.3364,38.0491],[33.3518,38.0458],[33.3698,38.0433],[33.3832,38.0357],[33.3974,38.0292],[33.4102,37.9941],[33.4227,37.9828],[33.4314,37.9846],[33.4518,37.9799],[33.5007,37.9812],[33.5377,37.9881],[33.5729,37.9933],[33.58,38.0045],[33.5747,38.0162],[33.5568,38.032],[33.5468,38.0552],[33.5527,38.0635],[33.57,38.0754],[33.6014,38.0875],[33.6826,38.1018],[33.7025,38.1035],[33.729,38.0984],[33.7435,38.0868],[33.7629,38.0762],[33.779,38.0708],[33.794,38.0733],[33.8158,38.0794],[33.8337,38.0915],[33.8418,38.1075],[33.8493,38.1151],[33.87,38.1202],[33.9135,38.1236],[33.9521,38.1253],[33.9699,38.1217],[33.9811,38.1145],[33.9881,38.1041],[33.9975,38.0815],[34.018,38.0728],[34.0387,38.069],[34.0607,38.0614],[34.0526,38.055],[34.0585,38.0484],[34.0702,38.0395],[34.0608,38.0275],[34.0521,38.0218],[34.0385,38.021],[34.0135,38.0184],[34.0018,38.0131],[33.984,38.0058],[33.9755,37.9961],[33.9773,37.9861],[33.981,37.9756],[33.9943,37.9629],[34.0206,37.9606],[34.0604,37.968],[34.0829,37.9709],[34.109,37.9623],[34.1232,37.9552],[34.1327,37.9415],[34.1405,37.9267],[34.154,37.9153],[34.1687,37.9039],[34.1988,37.8739],[34.2104,37.8691],[34.2404,37.8694],[34.2568,37.8656],[34.2878,37.8465],[34.3062,37.8199],[34.3297,37.7934],[34.3508,37.7649],[34.3767,37.7136],[34.38,37.698],[34.3788,37.6854],[34.3762,37.6735],[34.3674,37.6595],[34.3509,37.6436],[34.3318,37.6274],[34.3136,37.6133],[34.2972,37.5977],[34.2954,37.5852],[34.2972,37.5754],[34.3066,37.5499],[34.3093,37.5364],[34.306,37.5219],[34.3065,37.5059],[34.3083,37.4958],[34.3138,37.4872],[34.3202,37.4824],[34.338,37.4664],[34.3608,37.4542],[34.3753,37.4502],[34.3952,37.436],[34.402,37.4247],[34.402,37.4125],[34.4061,37.3995],[34.4064,37.3908],[34.4107,37.3827],[34.4137,37.3645],[34.4365,37.3314],[34.4311,37.3071],[34.3838,37.3316],[34.3643,37.3277],[34.345,37.3265],[34.3162,37.3034],[34.2981,37.2814],[34.2782,37.2642],[34.2607,37.2471],[34.2592,37.2467],[34.2265,37.2781],[34.2122,37.2923],[34.1802,37.3254],[34.1724,37.3336],[34.1239,37.3523],[34.0636,37.349],[34.0297,37.3534],[33.9992,37.387],[34.0176,37.4226],[34.0143,37.4246],[34.009,37.4219],[34,37.419],[33.9907,37.419],[33.9851,37.4216],[33.9663,37.4271],[33.9491,37.4296],[33.9504,37.4251],[33.9496,37.4184],[33.9468,37.4166],[33.9462,37.4119],[33.9469,37.403],[33.9422,37.3996],[33.9343,37.4005],[33.9341,37.4117],[33.9244,37.4172],[33.9046,37.4369],[33.9055,37.4474],[33.9036,37.4475],[33.8883,37.4538],[33.8863,37.4577],[33.8972,37.4579],[33.9091,37.4604],[33.9078,37.4637],[33.904,37.4657],[33.896,37.4649],[33.8901,37.4661],[33.8855,37.4652],[33.8831,37.4681],[33.8796,37.4663],[33.8599,37.4704],[33.8388,37.4735],[33.8285,37.4738],[33.823,37.4762],[33.8206,37.4738],[33.8141,37.4732],[33.8099,37.4745],[33.7958,37.4754],[33.7914,37.4771],[33.786,37.4809],[33.779,37.4835],[33.7648,37.487],[33.7525,37.4883],[33.7496,37.4903],[33.7528,37.5436],[33.7586,37.5617],[33.7555,37.561],[33.6993,37.5451],[33.6696,37.5431],[33.626,37.5291],[33.5752,37.5153],[33.5349,37.5007],[33.4333,37.4769],[33.3683,37.4668],[33.3324,37.4619],[33.3126,37.4728],[33.287,37.4954],[33.2582,37.5038],[33.2108,37.5365],[33.1843,37.5384],[33.1644,37.5352],[33.123,37.5022],[33.0971,37.4927],[33.0146,37.4641],[32.9993,37.4506],[32.9699,37.4143],[32.9232,37.3928],[32.8265,37.328],[32.8096,37.3122],[32.8133,37.255],[32.7793,37.2017],[32.7742,37.1809],[32.7797,37.159],[32.8068,37.1358],[32.7971,37.1057],[32.8005,37.0745],[32.7854,37.0627],[32.7785,37.0586],[32.7759,37.0456],[32.7667,37.0485],[32.7619,37.0514],[32.7503,37.0508],[32.7646,37.0398],[32.795,37.0057],[32.8058,36.9838],[32.8113,36.9783],[32.8084,36.9655],[32.8045,36.9534],[32.8007,36.9142],[32.8041,36.8918],[32.7913,36.8751],[32.7837,36.859],[32.783,36.8475],[32.783,36.8345],[32.7697,36.8269],[32.7529,36.8162],[32.7402,36.8275],[32.7164,36.8369],[32.6937,36.8466],[32.6748,36.8463],[32.6475,36.8424],[32.6293,36.8474],[32.6198,36.8574],[32.6043,36.8597],[32.5971,36.8569],[32.5853,36.8465],[32.5717,36.847],[32.5283,36.8746],[32.5127,36.8678],[32.5144,36.8457],[32.5109,36.8309],[32.5165,36.8195],[32.5444,36.8045],[32.5533,36.798],[32.5522,36.7893],[32.5342,36.771],[32.5084,36.7514],[32.4867,36.7562],[32.4698,36.7532],[32.4649,36.7574],[32.4428,36.7735],[32.4344,36.7786],[32.4111,36.7892],[32.3959,36.7969],[32.3657,36.8074],[32.3492,36.8155],[32.334,36.8294],[32.3193,36.8492],[32.3004,36.8823],[32.2865,36.8988],[32.271,36.9163],[32.2363,36.9457],[32.2,36.9723],[32.1814,36.9873],[32.1387,37.0107],[32.0984,37.0256],[32.0626,37.0416],[32.0373,37.0623],[32.0226,37.0791],[31.9842,37.1025],[31.9652,37.1159],[31.9476,37.1361],[31.9324,37.1669],[31.9233,37.2018],[31.9386,37.2222],[31.926,37.2354],[31.9105,37.2479],[31.8894,37.2522],[31.863,37.2817],[31.842,37.2904],[31.842,37.3017],[31.8142,37.3112],[31.7829,37.329],[31.7719,37.3368],[31.77,37.3459],[31.7733,37.352],[31.7663,37.3582],[31.77,37.364],[31.769,37.37],[31.7518,37.3703],[31.7398,37.3696],[31.7346,37.3729],[31.7273,37.3726],[31.7243,37.368],[31.7195,37.3648],[31.7193,37.3593],[31.7123,37.3564],[31.7079,37.3524],[31.7016,37.3437],[31.6932,37.3453],[31.6794,37.3373],[31.6812,37.332],[31.6888,37.3283],[31.6894,37.3243],[31.6834,37.3186],[31.6596,37.3139],[31.6474,37.306],[31.6443,37.3006],[31.6542,37.2884],[31.6498,37.2851],[31.6347,37.2833],[31.6041,37.2881],[31.5872,37.284],[31.5776,37.2851],[31.5532,37.2793],[31.5329,37.2862],[31.5316,37.2965],[31.4748,37.326],[31.4508,37.3307],[31.4124,37.3471],[31.3736,37.368],[31.3155,37.4158],[31.3261,37.4477],[31.3298,37.4623],[31.3319,37.4844],[31.3393,37.4935],[31.3441,37.5031],[31.3436,37.5166],[31.3418,37.5314],[31.3448,37.5445],[31.3404,37.5506],[31.3407,37.5599],[31.3327,37.568],[31.3345,37.5842],[31.3258,37.5911],[31.3129,37.6102],[31.3082,37.6124],[31.2979,37.6105],[31.2901,37.6141],[31.2729,37.6334],[31.276,37.6389],[31.293,37.6551],[31.3113,37.6644],[31.3316,37.669],[31.3494,37.6748],[31.3595,37.688],[31.3791,37.702],[31.4009,37.704],[31.4259,37.7011],[31.4317,37.7056],[31.4228,37.7453],[31.4339,37.7547],[31.4436,37.7658],[31.4511,37.7786],[31.4569,37.7981],[31.4581,37.8205],[31.4569,37.8325],[31.4544,37.8394],[31.4519,37.8505],[31.4367,37.883],[31.4362,37.8991],[31.439,37.9145],[31.4863,37.9537],[31.5024,37.9663],[31.5088,37.9756],[31.5053,37.9901],[31.5088,38.0035],[31.5167,38.0167],[31.5281,38.0248],[31.5394,38.031],[31.5397,38.0433],[31.5378,38.0578],[31.5224,38.1038],[31.5311,38.1215],[31.5352,38.1335],[31.5336,38.1495],[31.5314,38.1597],[31.5203,38.1833],[31.514,38.1883],[31.5041,38.1919],[31.4925,38.1953],[31.4711,38.1967],[31.4455,38.1913],[31.4143,38.188],[31.3959,38.1902],[31.3727,38.204],[31.3487,38.2155],[31.3272,38.2405],[31.3252,38.2823],[31.3197,38.3079],[31.2901,38.3391],[31.2741,38.3534],[31.2586,38.3769]]]}},{"type":"Feature","properties":{"name":"Kütahya","number":43},"geometry":{"type":"Polygon","coordinates":[[[30.4462,39.2205],[30.43,39.2124],[30.419,39.1978],[30.4122,39.1824],[30.41,39.179],[30.378,39.1535],[30.372,39.1535],[30.3555,39.1554],[30.3387,39.1583],[30.3277,39.1586],[30.3179,39.1569],[30.3081,39.1532],[30.2995,39.144],[30.2937,39.1341],[30.2924,39.1284],[30.2729,39.117],[30.2694,39.1138],[30.2657,39.1132],[30.2697,39.0988],[30.268,39.09],[30.2627,39.0842],[30.2551,39.0782],[30.245,39.0685],[30.2423,39.0594],[30.2501,39.0464],[30.2576,39.0365],[30.2587,39.021],[30.2677,39.0022],[30.2607,38.9798],[30.2568,38.9766],[30.2388,38.9741],[30.2282,38.9704],[30.2125,38.9534],[30.1921,38.9175],[30.1839,38.9094],[30.1669,38.9028],[30.1424,38.8861],[30.13,38.8732],[30.1035,38.8334],[30.0861,38.8255],[30.0722,38.8174],[30.0638,38.8156],[30.057,38.8165],[30.0341,38.822],[29.9929,38.8295],[29.9516,38.832],[29.9366,38.8419],[29.9282,38.867],[29.9184,38.8985],[29.9047,38.9111],[29.879,38.916],[29.821,38.9078],[29.7657,38.9188],[29.7495,38.9154],[29.706,38.9177],[29.6399,38.9354],[29.6109,38.9267],[29.602,38.9183],[29.5756,38.9092],[29.5568,38.9017],[29.5196,38.9047],[29.5073,38.8995],[29.5046,38.8934],[29.5122,38.883],[29.5058,38.868],[29.4965,38.8596],[29.4779,38.8508],[29.4576,38.85],[29.4445,38.8526],[29.4323,38.8586],[29.4095,38.8683],[29.3971,38.8715],[29.3752,38.8625],[29.3378,38.83],[29.3276,38.8161],[29.3087,38.8053],[29.2941,38.7996],[29.2734,38.7921],[29.2574,38.7914],[29.2471,38.7929],[29.217,38.8123],[29.187,38.8458],[29.1748,38.8461],[29.1649,38.8526],[29.1517,38.8597],[29.1356,38.8654],[29.1187,38.8679],[29.1013,38.8697],[29.0818,38.868],[29.0584,38.8645],[29.0278,38.8621],[29.0229,38.8625],[29.0154,38.856],[29.0068,38.8537],[29.0046,38.8587],[28.9872,38.868],[28.9811,38.8903],[28.9742,38.9001],[28.969,38.9092],[28.9646,38.91],[28.9524,38.9147],[28.9488,38.9194],[28.9477,38.9241],[28.9488,38.9279],[28.9565,38.932],[28.9546,38.9369],[28.9555,38.9403],[28.9438,38.9416],[28.9405,38.9449],[28.9377,38.9544],[28.9131,38.9577],[28.9116,38.9619],[28.9045,38.9673],[28.911,38.9719],[28.9137,38.9714],[28.9206,38.9776],[28.9198,38.9859],[28.9217,38.9884],[28.9236,38.9973],[28.94,39.0183],[28.9326,39.0208],[28.927,39.0256],[28.9387,39.0319],[28.9377,39.0349],[28.9407,39.0378],[28.9366,39.0416],[28.936,39.0527],[28.9288,39.0586],[28.9161,39.0542],[28.9155,39.0613],[28.908,39.0625],[28.9105,39.0674],[28.9067,39.0714],[28.9024,39.0716],[28.9006,39.0685],[28.8919,39.0688],[28.8884,39.0742],[28.8816,39.0755],[28.8743,39.0747],[28.8699,39.0762],[28.8539,39.0771],[28.8485,39.0785],[28.8432,39.0782],[28.8385,39.0803],[28.8256,39.0807],[28.8203,39.0782],[28.806,39.0783],[28.8112,39.0709],[28.8136,39.0648],[28.8077,39.0639],[28.802,39.0593],[28.7942,39.0565],[28.7908,39.0507],[28.7825,39.0523],[28.7782,39.0543],[28.7782,39.0569],[28.786,39.0634],[28.7842,39.0668],[28.785,39.0717],[28.7831,39.0777],[28.7803,39.0791],[28.7724,39.0785],[28.7679,39.0793],[28.7662,39.0755],[28.759,39.0765],[28.7571,39.0737],[28.746,39.0751],[28.7402,39.0781],[28.7294,39.0807],[28.7113,39.0803],[28.7017,39.086],[28.6962,39.0914],[28.6816,39.0955],[28.6658,39.1019],[28.6464,39.0998],[28.6334,39.1014],[28.6274,39.1063],[28.6163,39.1052],[28.6151,39.1087],[28.6086,39.1101],[28.6099,39.1145],[28.6179,39.1214],[28.6261,39.1323],[28.6277,39.1436],[28.6311,39.1558],[28.6325,39.1682],[28.6398,39.1796],[28.654,39.1944],[28.6461,39.213],[28.6186,39.2463],[28.618,39.2573],[28.619,39.267],[28.6283,39.2791],[28.6644,39.289],[28.7586,39.2846],[28.7723,39.2931],[28.797,39.3025],[28.811,39.3137],[28.8235,39.3268],[28.8455,39.3373],[28.8531,39.3417],[28.8643,39.3555],[28.8703,39.3572],[28.873,39.3612],[28.8703,39.3649],[28.8719,39.3681],[28.8838,39.3678],[28.8905,39.3688],[28.8942,39.376],[28.8921,39.3823],[28.8934,39.3925],[28.8918,39.4007],[28.9042,39.4017],[28.9122,39.4085],[28.919,39.4078],[28.9265,39.4093],[28.9328,39.4071],[28.9413,39.4081],[28.9503,39.4076],[28.9509,39.414],[28.9499,39.4244],[28.9516,39.427],[28.9484,39.4316],[28.9486,39.4354],[28.9434,39.437],[28.9468,39.4412],[28.9454,39.4445],[28.9487,39.4503],[28.9481,39.4552],[28.9514,39.4589],[28.9426,39.4677],[28.9395,39.4719],[28.9393,39.477],[28.9309,39.4806],[28.9272,39.4875],[28.9226,39.4909],[28.9266,39.4972],[28.9239,39.5108],[28.9276,39.5126],[28.9253,39.5157],[28.9281,39.5206],[28.9364,39.5272],[28.9429,39.5303],[28.9482,39.5311],[28.945,39.5357],[28.9488,39.5389],[28.9538,39.5402],[28.9515,39.5434],[28.9505,39.5498],[28.9544,39.5523],[28.9518,39.5562],[28.9573,39.5562],[28.9612,39.5593],[28.9665,39.5604],[28.9713,39.5635],[28.9756,39.5639],[28.9825,39.5671],[28.9862,39.5723],[28.9851,39.5757],[28.9874,39.581],[28.9924,39.58],[28.9979,39.5806],[28.9985,39.5861],[28.9958,39.5892],[28.9955,39.5956],[28.9976,39.5987],[29.0222,39.6075],[29.0423,39.6121],[29.0482,39.6111],[29.0682,39.6026],[29.0762,39.6021],[29.084,39.6031],[29.0911,39.6017],[29.0999,39.5988],[29.125,39.5973],[29.1385,39.5975],[29.1486,39.5963],[29.1571,39.5935],[29.168,39.5938],[29.1964,39.5993],[29.1989,39.6057],[29.2093,39.6185],[29.22,39.6288],[29.2228,39.6375],[29.2255,39.6404],[29.2257,39.6441],[29.2362,39.6539],[29.2392,39.6592],[29.2413,39.672],[29.2486,39.6907],[29.2533,39.6918],[29.2655,39.6927],[29.2757,39.698],[29.279,39.7075],[29.284,39.7144],[29.2858,39.7148],[29.2858,39.7242],[29.2738,39.7316],[29.2607,39.7376],[29.2614,39.7465],[29.2644,39.7494],[29.2865,39.7577],[29.3002,39.7592],[29.3028,39.7612],[29.3132,39.7641],[29.3204,39.7704],[29.3165,39.78],[29.3211,39.7805],[29.3251,39.7779],[29.3362,39.778],[29.3422,39.776],[29.3508,39.7804],[29.3641,39.7832],[29.3762,39.7903],[29.402,39.7938],[29.4111,39.7997],[29.4254,39.8171],[29.4238,39.8269],[29.4553,39.8308],[29.4717,39.8384],[29.4831,39.8486],[29.4975,39.8606],[29.5089,39.8716],[29.5262,39.877],[29.5606,39.8789],[29.5781,39.8715],[29.6041,39.8677],[29.6217,39.8675],[29.6468,39.8654],[29.6991,39.8658],[29.7605,39.8678],[29.772,39.8576],[29.781,39.8409],[29.7776,39.827],[29.7442,39.8013],[29.7348,39.79],[29.7303,39.7728],[29.7299,39.7495],[29.7655,39.7259],[29.7775,39.7182],[29.7988,39.7099],[29.8152,39.707],[29.831,39.7077],[29.8477,39.7115],[29.8645,39.7071],[29.8809,39.7035],[29.893,39.6989],[29.9189,39.6902],[29.9318,39.6825],[29.94,39.6715],[29.9539,39.666],[29.9714,39.6614],[29.982,39.66],[29.998,39.6599],[30.0136,39.6607],[30.0316,39.6648],[30.0382,39.6598],[30.0488,39.6556],[30.0603,39.6554],[30.0927,39.6684],[30.1185,39.6751],[30.1467,39.6742],[30.1756,39.6807],[30.2235,39.684],[30.2084,39.6767],[30.2096,39.6541],[30.2216,39.6261],[30.2343,39.5938],[30.2467,39.5775],[30.2617,39.5648],[30.3047,39.5492],[30.3293,39.5391],[30.3401,39.529],[30.3399,39.5127],[30.3314,39.4567],[30.3364,39.4357],[30.3542,39.4241],[30.377,39.4195],[30.3906,39.4139],[30.3883,39.4112],[30.3528,39.3976],[30.3444,39.3887],[30.3437,39.3745],[30.3688,39.3408],[30.3934,39.3161],[30.3972,39.2994],[30.3937,39.271],[30.4026,39.2587],[30.4249,39.2385],[30.4462,39.2205]]]}},{"type":"Feature","properties":{"name":"Malatya","number":44},"geometry":{"type":"Polygon","coordinates":[[[39.1267,38.1867],[39.1183,38.179],[39.1119,38.1757],[39.107,38.1685],[39.1,38.1641],[39.0875,38.1586],[39.0803,38.1509],[39.0687,38.1426],[39.0662,38.1353],[39.0612,38.1289],[39.0562,38.1135],[39.0544,38.1051],[39.0467,38.0939],[39.0437,38.093],[39.0422,38.0893],[39.037,38.0836],[39.0309,38.081],[39.0237,38.0753],[39.0144,38.0745],[39.0074,38.071],[39.0024,38.0703],[38.9924,38.0711],[38.9872,38.0694],[38.9797,38.0683],[38.9724,38.0687],[38.9678,38.0672],[38.9573,38.0663],[38.9505,38.0628],[38.9395,38.0609],[38.9358,38.0589],[38.933,38.0883],[38.9247,38.0889],[38.8949,38.0839],[38.882,38.0796],[38.8631,38.076],[38.8738,38.0723],[38.8836,38.0652],[38.8909,38.0579],[38.9008,38.0523],[38.8946,38.0495],[38.8892,38.0503],[38.8839,38.0474],[38.8761,38.0462],[38.8704,38.043],[38.8638,38.0433],[38.8567,38.0369],[38.8509,38.0354],[38.8465,38.03],[38.839,38.0241],[38.8256,38.0094],[38.81,38.0053],[38.7975,38.006],[38.7943,38.0023],[38.7821,37.9975],[38.7606,37.987],[38.7515,37.9928],[38.7569,38.0095],[38.7637,38.0192],[38.7473,38.0359],[38.7388,38.0432],[38.7311,38.0531],[38.7218,38.0526],[38.7194,38.0471],[38.7142,38.0451],[38.701,38.0465],[38.691,38.0501],[38.6823,38.0511],[38.6819,38.0538],[38.6755,38.0553],[38.6734,38.0593],[38.6666,38.0621],[38.6424,38.0782],[38.6359,38.0875],[38.6244,38.0914],[38.6132,38.0979],[38.6096,38.104],[38.5983,38.114],[38.574,38.1243],[38.5824,38.127],[38.5757,38.1335],[38.5707,38.1338],[38.5668,38.1391],[38.5381,38.1497],[38.5258,38.1554],[38.5176,38.1533],[38.5073,38.1586],[38.4964,38.1582],[38.4971,38.1657],[38.495,38.1696],[38.4951,38.1746],[38.4933,38.178],[38.492,38.1903],[38.4822,38.1873],[38.4563,38.1819],[38.4417,38.1751],[38.4292,38.1259],[38.4225,38.116],[38.4163,38.116],[38.4165,38.1076],[38.4151,38.1026],[38.4018,38.1071],[38.3958,38.1064],[38.3872,38.1134],[38.3748,38.1177],[38.365,38.1174],[38.3597,38.1187],[38.3506,38.1192],[38.3455,38.1165],[38.327,38.1128],[38.3141,38.1069],[38.3036,38.1051],[38.3016,38.1088],[38.3065,38.1122],[38.3109,38.1123],[38.3243,38.1199],[38.321,38.1253],[38.3136,38.1264],[38.3044,38.1291],[38.3049,38.1365],[38.3079,38.1413],[38.3103,38.1486],[38.3213,38.1647],[38.3151,38.1674],[38.2996,38.1663],[38.2909,38.1601],[38.3114,38.1573],[38.3071,38.1416],[38.3018,38.1326],[38.2848,38.133],[38.2755,38.1402],[38.2685,38.1472],[38.2815,38.1463],[38.288,38.1472],[38.2905,38.1506],[38.2831,38.1543],[38.282,38.1566],[38.2676,38.1618],[38.2792,38.1664],[38.2708,38.1675],[38.2641,38.1747],[38.2581,38.1788],[38.2556,38.184],[38.2566,38.1881],[38.2713,38.2015],[38.275,38.2085],[38.2696,38.2067],[38.2632,38.2101],[38.2595,38.2025],[38.2229,38.1676],[38.2176,38.1589],[38.2154,38.1482],[38.2052,38.1414],[38.1938,38.1408],[38.1876,38.1037],[38.1705,38.116],[38.1593,38.1193],[38.1565,38.1132],[38.1487,38.1077],[38.1318,38.1052],[38.1295,38.0932],[38.1186,38.0749],[38.1107,38.0654],[38.1111,38.0561],[38.1103,38.0476],[38.1338,38.0152],[38.1396,38.0151],[38.1472,38.0113],[38.1534,38.0052],[38.1509,37.997],[38.1477,37.9932],[38.1362,37.9882],[38.132,37.9761],[38.1069,37.9673],[38.0978,37.9498],[38.0824,37.9426],[38.0708,37.9363],[38.0656,37.9312],[38.0506,37.9191],[38.0443,37.9124],[38.0425,37.9042],[38.0386,37.8991],[38.0116,37.8908],[37.9925,37.8828],[37.9755,37.8704],[37.9661,37.8666],[37.9497,37.8712],[37.9354,37.8805],[37.9146,37.8825],[37.8847,37.8884],[37.8711,37.8878],[37.8595,37.8805],[37.8161,37.8805],[37.8061,37.8851],[37.7841,37.8848],[37.7831,37.8893],[37.7668,37.8876],[37.7668,37.9019],[37.7582,37.9081],[37.7636,37.9136],[37.7563,37.9346],[37.7421,37.9273],[37.7339,37.9207],[37.725,37.9117],[37.7019,37.9126],[37.6892,37.9093],[37.6845,37.9108],[37.6816,37.9139],[37.6843,37.9217],[37.6928,37.93],[37.6983,37.9436],[37.6934,37.9495],[37.6963,37.9526],[37.6913,37.9615],[37.6857,37.9574],[37.6774,37.9481],[37.6708,37.943],[37.6595,37.9521],[37.6457,37.9537],[37.6184,37.9493],[37.612,37.9385],[37.6011,37.9463],[37.5939,37.9522],[37.5969,37.9621],[37.593,37.9747],[37.5737,37.9909],[37.5797,38.0187],[37.5878,38.0278],[37.5805,38.0378],[37.5949,38.0428],[37.6036,38.0396],[37.6211,38.0437],[37.6289,38.0497],[37.6354,38.0592],[37.6226,38.0671],[37.6373,38.0801],[37.6648,38.0791],[37.6804,38.0932],[37.7002,38.1068],[37.7163,38.117],[37.7228,38.1249],[37.7158,38.1384],[37.716,38.146],[37.7389,38.1525],[37.7519,38.1759],[37.7322,38.2038],[37.732,38.2098],[37.719,38.2195],[37.7026,38.2222],[37.6917,38.2296],[37.6805,38.2347],[37.6802,38.2486],[37.6713,38.2561],[37.6627,38.2609],[37.6662,38.2756],[37.6659,38.2813],[37.6627,38.2844],[37.6556,38.2986],[37.6512,38.3044],[37.6441,38.3091],[37.6243,38.3179],[37.6122,38.3187],[37.6033,38.3225],[37.5949,38.335],[37.5687,38.347],[37.563,38.3508],[37.545,38.3508],[37.536,38.3524],[37.5229,38.3608],[37.4942,38.3776],[37.4856,38.3862],[37.4797,38.3878],[37.4692,38.396],[37.4476,38.4046],[37.4195,38.41],[37.4119,38.4125],[37.4094,38.4173],[37.4061,38.4198],[37.3943,38.4237],[37.3015,38.4478],[37.2931,38.4554],[37.2902,38.4681],[37.2796,38.4724],[37.269,38.4743],[37.2628,38.4879],[37.2608,38.4986],[37.2634,38.5071],[37.2697,38.5125],[37.2936,38.5233],[37.3119,38.539],[37.3111,38.5501],[37.3002,38.5656],[37.3133,38.5822],[37.3195,38.5971],[37.3337,38.5959],[37.3645,38.593],[37.4025,38.6089],[37.4077,38.6197],[37.4044,38.6331],[37.4028,38.6497],[37.4067,38.6572],[37.4069,38.6641],[37.4108,38.6817],[37.4186,38.6897],[37.4255,38.6986],[37.4294,38.7053],[37.4356,38.7097],[37.4486,38.7125],[37.4769,38.7155],[37.4886,38.7194],[37.4972,38.7269],[37.5039,38.7358],[37.515,38.7458],[37.5314,38.7558],[37.54,38.7633],[37.5398,38.7793],[37.5559,38.7888],[37.5577,38.7926],[37.5583,38.8035],[37.5352,38.8472],[37.545,38.8843],[37.5502,38.9053],[37.5429,38.9169],[37.5451,38.9297],[37.5361,38.9339],[37.5268,38.9434],[37.5087,38.9633],[37.5047,38.973],[37.4806,39.0051],[37.4703,39.0211],[37.4695,39.0343],[37.4807,39.0414],[37.494,39.0405],[37.5108,39.0349],[37.5141,39.0275],[37.5232,39.0159],[37.5295,39.0067],[37.5472,39.0122],[37.558,39.0143],[37.5697,39.0106],[37.585,39.0117],[37.5936,39.0137],[37.6026,39.0108],[37.613,39.0148],[37.6433,39.0094],[37.6664,38.9986],[37.6708,38.9972],[37.6772,38.993],[37.6889,38.9875],[37.7206,38.9778],[37.728,38.9742],[37.7378,38.9719],[37.7486,38.9717],[37.7561,38.9747],[37.7644,38.9822],[37.778,38.9974],[37.7836,39.0097],[37.7793,39.0127],[37.7717,39.0216],[37.7703,39.0316],[37.7575,39.0403],[37.7594,39.0582],[37.7664,39.0714],[37.7783,39.082],[37.8048,39.0878],[37.8279,39.0897],[37.8519,39.0852],[37.889,39.0739],[37.9065,39.0727],[37.9341,39.0683],[37.948,39.0718],[37.9625,39.0828],[37.9802,39.078],[37.9921,39.0791],[37.9998,39.088],[38.0118,39.0871],[38.0372,39.0932],[38.0558,39.0877],[38.0609,39.0964],[38.0806,39.0894],[38.1103,39.0848],[38.1413,39.0845],[38.1505,39.0829],[38.1617,39.0832],[38.1736,39.0877],[38.1867,39.0967],[38.2223,39.123],[38.2518,39.1378],[38.2988,39.1426],[38.3242,39.1528],[38.3321,39.1515],[38.3502,39.1357],[38.3624,39.1232],[38.3737,39.1187],[38.3888,39.1154],[38.4054,39.1156],[38.42,39.1205],[38.4684,39.1428],[38.4996,39.143],[38.51,39.1408],[38.5236,39.1338],[38.5376,39.1209],[38.5628,39.1133],[38.5675,39.1149],[38.5787,39.1114],[38.586,39.111],[38.5883,39.1128],[38.607,39.1091],[38.6162,39.1023],[38.6164,39.0973],[38.6321,39.0854],[38.6429,39.0752],[38.6412,39.074],[38.6431,39.0673],[38.65,39.0621],[38.6497,39.0588],[38.6593,39.0545],[38.662,39.055],[38.6698,39.0523],[38.6484,39.0395],[38.6496,39.0355],[38.654,39.0349],[38.6485,39.0276],[38.6528,39.0231],[38.6525,39.0183],[38.6453,39.0151],[38.6348,39.0152],[38.6272,39.0116],[38.6256,39.0082],[38.6131,39.0043],[38.6068,38.9994],[38.6242,38.9917],[38.6017,38.9862],[38.5972,38.9862],[38.5927,38.9812],[38.5893,38.9816],[38.5895,38.97],[38.5998,38.9583],[38.5992,38.9471],[38.5786,38.9302],[38.57,38.9227],[38.572,38.9118],[38.5918,38.9007],[38.6072,38.8848],[38.6104,38.8774],[38.6149,38.8707],[38.6184,38.8622],[38.6283,38.8517],[38.634,38.8421],[38.6325,38.8348],[38.6357,38.8286],[38.6474,38.8202],[38.6491,38.8105],[38.6536,38.7961],[38.6389,38.7827],[38.629,38.7791],[38.6273,38.7743],[38.6334,38.7686],[38.6453,38.7613],[38.6455,38.7564],[38.6352,38.7483],[38.6248,38.7442],[38.6078,38.753],[38.6005,38.7542],[38.5951,38.752],[38.5871,38.7514],[38.5685,38.7536],[38.5581,38.7583],[38.5422,38.7642],[38.5332,38.7651],[38.5245,38.7636],[38.5145,38.7514],[38.5091,38.748],[38.5019,38.7463],[38.4919,38.7512],[38.4838,38.7542],[38.4777,38.7537],[38.4712,38.7502],[38.467,38.7461],[38.4732,38.732],[38.4761,38.729],[38.475,38.7159],[38.4714,38.7034],[38.4672,38.6971],[38.4585,38.6946],[38.4441,38.6917],[38.4254,38.6887],[38.4125,38.6843],[38.4039,38.6712],[38.3872,38.6562],[38.3783,38.6496],[38.3658,38.6324],[38.3598,38.6187],[38.3575,38.6065],[38.3569,38.5961],[38.3575,38.5698],[38.3574,38.5518],[38.3619,38.5418],[38.3694,38.5362],[38.3761,38.5323],[38.3849,38.5253],[38.4091,38.5168],[38.4243,38.5083],[38.4567,38.484],[38.4617,38.479],[38.4686,38.4748],[38.4847,38.4721],[38.5058,38.4643],[38.5111,38.4643],[38.523,38.4679],[38.5325,38.4687],[38.5447,38.4637],[38.5661,38.4609],[38.573,38.4568],[38.5797,38.4487],[38.5867,38.4445],[38.5967,38.444],[38.6047,38.4465],[38.6147,38.4457],[38.6292,38.4382],[38.6522,38.4295],[38.6733,38.4234],[38.7083,38.4157],[38.7142,38.4151],[38.728,38.4168],[38.7358,38.4196],[38.7489,38.4273],[38.7569,38.4298],[38.793,38.4353],[38.8131,38.4435],[38.8302,38.4353],[38.8338,38.4319],[38.8323,38.4257],[38.8318,38.4166],[38.8344,38.4098],[38.8436,38.4048],[38.8568,38.4],[38.8676,38.3936],[38.8767,38.3864],[38.8821,38.3768],[38.8849,38.3648],[38.8902,38.3582],[38.8945,38.3562],[38.909,38.357],[38.9177,38.3557],[38.9277,38.3492],[38.9339,38.3415],[38.9476,38.3335],[38.9531,38.3274],[38.9678,38.3189],[38.989,38.3194],[38.9994,38.3259],[39.0062,38.3324],[39.0166,38.3333],[39.0294,38.3321],[39.038,38.3337],[39.0482,38.3381],[39.0592,38.3365],[39.0745,38.3433],[39.0863,38.3414],[39.0997,38.3415],[39.1063,38.3479],[39.1131,38.344],[39.119,38.3303],[39.1434,38.3119],[39.1514,38.2993],[39.1512,38.2914],[39.1414,38.2557],[39.1389,38.2311],[39.1286,38.2187],[39.1197,38.2106],[39.1108,38.2085],[39.1065,38.2038],[39.1117,38.1956],[39.122,38.1883],[39.1267,38.1867]]]}},{"type":"Feature","properties":{"name":"Manisa","number":45},"geometry":{"type":"Polygon","coordinates":[[[28.639,38.0906],[28.6352,38.0919],[28.6264,38.0921],[28.6199,38.0912],[28.6096,38.0933],[28.601,38.0853],[28.5952,38.0862],[28.5935,38.0954],[28.5908,38.0979],[28.584,38.0999],[28.5794,38.0995],[28.5633,38.1061],[28.5586,38.1061],[28.5516,38.1033],[28.5415,38.1021],[28.5357,38.1041],[28.5282,38.1041],[28.5195,38.1117],[28.5109,38.1178],[28.5028,38.122],[28.4851,38.1226],[28.4798,38.1303],[28.4756,38.1346],[28.4718,38.1353],[28.4689,38.1388],[28.462,38.1395],[28.4655,38.1451],[28.4637,38.156],[28.462,38.1561],[28.4472,38.164],[28.4452,38.1672],[28.4334,38.1758],[28.4356,38.1791],[28.4441,38.1809],[28.4491,38.1859],[28.4535,38.185],[28.4659,38.1902],[28.4732,38.1905],[28.4752,38.1932],[28.4864,38.1974],[28.4891,38.2013],[28.4862,38.2051],[28.4888,38.2082],[28.4899,38.2144],[28.4886,38.2164],[28.4917,38.2204],[28.4901,38.2244],[28.493,38.2275],[28.4914,38.2333],[28.4894,38.2342],[28.4904,38.2404],[28.4891,38.2448],[28.4832,38.2489],[28.4805,38.2553],[28.4762,38.2537],[28.464,38.258],[28.4543,38.2595],[28.4369,38.2612],[28.4312,38.2633],[28.4228,38.2642],[28.4167,38.2662],[28.4092,38.2655],[28.4052,38.2673],[28.4012,38.2661],[28.3985,38.2632],[28.3893,38.2575],[28.3769,38.2542],[28.3717,38.2565],[28.377,38.2631],[28.38,38.2651],[28.3776,38.2684],[28.3717,38.2706],[28.3694,38.2758],[28.3666,38.2774],[28.3677,38.2809],[28.3619,38.284],[28.3612,38.2871],[28.3562,38.2903],[28.3552,38.2951],[28.3565,38.2981],[28.343,38.3017],[28.3373,38.3074],[28.3336,38.314],[28.3267,38.3179],[28.3129,38.3222],[28.3062,38.3209],[28.2971,38.3161],[28.2924,38.3118],[28.284,38.3117],[28.2771,38.313],[28.2714,38.3157],[28.2597,38.3143],[28.2509,38.3173],[28.241,38.3243],[28.2372,38.3284],[28.23,38.329],[28.2273,38.3244],[28.2091,38.3143],[28.2059,38.3211],[28.2086,38.3254],[28.2081,38.3302],[28.2115,38.3347],[28.2114,38.3414],[28.2049,38.3462],[28.1933,38.3477],[28.1892,38.3585],[28.1903,38.3652],[28.189,38.3688],[28.1816,38.3653],[28.1684,38.3678],[28.1573,38.3586],[28.1434,38.3616],[28.1335,38.3702],[28.117,38.3749],[28.1154,38.3812],[28.1112,38.3844],[28.1092,38.3888],[28.1034,38.3943],[28.083,38.4069],[28.0813,38.3994],[28.074,38.4009],[28.0696,38.4043],[28.0559,38.4024],[28.048,38.3996],[28.047,38.3925],[28.0375,38.391],[28.0324,38.3856],[28.0278,38.3892],[28.0241,38.3881],[28.0212,38.3921],[28.0176,38.3887],[28.0062,38.3848],[28.0015,38.3781],[27.9952,38.3779],[27.9869,38.3814],[27.9816,38.3806],[27.9706,38.3769],[27.9685,38.3786],[27.9601,38.3786],[27.9542,38.3828],[27.9454,38.3931],[27.945,38.396],[27.9409,38.3964],[27.9377,38.3992],[27.9321,38.3994],[27.9236,38.4035],[27.9256,38.4081],[27.9211,38.4184],[27.9154,38.4165],[27.9088,38.4123],[27.905,38.4123],[27.9014,38.41],[27.8884,38.3981],[27.8789,38.3869],[27.8773,38.3837],[27.8727,38.3846],[27.8665,38.3816],[27.869,38.376],[27.8716,38.3735],[27.8698,38.3699],[27.8721,38.3655],[27.8737,38.3573],[27.882,38.3507],[27.8876,38.3501],[27.8873,38.3432],[27.8884,38.3397],[27.8821,38.337],[27.8771,38.3368],[27.8747,38.3339],[27.8683,38.3301],[27.8681,38.3269],[27.8641,38.3248],[27.8608,38.3211],[27.861,38.3127],[27.8589,38.308],[27.8368,38.3096],[27.83,38.3088],[27.8201,38.3062],[27.8115,38.3128],[27.8073,38.3236],[27.8039,38.3297],[27.7994,38.3281],[27.7962,38.336],[27.7962,38.3388],[27.7909,38.3416],[27.788,38.3414],[27.7747,38.3376],[27.7613,38.3367],[27.755,38.3287],[27.7489,38.3306],[27.7501,38.3356],[27.7399,38.3454],[27.7396,38.3586],[27.7357,38.3627],[27.7237,38.3654],[27.7124,38.3639],[27.7092,38.3654],[27.7126,38.3721],[27.717,38.3833],[27.7149,38.3935],[27.7066,38.4075],[27.7063,38.4122],[27.7105,38.4179],[27.7108,38.4204],[27.708,38.4273],[27.7005,38.4348],[27.6992,38.4391],[27.6989,38.4465],[27.7001,38.4501],[27.6936,38.4493],[27.6893,38.4539],[27.6852,38.4534],[27.6773,38.4576],[27.6699,38.4633],[27.6619,38.4713],[27.6539,38.4718],[27.6475,38.4778],[27.6443,38.482],[27.6389,38.4853],[27.6349,38.4895],[27.6396,38.4929],[27.6362,38.4956],[27.6189,38.5048],[27.6166,38.5031],[27.6131,38.4958],[27.6129,38.4919],[27.6098,38.4888],[27.6053,38.488],[27.608,38.4832],[27.6019,38.4816],[27.6017,38.4797],[27.5959,38.4762],[27.5922,38.4709],[27.5824,38.4702],[27.5776,38.4676],[27.578,38.465],[27.5725,38.4582],[27.5674,38.4578],[27.5654,38.4594],[27.5591,38.4592],[27.557,38.4576],[27.5511,38.4576],[27.5472,38.4541],[27.5459,38.4592],[27.5429,38.4615],[27.5405,38.4681],[27.5368,38.4699],[27.5377,38.473],[27.5297,38.4788],[27.5138,38.4817],[27.4811,38.5216],[27.4517,38.5427],[27.4511,38.549],[27.4363,38.5495],[27.4326,38.5553],[27.4091,38.5603],[27.3956,38.5596],[27.3846,38.5551],[27.3733,38.5401],[27.3638,38.5385],[27.3521,38.5338],[27.3471,38.5349],[27.334,38.5425],[27.3232,38.543],[27.3054,38.5429],[27.2995,38.5475],[27.2922,38.5503],[27.2912,38.5577],[27.2874,38.5522],[27.2817,38.5566],[27.2756,38.5536],[27.2608,38.5673],[27.2498,38.573],[27.243,38.5757],[27.2405,38.5803],[27.2367,38.5835],[27.2368,38.5874],[27.2344,38.5933],[27.236,38.6037],[27.2348,38.6094],[27.2367,38.6138],[27.2319,38.6206],[27.2325,38.6253],[27.2351,38.626],[27.2343,38.6314],[27.2278,38.6408],[27.2296,38.6432],[27.2383,38.6491],[27.234,38.6526],[27.2304,38.6604],[27.2288,38.67],[27.2126,38.6747],[27.2116,38.677],[27.2027,38.6818],[27.2045,38.6859],[27.2021,38.6913],[27.2124,38.6893],[27.218,38.6916],[27.223,38.6903],[27.2235,38.7118],[27.2207,38.7152],[27.2141,38.7162],[27.2107,38.7194],[27.2042,38.7193],[27.2043,38.7249],[27.1927,38.7235],[27.1876,38.72],[27.1727,38.7272],[27.1675,38.7335],[27.161,38.7353],[27.1602,38.7371],[27.1479,38.7443],[27.1455,38.7524],[27.1425,38.7544],[27.1402,38.7593],[27.1398,38.767],[27.1365,38.7724],[27.1275,38.7808],[27.1211,38.7857],[27.1208,38.7891],[27.1129,38.7954],[27.1127,38.8002],[27.12,38.8016],[27.1236,38.8011],[27.1251,38.8062],[27.1326,38.8111],[27.1448,38.8087],[27.1481,38.8059],[27.1567,38.8103],[27.1652,38.812],[27.1659,38.8171],[27.1779,38.819],[27.1846,38.8212],[27.1784,38.8292],[27.1765,38.8381],[27.1728,38.8409],[27.1719,38.8456],[27.1611,38.8505],[27.1588,38.8561],[27.1646,38.8605],[27.1631,38.8685],[27.165,38.8708],[27.1741,38.8768],[27.1793,38.8754],[27.1818,38.8787],[27.1886,38.8803],[27.1913,38.8787],[27.1964,38.8695],[27.2056,38.8676],[27.2156,38.8582],[27.2179,38.8532],[27.2245,38.8518],[27.2279,38.8541],[27.2254,38.8621],[27.2353,38.8686],[27.2319,38.8711],[27.2286,38.877],[27.2323,38.8829],[27.2308,38.8858],[27.234,38.8953],[27.2304,38.9032],[27.2355,38.9067],[27.2444,38.9049],[27.2481,38.9066],[27.2526,38.9041],[27.2584,38.9043],[27.2682,38.9076],[27.2723,38.9166],[27.2711,38.9192],[27.2784,38.9228],[27.2858,38.9207],[27.291,38.9246],[27.297,38.9273],[27.3055,38.9285],[27.3126,38.9271],[27.3157,38.9241],[27.3137,38.9218],[27.3186,38.9155],[27.326,38.9147],[27.3294,38.9175],[27.3348,38.9186],[27.3369,38.9383],[27.3388,38.9419],[27.3463,38.9447],[27.3463,38.9513],[27.3621,38.9502],[27.3677,38.9481],[27.3757,38.9502],[27.3804,38.949],[27.3939,38.9428],[27.3913,38.9378],[27.3933,38.9318],[27.4022,38.9229],[27.4088,38.924],[27.4148,38.9227],[27.4185,38.9242],[27.4253,38.9239],[27.4342,38.9264],[27.4411,38.927],[27.4425,38.9314],[27.4548,38.9302],[27.4598,38.9378],[27.472,38.9497],[27.4686,38.9545],[27.4709,38.9581],[27.4646,38.9647],[27.4644,38.969],[27.4661,38.9806],[27.4691,38.9905],[27.4715,38.9901],[27.4873,39.0004],[27.4877,39.007],[27.493,39.003],[27.4963,39.0047],[27.5108,39.0168],[27.5212,39.0217],[27.523,39.0257],[27.5309,39.0325],[27.5351,39.029],[27.5407,39.0267],[27.5451,39.0295],[27.5468,39.0243],[27.5462,39.0204],[27.5519,39.0173],[27.556,39.02],[27.5612,39.0214],[27.5638,39.026],[27.5619,39.0293],[27.553,39.0289],[27.5529,39.0321],[27.5495,39.0344],[27.5493,39.0395],[27.5426,39.0445],[27.5393,39.0453],[27.5374,39.056],[27.5339,39.06],[27.5305,39.0662],[27.524,39.0702],[27.5218,39.0786],[27.5246,39.0833],[27.5227,39.0861],[27.5225,39.0908],[27.518,39.0959],[27.5111,39.0962],[27.5101,39.1031],[27.5069,39.1076],[27.4953,39.1172],[27.5024,39.1242],[27.5061,39.1265],[27.5054,39.1306],[27.4972,39.1349],[27.4941,39.1392],[27.4869,39.139],[27.4851,39.142],[27.4736,39.1433],[27.4725,39.1463],[27.4652,39.1463],[27.4547,39.1494],[27.4492,39.152],[27.442,39.1582],[27.4393,39.1577],[27.4378,39.1628],[27.4394,39.1657],[27.4432,39.1653],[27.4454,39.1693],[27.4524,39.17],[27.4553,39.1735],[27.4505,39.1773],[27.4485,39.1856],[27.4632,39.1871],[27.4637,39.1921],[27.475,39.1992],[27.4796,39.1999],[27.4729,39.2183],[27.4698,39.2222],[27.4718,39.2281],[27.4713,39.2342],[27.4756,39.2368],[27.4732,39.2426],[27.4757,39.2444],[27.4781,39.255],[27.4763,39.2575],[27.4804,39.2681],[27.4779,39.2724],[27.4707,39.2748],[27.4621,39.2913],[27.4675,39.2948],[27.4682,39.2975],[27.4631,39.307],[27.4586,39.306],[27.4555,39.3089],[27.4482,39.3105],[27.4399,39.3108],[27.4399,39.3171],[27.4362,39.3196],[27.4287,39.3195],[27.4228,39.3206],[27.413,39.3283],[27.4079,39.3288],[27.4096,39.3366],[27.4064,39.3443],[27.4048,39.3539],[27.4001,39.3584],[27.404,39.3635],[27.4019,39.3706],[27.4,39.371],[27.4164,39.3896],[27.4262,39.397],[27.4405,39.4028],[27.4714,39.4071],[27.485,39.4037],[27.5087,39.3912],[27.5307,39.3749],[27.5524,39.3532],[27.5656,39.3458],[27.5831,39.3485],[27.5893,39.3485],[27.603,39.3408],[27.6282,39.3347],[27.649,39.329],[27.6605,39.3335],[27.6765,39.3378],[27.6848,39.3395],[27.6872,39.346],[27.7033,39.3539],[27.721,39.3619],[27.7358,39.3648],[27.7473,39.3622],[27.7531,39.3537],[27.7692,39.3209],[27.7843,39.3143],[27.8022,39.3072],[27.8262,39.3235],[27.8442,39.3329],[27.8587,39.3287],[27.8712,39.3377],[27.8843,39.3391],[27.8852,39.3434],[27.8958,39.3463],[27.8989,39.3532],[27.904,39.357],[27.9049,39.3622],[27.909,39.3642],[27.9171,39.3596],[27.9344,39.3366],[27.9326,39.3172],[27.9354,39.3122],[27.9399,39.3075],[27.942,39.3029],[27.9419,39.2947],[27.935,39.2825],[27.9345,39.2676],[27.9438,39.2529],[27.9557,39.2448],[27.9742,39.245],[27.9828,39.2425],[27.988,39.2375],[28.0066,39.2292],[28.0145,39.2204],[28.0191,39.2122],[28.0283,39.2077],[28.0532,39.2054],[28.0705,39.1976],[28.0724,39.179],[28.0845,39.1559],[28.0829,39.1427],[28.092,39.1271],[28.1255,39.1117],[28.1434,39.1056],[28.1505,39.0935],[28.1542,39.0824],[28.1706,39.0776],[28.1939,39.072],[28.2241,39.0769],[28.2667,39.0764],[28.2831,39.0798],[28.2944,39.0814],[28.3136,39.0855],[28.3308,39.0977],[28.3443,39.1055],[28.3468,39.1151],[28.3621,39.1257],[28.3801,39.1275],[28.402,39.1268],[28.436,39.1388],[28.4501,39.1398],[28.4942,39.137],[28.4975,39.1386],[28.5091,39.1351],[28.525,39.1359],[28.533,39.1348],[28.5351,39.1315],[28.5579,39.1374],[28.5685,39.1385],[28.5728,39.1344],[28.5798,39.1395],[28.5843,39.1393],[28.5853,39.1434],[28.5884,39.1465],[28.5843,39.1503],[28.5856,39.1591],[28.5926,39.1651],[28.5922,39.1728],[28.5986,39.1759],[28.602,39.1753],[28.6171,39.169],[28.6325,39.1682],[28.6311,39.1558],[28.6277,39.1436],[28.6261,39.1323],[28.6179,39.1214],[28.6099,39.1145],[28.6086,39.1101],[28.6151,39.1087],[28.6163,39.1052],[28.6274,39.1063],[28.6334,39.1014],[28.6464,39.0998],[28.6658,39.1019],[28.6816,39.0955],[28.6962,39.0914],[28.7017,39.086],[28.7113,39.0803],[28.7294,39.0807],[28.7402,39.0781],[28.746,39.0751],[28.7571,39.0737],[28.759,39.0765],[28.7662,39.0755],[28.7679,39.0793],[28.7724,39.0785],[28.7803,39.0791],[28.7831,39.0777],[28.785,39.0717],[28.7842,39.0668],[28.786,39.0634],[28.7782,39.0569],[28.7782,39.0543],[28.7825,39.0523],[28.7908,39.0507],[28.7942,39.0565],[28.802,39.0593],[28.8077,39.0639],[28.8136,39.0648],[28.8112,39.0709],[28.806,39.0783],[28.8203,39.0782],[28.8256,39.0807],[28.8385,39.0803],[28.8432,39.0782],[28.8485,39.0785],[28.8539,39.0771],[28.8699,39.0762],[28.8743,39.0747],[28.8816,39.0755],[28.8884,39.0742],[28.8919,39.0688],[28.9006,39.0685],[28.9024,39.0716],[28.9067,39.0714],[28.9105,39.0674],[28.908,39.0625],[28.9155,39.0613],[28.9161,39.0542],[28.9288,39.0586],[28.936,39.0527],[28.9366,39.0416],[28.9407,39.0378],[28.9377,39.0349],[28.9387,39.0319],[28.927,39.0256],[28.9326,39.0208],[28.94,39.0183],[28.9236,38.9973],[28.9217,38.9884],[28.9198,38.9859],[28.9206,38.9776],[28.9137,38.9714],[28.911,38.9719],[28.9045,38.9673],[28.9116,38.9619],[28.9131,38.9577],[28.9377,38.9544],[28.9405,38.9449],[28.9438,38.9416],[28.9555,38.9403],[28.9546,38.9369],[28.9565,38.932],[28.9488,38.9279],[28.9477,38.9241],[28.9488,38.9194],[28.9524,38.9147],[28.9646,38.91],[28.969,38.9092],[28.9742,38.9001],[28.9811,38.8903],[28.9872,38.868],[29.0046,38.8587],[29.0068,38.8537],[29.0154,38.856],[29.0229,38.8625],[29.0278,38.8621],[29.0584,38.8645],[29.0818,38.868],[29.1013,38.8697],[29.1187,38.8679],[29.1356,38.8654],[29.0429,38.7481],[29.0294,38.7371],[28.9969,38.7211],[28.9656,38.7119],[28.9367,38.7048],[28.8718,38.6988],[28.8643,38.6938],[28.8571,38.6851],[28.8378,38.6488],[28.8365,38.6367],[28.8277,38.6135],[28.8283,38.6073],[28.8242,38.6008],[28.8266,38.5983],[28.8225,38.5947],[28.8223,38.5913],[28.8268,38.5792],[28.8221,38.5708],[28.8157,38.5655],[28.8137,38.5613],[28.8136,38.5557],[28.8081,38.5453],[28.8088,38.5436],[28.8037,38.5392],[28.8048,38.5332],[28.8102,38.5229],[28.8087,38.5019],[28.8157,38.4882],[28.8189,38.4849],[28.826,38.4695],[28.8264,38.4585],[28.8218,38.4449],[28.811,38.429],[28.7996,38.4165],[28.7884,38.4073],[28.7673,38.3816],[28.7574,38.3742],[28.7544,38.3678],[28.7549,38.3597],[28.7581,38.356],[28.7747,38.3494],[28.7973,38.3289],[28.8019,38.3279],[28.8207,38.32],[28.8344,38.309],[28.8388,38.2982],[28.8446,38.2795],[28.8532,38.2661],[28.8612,38.2563],[28.8695,38.2326],[28.8487,38.2208],[28.8461,38.2134],[28.8351,38.2144],[28.8288,38.2126],[28.8302,38.2038],[28.812,38.1948],[28.8121,38.1868],[28.8086,38.1813],[28.8069,38.1722],[28.7853,38.1826],[28.7746,38.1819],[28.7545,38.1782],[28.74,38.1772],[28.7306,38.1743],[28.7316,38.1657],[28.7296,38.1608],[28.7291,38.1532],[28.7322,38.1503],[28.7321,38.137],[28.7301,38.1309],[28.7189,38.1177],[28.7095,38.1146],[28.7026,38.1075],[28.6783,38.1079],[28.6781,38.104],[28.6859,38.1002],[28.6799,38.0944],[28.6576,38.0954],[28.6523,38.0918],[28.6409,38.0922],[28.639,38.0906]]]}},{"type":"Feature","properties":{"name":"Kahramanmaraş","number":46},"geometry":{"type":"Polygon","coordinates":[[[36.2607,37.7498],[36.2612,37.7516],[36.2673,37.7557],[36.2699,37.7651],[36.2698,37.7721],[36.2684,37.7778],[36.2555,37.7898],[36.2611,37.7965],[36.2639,37.8055],[36.2695,37.8162],[36.271,37.8448],[36.2827,37.8679],[36.2832,37.8828],[36.2928,37.8944],[36.2923,37.9066],[36.268,37.9221],[36.2354,37.9466],[36.2154,37.94],[36.2104,37.937],[36.2052,37.9369],[36.2047,37.9401],[36.2015,37.9426],[36.2035,37.9456],[36.2059,37.9538],[36.2057,37.9577],[36.2118,37.9623],[36.2133,37.9651],[36.2118,37.9706],[36.2157,37.975],[36.2157,37.9791],[36.221,37.9865],[36.2261,37.9901],[36.2258,37.9929],[36.2297,37.9962],[36.2262,38.0018],[36.2299,38.0059],[36.2309,38.0103],[36.2338,38.0139],[36.2336,38.0204],[36.2439,38.0223],[36.247,38.0266],[36.2509,38.0251],[36.2544,38.026],[36.2569,38.0295],[36.2537,38.0365],[36.2556,38.0417],[36.26,38.0441],[36.2614,38.0485],[36.2661,38.0537],[36.2741,38.0544],[36.2899,38.0545],[36.3192,38.0618],[36.3322,38.0676],[36.3407,38.0582],[36.3493,38.0535],[36.3517,38.0686],[36.3431,38.0825],[36.3427,38.0859],[36.3463,38.0897],[36.3528,38.0915],[36.3571,38.097],[36.3582,38.1047],[36.3512,38.1128],[36.348,38.1225],[36.3627,38.1412],[36.3517,38.1484],[36.3607,38.1596],[36.3609,38.1637],[36.3722,38.1722],[36.3739,38.1764],[36.3852,38.183],[36.3889,38.1862],[36.3893,38.1908],[36.386,38.198],[36.3909,38.2062],[36.389,38.2085],[36.3941,38.2131],[36.3914,38.2158],[36.3807,38.2108],[36.3835,38.2178],[36.3848,38.2269],[36.3839,38.2327],[36.3805,38.2339],[36.382,38.2374],[36.3778,38.2434],[36.3805,38.2452],[36.3824,38.251],[36.3788,38.2572],[36.3826,38.2586],[36.387,38.255],[36.3856,38.2495],[36.3891,38.2416],[36.3915,38.2431],[36.3977,38.2431],[36.4072,38.2556],[36.4096,38.2629],[36.4161,38.2661],[36.4255,38.2636],[36.4401,38.2616],[36.4446,38.2591],[36.4469,38.2551],[36.461,38.25],[36.469,38.25],[36.4816,38.2448],[36.4835,38.2424],[36.4981,38.2439],[36.5018,38.2458],[36.5186,38.2472],[36.5231,38.2553],[36.5228,38.261],[36.526,38.2651],[36.5398,38.2668],[36.5497,38.2732],[36.5504,38.2796],[36.554,38.2876],[36.5645,38.2969],[36.5741,38.302],[36.5757,38.305],[36.5798,38.3068],[36.5837,38.3119],[36.5814,38.3181],[36.5769,38.3183],[36.5655,38.3246],[36.5655,38.3438],[36.5696,38.3511],[36.58,38.3621],[36.5935,38.3739],[36.601,38.3791],[36.6073,38.3857],[36.6004,38.3898],[36.6142,38.3967],[36.6155,38.3964],[36.6164,38.3864],[36.6176,38.3831],[36.6439,38.3902],[36.6578,38.3926],[36.6743,38.3928],[36.6797,38.3969],[36.683,38.3978],[36.688,38.4017],[36.6951,38.4053],[36.7144,38.4113],[36.7248,38.4157],[36.7374,38.4189],[36.742,38.4226],[36.7385,38.4248],[36.7405,38.4322],[36.7405,38.4369],[36.7284,38.4352],[36.7298,38.4468],[36.7245,38.4609],[36.7169,38.4632],[36.7066,38.4622],[36.6974,38.4686],[36.6901,38.4831],[36.6887,38.4872],[36.6789,38.4917],[36.6761,38.4943],[36.6683,38.4972],[36.6681,38.4995],[36.6782,38.4987],[36.6813,38.5032],[36.6964,38.5097],[36.6987,38.5127],[36.7155,38.5219],[36.7269,38.521],[36.7412,38.5219],[36.7514,38.5246],[36.7541,38.5271],[36.7488,38.531],[36.7548,38.5334],[36.7804,38.5371],[36.8193,38.5488],[36.8402,38.5547],[36.8806,38.5684],[36.9111,38.5705],[36.9315,38.5663],[36.9519,38.5664],[36.975,38.5714],[37.0215,38.5822],[37.0528,38.5854],[37.0638,38.5861],[37.0884,38.5822],[37.1445,38.5743],[37.1718,38.5726],[37.1992,38.5726],[37.2272,38.5753],[37.2425,38.5748],[37.2684,38.5683],[37.3002,38.5656],[37.3111,38.5501],[37.3119,38.539],[37.2936,38.5233],[37.2697,38.5125],[37.2634,38.5071],[37.2608,38.4986],[37.2628,38.4879],[37.269,38.4743],[37.2796,38.4724],[37.2902,38.4681],[37.2931,38.4554],[37.3015,38.4478],[37.3943,38.4237],[37.4061,38.4198],[37.4094,38.4173],[37.4119,38.4125],[37.4195,38.41],[37.4476,38.4046],[37.4692,38.396],[37.4797,38.3878],[37.4856,38.3862],[37.4942,38.3776],[37.5229,38.3608],[37.536,38.3524],[37.545,38.3508],[37.563,38.3508],[37.5687,38.347],[37.5949,38.335],[37.6033,38.3225],[37.6122,38.3187],[37.6243,38.3179],[37.6441,38.3091],[37.6512,38.3044],[37.6556,38.2986],[37.6627,38.2844],[37.6659,38.2813],[37.6662,38.2756],[37.6627,38.2609],[37.6713,38.2561],[37.6802,38.2486],[37.6805,38.2347],[37.6917,38.2296],[37.7026,38.2222],[37.719,38.2195],[37.732,38.2098],[37.7322,38.2038],[37.7519,38.1759],[37.7389,38.1525],[37.716,38.146],[37.7158,38.1384],[37.7228,38.1249],[37.7163,38.117],[37.7002,38.1068],[37.6804,38.0932],[37.6648,38.0791],[37.6373,38.0801],[37.6226,38.0671],[37.6354,38.0592],[37.6289,38.0497],[37.6211,38.0437],[37.6036,38.0396],[37.5949,38.0428],[37.5805,38.0378],[37.5878,38.0278],[37.5797,38.0187],[37.5737,37.9909],[37.593,37.9747],[37.5969,37.9621],[37.5939,37.9522],[37.6011,37.9463],[37.612,37.9385],[37.6031,37.9358],[37.598,37.9331],[37.5993,37.9297],[37.6079,37.9214],[37.6006,37.9147],[37.5873,37.9102],[37.5829,37.9026],[37.5699,37.8999],[37.5641,37.9007],[37.5586,37.9032],[37.5514,37.9081],[37.5429,37.9115],[37.5378,37.9196],[37.5357,37.9196],[37.5193,37.9107],[37.5093,37.9045],[37.4955,37.8919],[37.4876,37.8876],[37.4829,37.882],[37.4878,37.882],[37.5039,37.878],[37.5081,37.8744],[37.5085,37.8676],[37.5122,37.8648],[37.5126,37.8613],[37.5105,37.8581],[37.5131,37.8447],[37.5108,37.8398],[37.5096,37.8252],[37.5089,37.8037],[37.5082,37.7948],[37.5105,37.7939],[37.515,37.7978],[37.5187,37.7985],[37.5217,37.7956],[37.5197,37.7932],[37.5209,37.7868],[37.5186,37.7798],[37.5152,37.7744],[37.5067,37.7716],[37.4998,37.7648],[37.4901,37.7592],[37.4878,37.7543],[37.4836,37.7499],[37.467,37.7526],[37.4588,37.7558],[37.4533,37.7482],[37.4563,37.7429],[37.4559,37.7352],[37.4591,37.7212],[37.4666,37.7131],[37.4679,37.6935],[37.4694,37.6822],[37.4626,37.6747],[37.4578,37.6724],[37.4542,37.6677],[37.4536,37.6598],[37.4518,37.6545],[37.4468,37.6532],[37.4422,37.6499],[37.436,37.6409],[37.4422,37.6349],[37.4484,37.623],[37.4455,37.6163],[37.4514,37.6064],[37.4496,37.6002],[37.4507,37.574],[37.4584,37.5737],[37.4714,37.5626],[37.4957,37.5609],[37.4942,37.5707],[37.4987,37.5755],[37.5082,37.5791],[37.5077,37.586],[37.5128,37.5893],[37.5175,37.5906],[37.5274,37.5907],[37.5422,37.6069],[37.5498,37.6082],[37.5538,37.6104],[37.5583,37.6069],[37.5632,37.6055],[37.5644,37.5988],[37.5725,37.5941],[37.5807,37.5867],[37.5863,37.5832],[37.5871,37.5761],[37.5845,37.57],[37.5784,37.5427],[37.5814,37.5211],[37.5908,37.5089],[37.6033,37.49],[37.6038,37.4835],[37.5818,37.4816],[37.5712,37.4775],[37.5578,37.4607],[37.5443,37.445],[37.5329,37.4258],[37.5144,37.4083],[37.5067,37.4018],[37.497,37.3973],[37.4786,37.3942],[37.4765,37.3923],[37.4688,37.3949],[37.4627,37.3943],[37.4545,37.3917],[37.4515,37.3927],[37.4469,37.3822],[37.4451,37.3708],[37.4329,37.3638],[37.4191,37.3534],[37.3924,37.3377],[37.3762,37.3307],[37.361,37.3303],[37.3373,37.3237],[37.2973,37.3229],[37.2816,37.3326],[37.2663,37.3348],[37.2455,37.3311],[37.2306,37.324],[37.2128,37.2939],[37.1973,37.2839],[37.1895,37.2741],[37.1655,37.254],[37.1385,37.2439],[37.1214,37.2342],[37.1119,37.2166],[37.0924,37.2052],[37.0698,37.1949],[37.0056,37.181],[36.9991,37.1924],[36.9961,37.2046],[37.0095,37.2334],[37.0034,37.2453],[36.9839,37.256],[36.9689,37.2664],[36.967,37.2753],[36.9697,37.2868],[36.9694,37.29],[36.9654,37.2947],[36.9423,37.3087],[36.9174,37.3165],[36.9068,37.3167],[36.8958,37.3238],[36.8906,37.3231],[36.888,37.3183],[36.8795,37.3118],[36.876,37.2912],[36.8552,37.277],[36.855,37.2679],[36.8521,37.2634],[36.8463,37.2622],[36.8442,37.2565],[36.8384,37.2552],[36.8359,37.2533],[36.838,37.2434],[36.8322,37.2449],[36.8242,37.2445],[36.8193,37.2427],[36.8153,37.2374],[36.8021,37.2367],[36.7929,37.2388],[36.7811,37.2344],[36.7754,37.2338],[36.7715,37.2284],[36.7656,37.2312],[36.7556,37.2337],[36.7524,37.2331],[36.7464,37.2369],[36.7406,37.2293],[36.7177,37.2183],[36.714,37.2198],[36.7056,37.2177],[36.6931,37.2162],[36.6965,37.2203],[36.692,37.2265],[36.6927,37.2328],[36.6892,37.2407],[36.6767,37.2429],[36.6711,37.2421],[36.6742,37.2473],[36.6763,37.2548],[36.6743,37.259],[36.6757,37.2632],[36.6851,37.2705],[36.688,37.2782],[36.6594,37.2724],[36.6305,37.2979],[36.6316,37.3018],[36.6351,37.3061],[36.6422,37.3103],[36.6503,37.3188],[36.6697,37.3302],[36.6822,37.3457],[36.6914,37.3583],[36.6856,37.3641],[36.6713,37.361],[36.6528,37.3521],[36.6405,37.3491],[36.6282,37.3452],[36.6121,37.3481],[36.5784,37.347],[36.5527,37.3493],[36.5301,37.3527],[36.5247,37.3551],[36.5439,37.3708],[36.5582,37.3808],[36.5629,37.3876],[36.5733,37.3943],[36.579,37.4013],[36.585,37.4063],[36.5861,37.4118],[36.5775,37.4162],[36.5632,37.4213],[36.5504,37.4265],[36.5402,37.4327],[36.5252,37.436],[36.5186,37.4402],[36.514,37.4402],[36.5046,37.4284],[36.4788,37.4168],[36.4653,37.4141],[36.471,37.4076],[36.4751,37.395],[36.4745,37.384],[36.4686,37.3761],[36.4632,37.3724],[36.4602,37.3728],[36.4538,37.3692],[36.4488,37.3686],[36.4305,37.3689],[36.4263,37.363],[36.4212,37.3627],[36.4197,37.3658],[36.4142,37.3659],[36.4119,37.3633],[36.4126,37.3573],[36.4075,37.3553],[36.4039,37.3521],[36.3882,37.3526],[36.3759,37.3477],[36.3672,37.3511],[36.3617,37.3592],[36.3576,37.3636],[36.3525,37.3645],[36.3466,37.3592],[36.3422,37.3578],[36.3357,37.3644],[36.3193,37.3656],[36.3097,37.364],[36.3023,37.3614],[36.2851,37.3526],[36.2734,37.3588],[36.2627,37.3933],[36.2571,37.3968],[36.2667,37.4077],[36.2617,37.4103],[36.2635,37.4151],[36.2624,37.4187],[36.2532,37.4154],[36.2577,37.4288],[36.2606,37.4319],[36.2569,37.4365],[36.2522,37.4365],[36.256,37.4413],[36.2548,37.4465],[36.2522,37.4502],[36.2543,37.4548],[36.2578,37.4561],[36.259,37.4614],[36.2565,37.4627],[36.2535,37.469],[36.2533,37.4728],[36.2457,37.4769],[36.2498,37.481],[36.2457,37.4868],[36.2516,37.4952],[36.2515,37.4975],[36.2452,37.4967],[36.2466,37.5017],[36.2408,37.5057],[36.2409,37.5106],[36.2366,37.5203],[36.2404,37.5372],[36.2435,37.5391],[36.246,37.5438],[36.2464,37.5508],[36.2514,37.5592],[36.2495,37.5621],[36.2512,37.5663],[36.2543,37.5679],[36.2469,37.5799],[36.2494,37.5922],[36.2608,37.6017],[36.2581,37.6094],[36.2607,37.6116],[36.2604,37.6178],[36.2568,37.6229],[36.2563,37.6286],[36.2623,37.6441],[36.2663,37.6584],[36.266,37.6685],[36.2461,37.685],[36.2134,37.7148],[36.2135,37.718],[36.2186,37.7197],[36.2187,37.7221],[36.2238,37.7263],[36.2318,37.7287],[36.2336,37.7316],[36.2419,37.7325],[36.2429,37.7348],[36.2529,37.7437],[36.2588,37.744],[36.2607,37.7498]]]}},{"type":"Feature","properties":{"name":"Mardin","number":47},"geometry":{"type":"Polygon","coordinates":[[[41.0432,37.7364],[41.0549,37.7226],[41.0555,37.7129],[41.0757,37.6599],[41.0791,37.6525],[41.0776,37.6426],[41.0845,37.6386],[41.0854,37.6349],[41.0891,37.6326],[41.095,37.6251],[41.0966,37.6166],[41.0983,37.6127],[41.1027,37.6078],[41.1055,37.6086],[41.1089,37.6024],[41.1143,37.5955],[41.1109,37.5865],[41.1083,37.5848],[41.1104,37.5767],[41.1174,37.5596],[41.1284,37.5414],[41.1721,37.5065],[41.1868,37.4959],[41.2212,37.4936],[41.2472,37.5099],[41.3171,37.5138],[41.3597,37.5002],[41.4,37.4983],[41.4345,37.505],[41.457,37.5041],[41.4915,37.5042],[41.52,37.5128],[41.5345,37.5286],[41.5491,37.5295],[41.5654,37.5261],[41.5686,37.5264],[41.5691,37.5345],[41.5744,37.5368],[41.5768,37.5394],[41.5772,37.5442],[41.5839,37.5565],[41.5958,37.556],[41.5981,37.5599],[41.6016,37.5603],[41.5988,37.5694],[41.6098,37.5747],[41.6178,37.5757],[41.6178,37.5801],[41.6209,37.5834],[41.6236,37.5894],[41.6263,37.5909],[41.6283,37.5967],[41.6313,37.6005],[41.6416,37.6037],[41.6484,37.6033],[41.6481,37.6091],[41.651,37.6197],[41.656,37.6302],[41.6607,37.6335],[41.6671,37.633],[41.6703,37.6303],[41.6688,37.625],[41.6637,37.6208],[41.6831,37.6206],[41.6856,37.6163],[41.6901,37.6226],[41.704,37.6349],[41.7117,37.6482],[41.7133,37.6571],[41.7286,37.6828],[41.7482,37.6738],[41.7722,37.668],[41.8084,37.6718],[41.8125,37.6953],[41.8148,37.6926],[41.8141,37.6855],[41.8201,37.678],[41.8196,37.6682],[41.8244,37.6621],[41.8253,37.6567],[41.8238,37.6459],[41.836,37.6388],[41.8351,37.6347],[41.83,37.628],[41.8308,37.6244],[41.838,37.6201],[41.8451,37.6205],[41.8517,37.6184],[41.8547,37.6137],[41.8643,37.6115],[41.8739,37.6056],[41.8766,37.6006],[41.8757,37.5942],[41.8808,37.59],[41.8904,37.587],[41.8929,37.5821],[41.8967,37.5797],[41.8971,37.5738],[41.8929,37.5695],[41.8916,37.5612],[41.8919,37.5559],[41.8821,37.5514],[41.8729,37.5492],[41.8679,37.5458],[41.8636,37.5466],[41.8572,37.5507],[41.8529,37.5514],[41.8511,37.5485],[41.8553,37.538],[41.8551,37.5304],[41.8471,37.5253],[41.8426,37.5209],[41.8379,37.5205],[41.8382,37.5171],[41.8445,37.5082],[41.8512,37.5021],[41.8547,37.4935],[41.8535,37.4852],[41.856,37.4782],[41.8548,37.4751],[41.8499,37.4708],[41.8486,37.4671],[41.8519,37.4632],[41.8603,37.4576],[41.8577,37.4511],[41.8463,37.4443],[41.8483,37.4389],[41.8581,37.4309],[41.8636,37.4196],[41.8745,37.4118],[41.872,37.4075],[41.8756,37.404],[41.8681,37.3989],[41.8683,37.4042],[41.8617,37.407],[41.8595,37.4053],[41.8632,37.4002],[41.8591,37.3973],[41.8562,37.3986],[41.8521,37.4033],[41.8421,37.3991],[41.8388,37.4014],[41.8427,37.414],[41.8337,37.4078],[41.8303,37.4083],[41.8224,37.4128],[41.8206,37.4096],[41.8204,37.4032],[41.8055,37.4118],[41.8013,37.4121],[41.7932,37.4155],[41.7845,37.4172],[41.78,37.4202],[41.7738,37.4207],[41.7686,37.4186],[41.769,37.4153],[41.7666,37.4124],[41.7613,37.4125],[41.7588,37.4102],[41.752,37.4183],[41.736,37.4213],[41.7313,37.4244],[41.7185,37.4312],[41.7092,37.4347],[41.7067,37.4369],[41.6964,37.4403],[41.7016,37.4338],[41.6909,37.4273],[41.6982,37.4182],[41.6929,37.4162],[41.6895,37.4107],[41.6827,37.4101],[41.6727,37.4121],[41.6657,37.415],[41.6613,37.4119],[41.6612,37.4071],[41.6555,37.4094],[41.652,37.4045],[41.6404,37.407],[41.6361,37.4101],[41.6324,37.4148],[41.6342,37.4217],[41.6303,37.4292],[41.6264,37.4292],[41.6196,37.435],[41.6174,37.4403],[41.6209,37.4436],[41.62,37.4475],[41.6162,37.4513],[41.6118,37.4533],[41.6105,37.4581],[41.6047,37.4583],[41.5995,37.4563],[41.6038,37.453],[41.6012,37.4503],[41.6057,37.4462],[41.6006,37.4442],[41.6003,37.4407],[41.5947,37.4423],[41.5895,37.4397],[41.5892,37.4301],[41.5991,37.4302],[41.6022,37.4274],[41.6071,37.426],[41.6027,37.4225],[41.6009,37.4118],[41.6063,37.4112],[41.611,37.4067],[41.6088,37.4036],[41.6037,37.402],[41.6003,37.4036],[41.5904,37.402],[41.5872,37.3987],[41.5904,37.3951],[41.5904,37.3916],[41.5986,37.3812],[41.5913,37.3808],[41.5879,37.3848],[41.5807,37.3877],[41.5752,37.3834],[41.5755,37.3762],[41.5698,37.3682],[41.5704,37.3647],[41.5663,37.3627],[41.5635,37.3567],[41.5686,37.352],[41.5712,37.3471],[41.5707,37.3425],[41.5631,37.3371],[41.5644,37.3325],[41.5692,37.3314],[41.5726,37.3283],[41.5747,37.3229],[41.5768,37.3231],[41.5759,37.315],[41.5787,37.3161],[41.5781,37.3085],[41.5746,37.303],[41.5765,37.2943],[41.5672,37.292],[41.5642,37.2895],[41.5563,37.2878],[41.5501,37.2844],[41.5455,37.2758],[41.5557,37.2681],[41.5635,37.2657],[41.5666,37.2497],[41.5643,37.2467],[41.5642,37.241],[41.5678,37.2381],[41.5776,37.2416],[41.5851,37.248],[41.5942,37.25],[41.6014,37.2498],[41.6054,37.2578],[41.6098,37.2588],[41.6153,37.2636],[41.6267,37.2685],[41.631,37.2676],[41.6383,37.2726],[41.65,37.2643],[41.6579,37.2627],[41.658,37.2601],[41.6474,37.2469],[41.6525,37.2367],[41.6662,37.2225],[41.673,37.2115],[41.6779,37.1933],[41.6797,37.1771],[41.668,37.1594],[41.6646,37.1183],[41.6526,37.118],[41.6358,37.1146],[41.6303,37.1088],[41.623,37.1105],[41.6132,37.1098],[41.5975,37.1053],[41.594,37.1022],[41.5868,37.1007],[41.5708,37.0931],[41.5541,37.0869],[41.5498,37.0858],[41.5261,37.0841],[41.5213,37.0826],[41.5175,37.0779],[41.5029,37.0791],[41.4746,37.0799],[41.4449,37.0799],[41.3784,37.0791],[41.3706,37.0754],[41.361,37.0767],[41.3516,37.079],[41.2927,37.0809],[41.2797,37.0803],[41.271,37.0786],[41.2657,37.0796],[41.2486,37.0776],[41.237,37.0757],[41.2214,37.0697],[41.2228,37.0676],[41.2181,37.0619],[41.1982,37.0639],[41.1986,37.0796],[41.189,37.0841],[41.1796,37.0864],[41.1727,37.0902],[41.1679,37.0881],[41.1681,37.0925],[41.1636,37.0947],[41.1474,37.0975],[41.1429,37.0976],[41.1328,37.0951],[41.1293,37.0969],[41.1247,37.0967],[41.1168,37.0947],[41.0949,37.1009],[41.0751,37.1038],[41.047,37.1098],[41.0127,37.1157],[40.9832,37.116],[40.9693,37.1194],[40.9392,37.1259],[40.9155,37.1313],[40.9036,37.1315],[40.8913,37.1282],[40.8863,37.1279],[40.8727,37.1288],[40.8494,37.1224],[40.8455,37.1189],[40.8442,37.1126],[40.8378,37.1075],[40.8322,37.1068],[40.8226,37.1105],[40.8196,37.1131],[40.816,37.1209],[40.8125,37.1252],[40.8078,37.1251],[40.8014,37.1199],[40.7982,37.119],[40.7766,37.1223],[40.7688,37.1274],[40.7653,37.1274],[40.7621,37.1246],[40.7551,37.111],[40.7487,37.1095],[40.742,37.111],[40.7313,37.109],[40.7226,37.1084],[40.7118,37.1041],[40.698,37.1044],[40.6952,37.1036],[40.6777,37.0921],[40.649,37.0797],[40.6309,37.0722],[40.6197,37.0649],[40.6156,37.0636],[40.5927,37.0628],[40.5883,37.0616],[40.5707,37.0491],[40.5321,37.0289],[40.5281,37.0278],[40.4463,37.0193],[40.4191,37.0163],[40.4195,37.0119],[40.416,37.0118],[40.4121,37.0147],[40.3984,37.0078],[40.3834,36.9918],[40.3792,36.9797],[40.3574,36.963],[40.3488,36.9601],[40.3422,36.9595],[40.3345,36.956],[40.3094,36.9409],[40.3053,36.9387],[40.2667,36.9218],[40.2597,36.9196],[40.2408,36.916],[40.2334,36.9114],[40.2333,36.9169],[40.2254,36.9174],[40.2208,36.9203],[40.2134,36.9325],[40.2136,36.9367],[40.2196,36.942],[40.2229,36.9434],[40.2299,36.9436],[40.2345,36.945],[40.2352,36.9507],[40.2385,36.9536],[40.2365,36.9575],[40.2291,36.9598],[40.2198,36.9648],[40.2143,36.9648],[40.2079,36.9706],[40.1855,36.9763],[40.1786,36.9774],[40.1744,36.9848],[40.1777,36.9909],[40.1804,36.9929],[40.1871,36.9928],[40.1845,36.9983],[40.1782,36.9992],[40.1755,37.002],[40.1747,37.0066],[40.1694,37.0077],[40.1653,37.0143],[40.16,37.0171],[40.1624,37.02],[40.1593,37.0234],[40.1589,37.0303],[40.166,37.0372],[40.1643,37.0415],[40.1596,37.0444],[40.1585,37.0488],[40.1633,37.055],[40.1549,37.0606],[40.1552,37.0648],[40.1611,37.0681],[40.1575,37.0709],[40.1507,37.0704],[40.1517,37.076],[40.1506,37.0808],[40.1451,37.083],[40.1436,37.0857],[40.1341,37.0888],[40.1278,37.0883],[40.1268,37.0943],[40.1321,37.0983],[40.1319,37.1031],[40.1358,37.1064],[40.1368,37.1109],[40.1335,37.1129],[40.1302,37.1101],[40.125,37.1167],[40.1169,37.1165],[40.1176,37.1205],[40.1122,37.1281],[40.1058,37.1328],[40.1091,37.136],[40.1071,37.1385],[40.1007,37.1357],[40.0982,37.1392],[40.099,37.1436],[40.1034,37.1507],[40.1026,37.1585],[40.1001,37.1637],[40.1023,37.1657],[40.095,37.169],[40.0899,37.1668],[40.0914,37.1613],[40.0903,37.1586],[40.082,37.1553],[40.0785,37.1577],[40.0824,37.1611],[40.0816,37.1637],[40.0729,37.1621],[40.0693,37.1687],[40.0597,37.17],[40.0612,37.1758],[40.0551,37.1797],[40.0485,37.1797],[40.0504,37.1888],[40.043,37.1933],[40.035,37.1865],[40.0312,37.1871],[40.0323,37.1925],[40.022,37.1986],[40.019,37.202],[40.0202,37.2081],[40.0238,37.2139],[40.0211,37.218],[40.0159,37.2185],[40.0121,37.2211],[40.0118,37.2245],[40.018,37.2255],[40.0202,37.2289],[40.0131,37.232],[40.0131,37.2386],[40.0103,37.2474],[40.0051,37.2502],[40.0051,37.2532],[40.0111,37.256],[40.0112,37.2626],[40.0077,37.2649],[40.0089,37.2706],[40.004,37.2739],[40.0003,37.2786],[40.0002,37.2816],[39.9941,37.2939],[39.9886,37.2953],[39.9838,37.3009],[39.987,37.3058],[39.9838,37.3107],[39.9844,37.3165],[39.9778,37.3229],[39.9775,37.3284],[39.9793,37.3302],[39.9744,37.3353],[39.9693,37.3458],[39.9659,37.3469],[39.9689,37.3517],[39.9668,37.354],[39.9683,37.3569],[39.9683,37.3628],[39.9664,37.3661],[39.9626,37.3679],[39.9622,37.3723],[39.9589,37.3734],[39.9564,37.378],[39.9493,37.3866],[39.9519,37.4035],[39.9462,37.4094],[39.9295,37.4286],[39.9038,37.4552],[39.8913,37.4707],[39.8861,37.4818],[39.8848,37.4908],[39.8953,37.5064],[39.922,37.527],[39.9464,37.5371],[39.9951,37.5128],[40.0189,37.5185],[40.0473,37.5277],[40.0805,37.5373],[40.102,37.5553],[40.1226,37.5624],[40.1454,37.5612],[40.1576,37.5486],[40.1902,37.5349],[40.216,37.5233],[40.2329,37.5188],[40.245,37.5188],[40.2673,37.5176],[40.2863,37.5185],[40.3209,37.5218],[40.3569,37.5326],[40.3911,37.5495],[40.4073,37.5464],[40.4436,37.555],[40.4518,37.5659],[40.4518,37.5739],[40.4398,37.5817],[40.4347,37.5892],[40.4351,37.5995],[40.4394,37.6027],[40.4468,37.6039],[40.4636,37.6001],[40.4985,37.5933],[40.5224,37.5928],[40.5433,37.5852],[40.5624,37.5652],[40.5887,37.5571],[40.6238,37.5502],[40.649,37.5382],[40.6614,37.5342],[40.6742,37.5337],[40.6733,37.5506],[40.6771,37.5652],[40.6841,37.5835],[40.6781,37.5941],[40.6821,37.606],[40.6769,37.6146],[40.6725,37.6257],[40.6573,37.6456],[40.6486,37.6557],[40.6597,37.6844],[40.66,37.7137],[40.6646,37.7307],[40.6752,37.735],[40.6728,37.7247],[40.6769,37.716],[40.6827,37.7055],[40.6974,37.6922],[40.711,37.6809],[40.732,37.6775],[40.7649,37.6568],[40.8009,37.6514],[40.8241,37.6505],[40.8473,37.6489],[40.858,37.641],[40.8695,37.6375],[40.8784,37.6425],[40.8852,37.6476],[40.8911,37.6554],[40.8966,37.658],[40.9149,37.6557],[40.9289,37.6614],[40.944,37.6695],[40.9575,37.6748],[40.9703,37.6871],[40.9906,37.7042],[41.0136,37.7194],[41.0432,37.7364]]]}},{"type":"Feature","properties":{"name":"Muğla","number":48},"geometry":{"type":"MultiPolygon","coordinates":[[[[29.7308,36.9589],[29.7462,36.9514],[29.7605,36.9393],[29.7695,36.9087],[29.7718,36.879],[29.7671,36.8415],[29.7593,36.816],[29.7501,36.8033],[29.7424,36.7663],[29.7397,36.7426],[29.7002,36.7082],[29.6953,36.7042],[29.6934,36.687],[29.6849,36.6527],[29.6674,36.6192],[29.6594,36.6125],[29.6553,36.6062],[29.6439,36.6017],[29.6425,36.5981],[29.6243,36.5896],[29.6113,36.5651],[29.6,36.5633],[29.5799,36.5459],[29.5586,36.5338],[29.5375,36.5205],[29.5236,36.5093],[29.5116,36.5019],[29.4972,36.4825],[29.4893,36.4752],[29.4725,36.4678],[29.4669,36.468],[29.4538,36.4616],[29.4383,36.4629],[29.4264,36.4675],[29.4084,36.4686],[29.4076,36.4724],[29.4014,36.4741],[29.3933,36.4736],[29.3735,36.466],[29.3681,36.466],[29.3583,36.4586],[29.3576,36.4547],[29.3507,36.45],[29.3492,36.4464],[29.344,36.444],[29.339,36.4369],[29.3333,36.4386],[29.3237,36.4391],[29.3165,36.431],[29.3173,36.4283],[29.3243,36.4236],[29.3262,36.4196],[29.3239,36.4043],[29.3314,36.4042],[29.3294,36.4011],[29.3326,36.3995],[29.3342,36.3938],[29.3253,36.3926],[29.3244,36.3877],[29.3135,36.3885],[29.3164,36.3854],[29.3153,36.3794],[29.3172,36.3767],[29.3127,36.3746],[29.3107,36.3703],[29.319,36.3646],[29.3159,36.3632],[29.3176,36.3517],[29.3165,36.3481],[29.3124,36.3446],[29.3123,36.3387],[29.3151,36.3349],[29.3133,36.331],[29.315,36.3289],[29.3157,36.323],[29.3147,36.32],[29.3054,36.3127],[29.3045,36.3086],[29.3,36.3112],[29.2939,36.3105],[29.2881,36.3066],[29.2865,36.3106],[29.2829,36.3102],[29.2825,36.3065],[29.2775,36.3073],[29.2762,36.3044],[29.2829,36.3032],[29.285,36.2964],[29.283,36.2942],[29.2685,36.2939],[29.262,36.2932],[29.2551,36.3024],[29.2443,36.3133],[29.2412,36.3148],[29.2385,36.319],[29.2248,36.3287],[29.2167,36.3257],[29.2115,36.3259],[29.2101,36.3283],[29.2042,36.3299],[29.2036,36.332],[29.1949,36.3366],[29.1896,36.3339],[29.1824,36.3382],[29.1837,36.3415],[29.1753,36.3452],[29.1653,36.3413],[29.1611,36.3484],[29.1651,36.3522],[29.1573,36.357],[29.1519,36.3547],[29.1473,36.3578],[29.1433,36.3572],[29.1395,36.3589],[29.1385,36.3645],[29.1429,36.3666],[29.1418,36.3709],[29.1476,36.3761],[29.1446,36.3791],[29.1359,36.3768],[29.1252,36.3773],[29.1225,36.3794],[29.1209,36.391],[29.1149,36.393],[29.1101,36.3895],[29.1105,36.3871],[29.104,36.3868],[29.0996,36.3914],[29.1029,36.3979],[29.1029,36.4043],[29.1135,36.4082],[29.114,36.4124],[29.1213,36.4127],[29.1296,36.4142],[29.1322,36.417],[29.1304,36.4206],[29.125,36.4216],[29.1217,36.4238],[29.1272,36.4272],[29.1302,36.4257],[29.1343,36.4285],[29.129,36.4376],[29.1315,36.4398],[29.1299,36.4448],[29.1257,36.4459],[29.122,36.4557],[29.1255,36.4603],[29.1235,36.4625],[29.1158,36.463],[29.1116,36.4677],[29.1041,36.4691],[29.1011,36.4754],[29.1078,36.4801],[29.1109,36.4846],[29.1153,36.4968],[29.1221,36.4959],[29.1268,36.4982],[29.1225,36.5009],[29.1187,36.5052],[29.1205,36.5072],[29.1264,36.5219],[29.1251,36.5245],[29.1274,36.5282],[29.1255,36.5374],[29.1266,36.5408],[29.1204,36.5471],[29.1159,36.5493],[29.114,36.554],[29.1059,36.5557],[29.1034,36.5537],[29.1099,36.5493],[29.1024,36.5455],[29.0936,36.5485],[29.0959,36.5507],[29.0941,36.5544],[29.0904,36.5574],[29.0912,36.5598],[29.0888,36.5643],[29.0838,36.5635],[29.082,36.5588],[29.0669,36.5569],[29.06,36.5582],[29.049,36.5589],[29.0527,36.5485],[29.0555,36.5447],[29.0521,36.5419],[29.0418,36.5391],[29.0342,36.5431],[29.0308,36.5383],[29.0267,36.5385],[29.022,36.5411],[29.0163,36.5415],[29.0106,36.5445],[29.0111,36.5477],[29.0158,36.549],[29.0182,36.5471],[29.0263,36.547],[29.0324,36.5531],[29.0367,36.5533],[29.0416,36.557],[29.0474,36.5588],[29.0453,36.5659],[29.0398,36.5681],[29.0329,36.5676],[29.0341,36.5716],[29.0327,36.5749],[29.0345,36.5786],[29.0232,36.5821],[29.0237,36.5885],[29.0299,36.5914],[29.0305,36.5985],[29.0278,36.6009],[29.0314,36.6081],[29.0366,36.6093],[29.0353,36.613],[29.0442,36.6217],[29.049,36.6171],[29.0548,36.6133],[29.0588,36.6165],[29.0666,36.6164],[29.0679,36.6145],[29.076,36.6147],[29.0744,36.6205],[29.0792,36.6206],[29.076,36.6272],[29.0783,36.6284],[29.0768,36.6387],[29.0741,36.6414],[29.0794,36.6447],[29.0862,36.642],[29.0897,36.644],[29.0939,36.6411],[29.0983,36.6359],[29.1017,36.6343],[29.0978,36.6304],[29.0934,36.6318],[29.0876,36.622],[29.0905,36.6199],[29.1027,36.6229],[29.1069,36.6218],[29.1157,36.6253],[29.1179,36.631],[29.1214,36.6357],[29.1209,36.6428],[29.1217,36.6478],[29.1171,36.6536],[29.11,36.6527],[29.1103,36.6575],[29.1075,36.6635],[29.103,36.6703],[29.0939,36.6779],[29.0887,36.6798],[29.0832,36.6778],[29.0731,36.6819],[29.0668,36.6802],[29.0618,36.6802],[29.055,36.682],[29.0432,36.6898],[29.037,36.6959],[29.0339,36.6968],[29.0326,36.7012],[29.0347,36.7063],[29.0331,36.7083],[29.0279,36.7057],[29.0245,36.7064],[29.0194,36.7034],[29.0141,36.7042],[29.0212,36.7104],[29.022,36.7139],[29.0193,36.716],[29.0097,36.7105],[29.0032,36.7136],[28.9981,36.7144],[28.9958,36.7102],[28.9875,36.7175],[28.9862,36.7203],[28.9813,36.7192],[28.978,36.7263],[28.9749,36.7264],[28.9703,36.7315],[28.9648,36.7297],[28.9603,36.733],[28.9527,36.735],[28.9494,36.7372],[28.9491,36.7407],[28.9423,36.7463],[28.9446,36.7489],[28.9414,36.7538],[28.9372,36.7559],[28.929,36.7556],[28.9259,36.7521],[28.9305,36.7507],[28.9308,36.7466],[28.9248,36.745],[28.9242,36.7414],[28.928,36.7379],[28.9258,36.7342],[28.9194,36.7332],[28.9225,36.7305],[28.9194,36.7278],[28.914,36.7281],[28.9084,36.7234],[28.9135,36.7216],[28.91,36.7175],[28.9096,36.7134],[28.8984,36.714],[28.8939,36.7124],[28.9007,36.7084],[28.9092,36.7068],[28.9055,36.7045],[28.8981,36.7029],[28.8965,36.6994],[28.8924,36.7006],[28.8803,36.7001],[28.8766,36.6989],[28.8794,36.6952],[28.8769,36.6934],[28.8711,36.6973],[28.8656,36.6979],[28.8639,36.6946],[28.8685,36.6919],[28.8658,36.6846],[28.8655,36.6802],[28.8622,36.6801],[28.8573,36.6758],[28.8642,36.6747],[28.8682,36.6711],[28.8659,36.6681],[28.851,36.664],[28.8529,36.6579],[28.8657,36.6535],[28.8595,36.6505],[28.8494,36.6428],[28.8549,36.64],[28.8618,36.6444],[28.8631,36.6409],[28.8689,36.6357],[28.8692,36.6335],[28.8793,36.6339],[28.8772,36.638],[28.8786,36.6412],[28.8781,36.6476],[28.8848,36.6475],[28.8901,36.6437],[28.8948,36.645],[28.8961,36.6484],[28.9048,36.6507],[28.9078,36.6472],[28.9051,36.6439],[28.9047,36.64],[28.8996,36.6409],[28.8905,36.6386],[28.8831,36.6313],[28.8814,36.6255],[28.8736,36.6248],[28.8758,36.6214],[28.8687,36.6199],[28.8668,36.6168],[28.8685,36.6125],[28.8672,36.6094],[28.8673,36.6021],[28.8606,36.601],[28.8577,36.5956],[28.8471,36.5895],[28.8425,36.5975],[28.836,36.6022],[28.8294,36.6054],[28.8291,36.6118],[28.8251,36.6144],[28.8282,36.6201],[28.8259,36.627],[28.8304,36.6273],[28.8371,36.6304],[28.8447,36.6357],[28.8521,36.6366],[28.843,36.6425],[28.8306,36.639],[28.8297,36.6444],[28.8311,36.647],[28.8263,36.6519],[28.8246,36.6557],[28.8205,36.6589],[28.8159,36.6594],[28.8123,36.6563],[28.8041,36.656],[28.7966,36.6509],[28.7937,36.6517],[28.7964,36.6568],[28.7946,36.6587],[28.7975,36.6647],[28.8025,36.6673],[28.8035,36.6702],[28.7989,36.6768],[28.7931,36.6822],[28.7873,36.6861],[28.7707,36.6929],[28.7566,36.6979],[28.7394,36.7027],[28.7235,36.7055],[28.7107,36.7047],[28.6966,36.7005],[28.6902,36.6999],[28.6882,36.6968],[28.6796,36.6955],[28.6768,36.6931],[28.67,36.6917],[28.6693,36.6952],[28.6737,36.6976],[28.6719,36.6999],[28.6744,36.7062],[28.6669,36.7074],[28.6645,36.7191],[28.661,36.7195],[28.6563,36.7171],[28.649,36.7218],[28.6447,36.7211],[28.6419,36.7137],[28.6386,36.7107],[28.6367,36.7033],[28.6299,36.6992],[28.6261,36.6988],[28.621,36.703],[28.6176,36.704],[28.6179,36.7076],[28.6157,36.7136],[28.617,36.7159],[28.6224,36.7163],[28.6211,36.7216],[28.6209,36.7286],[28.6161,36.7356],[28.6102,36.7321],[28.6111,36.7393],[28.6202,36.7406],[28.624,36.7507],[28.6275,36.754],[28.6313,36.7534],[28.6331,36.7584],[28.6202,36.7565],[28.6142,36.759],[28.6157,36.7616],[28.6134,36.7646],[28.6177,36.7715],[28.6273,36.7727],[28.6304,36.7742],[28.6292,36.7814],[28.6269,36.7851],[28.6206,36.7915],[28.6108,36.7978],[28.6035,36.8013],[28.5945,36.8012],[28.5962,36.8068],[28.588,36.8159],[28.5764,36.8182],[28.5721,36.8169],[28.5688,36.8178],[28.5633,36.8221],[28.565,36.8265],[28.5597,36.8283],[28.5579,36.8319],[28.5504,36.8308],[28.5484,36.8295],[28.5497,36.8221],[28.5454,36.8191],[28.5493,36.8163],[28.5445,36.8127],[28.5405,36.8128],[28.5333,36.8106],[28.5286,36.807],[28.5305,36.8047],[28.529,36.7997],[28.5339,36.7995],[28.5356,36.7958],[28.5399,36.7952],[28.5416,36.7924],[28.5403,36.7873],[28.5334,36.7862],[28.5296,36.7897],[28.5232,36.7892],[28.5197,36.7919],[28.5193,36.8001],[28.5126,36.8001],[28.5077,36.7944],[28.5027,36.7909],[28.4992,36.7938],[28.4988,36.7982],[28.4933,36.7999],[28.496,36.8039],[28.4965,36.8076],[28.5001,36.8084],[28.5026,36.814],[28.4967,36.8188],[28.4896,36.8164],[28.4836,36.8167],[28.4753,36.8142],[28.4709,36.8154],[28.4634,36.8116],[28.4567,36.8189],[28.4571,36.823],[28.4525,36.8254],[28.4554,36.8292],[28.4506,36.8318],[28.4519,36.8376],[28.4561,36.8367],[28.4567,36.841],[28.452,36.8433],[28.4514,36.8473],[28.4553,36.8522],[28.4655,36.8518],[28.4683,36.8559],[28.468,36.8668],[28.4609,36.8682],[28.4562,36.8674],[28.4566,36.872],[28.4622,36.8735],[28.4562,36.8793],[28.4468,36.8805],[28.4435,36.8727],[28.4452,36.8672],[28.4386,36.8662],[28.4388,36.8635],[28.4329,36.8589],[28.4289,36.8606],[28.4257,36.8579],[28.4219,36.8583],[28.4178,36.8562],[28.4077,36.8547],[28.4058,36.8593],[28.4083,36.8626],[28.4074,36.8662],[28.4036,36.8672],[28.3968,36.8612],[28.395,36.8529],[28.3893,36.853],[28.3789,36.8473],[28.3784,36.845],[28.3827,36.8383],[28.3857,36.8358],[28.3946,36.8345],[28.4048,36.8398],[28.418,36.8368],[28.4242,36.8386],[28.4259,36.836],[28.4263,36.8291],[28.4231,36.8267],[28.4226,36.8221],[28.4244,36.8177],[28.4173,36.8137],[28.4142,36.8094],[28.4142,36.8032],[28.4108,36.8012],[28.412,36.7973],[28.4078,36.7938],[28.4077,36.7897],[28.3986,36.7853],[28.3917,36.7893],[28.382,36.7881],[28.3827,36.7939],[28.3778,36.7983],[28.373,36.7981],[28.3673,36.7955],[28.3622,36.7971],[28.3577,36.8006],[28.3548,36.8061],[28.3494,36.8077],[28.3448,36.8068],[28.3374,36.8076],[28.3349,36.8098],[28.3255,36.8113],[28.3202,36.8144],[28.31,36.8176],[28.3059,36.8158],[28.3057,36.8116],[28.3016,36.803],[28.3082,36.7988],[28.3119,36.7978],[28.3118,36.7944],[28.3022,36.7969],[28.2925,36.796],[28.2913,36.7932],[28.2874,36.7929],[28.2834,36.7952],[28.2741,36.7961],[28.2702,36.7983],[28.2741,36.8022],[28.2734,36.8061],[28.268,36.8125],[28.2772,36.8139],[28.28,36.8112],[28.285,36.8135],[28.2923,36.8187],[28.3056,36.8179],[28.3123,36.8196],[28.3154,36.8236],[28.3151,36.8276],[28.3107,36.8298],[28.3025,36.8292],[28.2958,36.8333],[28.2937,36.8395],[28.2886,36.8418],[28.2844,36.8482],[28.2777,36.8533],[28.2756,36.8506],[28.2713,36.8529],[28.2669,36.8518],[28.2548,36.8424],[28.2446,36.8321],[28.2428,36.8255],[28.2439,36.8179],[28.2404,36.8117],[28.2334,36.8071],[28.235,36.8016],[28.2379,36.7998],[28.2453,36.8005],[28.2477,36.7955],[28.2549,36.7913],[28.2555,36.7874],[28.2521,36.7827],[28.2535,36.7781],[28.2496,36.7781],[28.2485,36.774],[28.2524,36.7703],[28.2609,36.7673],[28.2675,36.7662],[28.2654,36.7615],[28.2684,36.7582],[28.2673,36.7521],[28.2684,36.7483],[28.2745,36.7445],[28.2841,36.7474],[28.2872,36.7504],[28.2932,36.7473],[28.2977,36.7377],[28.2924,36.7338],[28.2996,36.7278],[28.2923,36.7252],[28.2907,36.7205],[28.2832,36.7215],[28.2822,36.7319],[28.2762,36.7366],[28.2729,36.7337],[28.266,36.7303],[28.264,36.7332],[28.2542,36.7311],[28.2503,36.7253],[28.2476,36.7234],[28.2482,36.7197],[28.2463,36.7159],[28.2423,36.7183],[28.2373,36.7162],[28.2398,36.7129],[28.2335,36.7089],[28.2304,36.705],[28.2336,36.7005],[28.2294,36.6991],[28.2233,36.7],[28.221,36.6967],[28.2218,36.6929],[28.2264,36.6912],[28.2252,36.6887],[28.2204,36.6882],[28.216,36.6919],[28.2115,36.6911],[28.2096,36.6886],[28.2042,36.6911],[28.1991,36.6905],[28.1977,36.6864],[28.1907,36.6867],[28.1894,36.6844],[28.184,36.6841],[28.1823,36.6814],[28.1772,36.6796],[28.17,36.6819],[28.1601,36.6798],[28.1564,36.6767],[28.1549,36.6718],[28.1603,36.6707],[28.1634,36.668],[28.1595,36.6663],[28.1575,36.6629],[28.1521,36.6617],[28.1504,36.6555],[28.1469,36.6545],[28.1425,36.6499],[28.1463,36.6476],[28.1459,36.6442],[28.1358,36.631],[28.1305,36.6231],[28.1272,36.6221],[28.1243,36.6149],[28.1211,36.6131],[28.121,36.6098],[28.115,36.6004],[28.1077,36.5978],[28.1061,36.5929],[28.1017,36.59],[28.0978,36.5905],[28.096,36.5866],[28.0931,36.5872],[28.0885,36.5824],[28.0844,36.5871],[28.0798,36.5882],[28.0805,36.5911],[28.0781,36.5955],[28.0738,36.5941],[28.066,36.5952],[28.0648,36.591],[28.0563,36.5822],[28.0537,36.5823],[28.0504,36.5763],[28.0492,36.5714],[28.0458,36.5725],[28.043,36.5695],[28.0366,36.5657],[28.0354,36.5633],[28.0261,36.5625],[28.0245,36.5698],[28.0208,36.5701],[28.015,36.5743],[28.0109,36.5725],[28.0143,36.5675],[28.014,36.5634],[28.0076,36.5667],[28.0045,36.5663],[27.9972,36.5683],[27.9896,36.5596],[27.9857,36.5593],[27.9836,36.5548],[27.9792,36.5543],[27.9806,36.5608],[27.9802,36.5663],[27.977,36.5707],[27.9718,36.5732],[27.9656,36.5811],[27.9764,36.5834],[27.9776,36.5868],[27.9697,36.5932],[27.9641,36.5961],[27.9607,36.6044],[27.9721,36.6101],[27.9792,36.6094],[27.9838,36.6118],[27.991,36.6074],[28.0002,36.6078],[28.005,36.6053],[28.0126,36.6067],[28.0244,36.6033],[28.0317,36.602],[28.0344,36.6041],[28.0385,36.6038],[28.0487,36.6061],[28.0532,36.6081],[28.0566,36.605],[28.0641,36.605],[28.0628,36.6105],[28.0779,36.6204],[28.0787,36.6263],[28.0851,36.6328],[28.0912,36.6361],[28.0954,36.6408],[28.0958,36.6452],[28.0913,36.6508],[28.0847,36.6564],[28.0816,36.6612],[28.0739,36.6606],[28.0706,36.6561],[28.0687,36.6488],[28.0648,36.6495],[28.0686,36.6553],[28.0608,36.6579],[28.0581,36.6546],[28.0531,36.6556],[28.0555,36.6595],[28.0611,36.6588],[28.0618,36.663],[28.0681,36.6702],[28.0692,36.6738],[28.0564,36.6745],[28.0532,36.6729],[28.0483,36.6746],[28.0522,36.6839],[28.0457,36.6888],[28.043,36.6925],[28.0394,36.6908],[28.0341,36.6858],[28.0406,36.6821],[28.0375,36.6773],[28.0391,36.6735],[28.0314,36.6735],[28.0272,36.6724],[28.0233,36.6684],[28.0112,36.6721],[28.0071,36.6696],[28.001,36.6752],[27.9968,36.6743],[27.993,36.6706],[27.9905,36.6708],[27.9869,36.6753],[27.9752,36.6742],[27.9721,36.6771],[27.9685,36.6761],[27.9639,36.6788],[27.9642,36.6834],[27.9671,36.6859],[27.9727,36.6861],[27.9745,36.6918],[27.98,36.691],[27.9778,36.684],[27.9811,36.6832],[27.9865,36.6871],[27.9815,36.6941],[27.9872,36.698],[27.9971,36.6972],[27.9974,36.7021],[28.008,36.7041],[28.0074,36.6984],[28.0095,36.6978],[28.0134,36.7023],[28.0154,36.7075],[28.0211,36.7085],[28.0272,36.705],[28.0363,36.7079],[28.0428,36.7028],[28.0433,36.7131],[28.0444,36.7158],[28.0508,36.7198],[28.06,36.7211],[28.0612,36.7224],[28.0765,36.7254],[28.0832,36.7279],[28.0884,36.7283],[28.087,36.7239],[28.0975,36.7269],[28.0983,36.7256],[28.0916,36.721],[28.0874,36.7204],[28.0854,36.718],[28.0891,36.7086],[28.0988,36.7049],[28.103,36.7064],[28.1047,36.7118],[28.1134,36.7162],[28.1158,36.7211],[28.1126,36.7238],[28.1139,36.728],[28.1214,36.7258],[28.1288,36.7249],[28.1304,36.7274],[28.1266,36.732],[28.123,36.7341],[28.1155,36.7359],[28.1056,36.7366],[28.1037,36.7387],[28.0948,36.7403],[28.085,36.7437],[28.0844,36.7489],[28.0912,36.7533],[28.094,36.7573],[28.0925,36.7629],[28.1,36.7685],[28.1062,36.7659],[28.1095,36.7624],[28.1188,36.7691],[28.1215,36.7651],[28.1196,36.7635],[28.1315,36.753],[28.1331,36.7579],[28.1301,36.7595],[28.129,36.768],[28.1301,36.7695],[28.1225,36.7731],[28.125,36.7762],[28.124,36.7835],[28.1283,36.7872],[28.1276,36.7911],[28.1312,36.7948],[28.1259,36.8023],[28.1231,36.804],[28.1101,36.8043],[28.0989,36.8015],[28.0947,36.7986],[28.0943,36.7961],[28.0898,36.7944],[28.0848,36.7972],[28.0806,36.7957],[28.0818,36.7923],[28.0757,36.7908],[28.0736,36.7878],[28.0798,36.7851],[28.0802,36.7805],[28.0782,36.7754],[28.0752,36.7745],[28.065,36.7749],[28.062,36.7699],[28.0644,36.7681],[28.0616,36.7646],[28.0531,36.7661],[28.0467,36.7629],[28.0445,36.768],[28.0408,36.7713],[28.0406,36.7764],[28.0454,36.7802],[28.0413,36.783],[28.0393,36.7776],[28.0351,36.7711],[28.0304,36.7671],[28.023,36.7678],[28.0207,36.7631],[28.0169,36.7621],[28.0159,36.7592],[28.0118,36.759],[28.0109,36.7639],[28.0077,36.7651],[27.9984,36.7604],[27.9932,36.7588],[27.9885,36.7596],[27.9795,36.758],[27.9783,36.7624],[27.9747,36.7616],[27.9731,36.756],[27.9692,36.7522],[27.9659,36.7523],[27.9669,36.7607],[27.9591,36.7597],[27.9514,36.7603],[27.9472,36.7562],[27.9475,36.7533],[27.9427,36.7519],[27.9369,36.7483],[27.9305,36.7426],[27.925,36.7438],[27.9195,36.7508],[27.921,36.7546],[27.914,36.7541],[27.9085,36.7559],[27.9028,36.7553],[27.8955,36.757],[27.8911,36.7533],[27.8952,36.7477],[27.8984,36.7474],[27.8979,36.7412],[27.8912,36.7422],[27.8912,36.7443],[27.885,36.7504],[27.8892,36.7518],[27.8893,36.7551],[27.8814,36.7583],[27.875,36.7574],[27.8715,36.7534],[27.8711,36.7445],[27.8603,36.7451],[27.8491,36.7483],[27.8405,36.7456],[27.8369,36.7472],[27.8352,36.7553],[27.8288,36.759],[27.8212,36.7619],[27.8077,36.7642],[27.8042,36.7639],[27.7997,36.7576],[27.7929,36.7565],[27.7932,36.7597],[27.7802,36.7558],[27.7724,36.7601],[27.7518,36.7635],[27.7378,36.7635],[27.7252,36.7606],[27.7177,36.7569],[27.7087,36.7494],[27.704,36.7425],[27.7012,36.7402],[27.7003,36.7342],[27.6967,36.7319],[27.6912,36.7311],[27.6864,36.7245],[27.6885,36.719],[27.6957,36.7161],[27.6962,36.7112],[27.6924,36.7085],[27.6916,36.7035],[27.6856,36.7019],[27.6794,36.704],[27.6757,36.7008],[27.6752,36.6934],[27.6771,36.6886],[27.6715,36.683],[27.6734,36.6797],[27.6719,36.6735],[27.6751,36.6643],[27.6715,36.6593],[27.6575,36.6644],[27.6549,36.663],[27.6505,36.6647],[27.6495,36.6683],[27.6445,36.6696],[27.6394,36.6753],[27.6346,36.6745],[27.6333,36.6718],[27.6177,36.6751],[27.6162,36.6784],[27.6123,36.6815],[27.6072,36.6814],[27.6044,36.683],[27.5989,36.6806],[27.5948,36.6826],[27.59,36.6821],[27.583,36.6795],[27.5781,36.684],[27.5742,36.6852],[27.5675,36.6771],[27.5624,36.6759],[27.5616,36.6792],[27.5569,36.6815],[27.5518,36.682],[27.5427,36.6741],[27.5334,36.6752],[27.533,36.6712],[27.5242,36.6778],[27.5169,36.678],[27.5112,36.6757],[27.5026,36.6698],[27.4992,36.6636],[27.4934,36.6626],[27.4836,36.6564],[27.484,36.654],[27.4797,36.6517],[27.4767,36.6547],[27.4725,36.6541],[27.4679,36.6618],[27.4628,36.661],[27.4575,36.6618],[27.452,36.6601],[27.4482,36.6624],[27.4373,36.6627],[27.4364,36.6646],[27.4236,36.6706],[27.4174,36.6689],[27.4101,36.6639],[27.4017,36.6694],[27.4048,36.6747],[27.405,36.6778],[27.4022,36.6804],[27.3966,36.6814],[27.3931,36.68],[27.3877,36.6807],[27.3853,36.6847],[27.3745,36.6857],[27.3741,36.6814],[27.3638,36.6845],[27.3634,36.6883],[27.3708,36.6863],[27.3734,36.6905],[27.3717,36.6966],[27.3652,36.7005],[27.3618,36.7037],[27.3637,36.7054],[27.3615,36.7092],[27.3649,36.7102],[27.3675,36.7075],[27.3748,36.7047],[27.3845,36.7057],[27.3863,36.7037],[27.3928,36.7049],[27.3956,36.7007],[27.407,36.7044],[27.4113,36.7089],[27.4219,36.7135],[27.4238,36.7197],[27.4239,36.7269],[27.4172,36.7302],[27.4188,36.7333],[27.419,36.7387],[27.4237,36.7372],[27.4247,36.7445],[27.4276,36.7482],[27.4403,36.749],[27.4472,36.7449],[27.4547,36.7496],[27.4526,36.7536],[27.4569,36.7585],[27.4619,36.7586],[27.4644,36.7626],[27.4701,36.7613],[27.4741,36.7589],[27.4748,36.7513],[27.4797,36.7499],[27.4875,36.7544],[27.4976,36.7524],[27.4993,36.7506],[27.5132,36.7509],[27.5234,36.7532],[27.5299,36.753],[27.5401,36.7576],[27.5417,36.7568],[27.5577,36.7614],[27.5622,36.7637],[27.5747,36.7641],[27.5827,36.7679],[27.5945,36.7658],[27.601,36.7631],[27.6088,36.7637],[27.6201,36.7712],[27.6264,36.779],[27.6287,36.7841],[27.6246,36.7875],[27.6277,36.7912],[27.6231,36.7946],[27.6236,36.7969],[27.6289,36.801],[27.642,36.801],[27.6456,36.8078],[27.6504,36.8061],[27.6555,36.8061],[27.6578,36.8039],[27.6648,36.8019],[27.6744,36.8018],[27.6814,36.7996],[27.6815,36.7945],[27.6858,36.7892],[27.6909,36.7868],[27.6981,36.7857],[27.7131,36.7872],[27.7211,36.7843],[27.7374,36.7857],[27.7423,36.785],[27.7525,36.7888],[27.7595,36.7898],[27.7723,36.789],[27.7763,36.7915],[27.7824,36.7977],[27.783,36.802],[27.7921,36.8015],[27.8066,36.8099],[27.8163,36.8133],[27.8336,36.8118],[27.8403,36.8103],[27.8489,36.806],[27.8579,36.8042],[27.8712,36.805],[27.8743,36.8044],[27.8826,36.8066],[27.8887,36.8069],[27.8929,36.8089],[27.9022,36.8073],[27.9029,36.8095],[27.9116,36.8068],[27.9181,36.7983],[27.9215,36.7974],[27.933,36.7996],[27.9375,36.7985],[27.9511,36.7972],[27.9634,36.7989],[27.9694,36.7952],[27.9742,36.7953],[27.9821,36.7977],[27.9827,36.7993],[27.9895,36.8001],[27.9956,36.7966],[27.9973,36.798],[28.0027,36.7966],[28.0066,36.7974],[28.008,36.793],[28.0156,36.792],[28.0202,36.7931],[28.0224,36.7889],[28.0261,36.7926],[28.0291,36.7896],[28.0351,36.7891],[28.0331,36.7953],[28.0381,36.7973],[28.0438,36.7948],[28.043,36.7999],[28.0561,36.7996],[28.0601,36.801],[28.0601,36.8066],[28.0556,36.8121],[28.0568,36.8157],[28.0641,36.8192],[28.0637,36.8241],[28.0564,36.8267],[28.0519,36.8295],[28.0481,36.8294],[28.0376,36.8315],[28.0296,36.8311],[28.0271,36.8293],[28.0171,36.8278],[28.0165,36.8301],[28.0102,36.8338],[28.0093,36.8365],[28.0229,36.84],[28.0174,36.845],[28.0123,36.8456],[28.0146,36.8535],[28.0085,36.8526],[28.0092,36.8556],[28.0162,36.8572],[28.015,36.8636],[28.0186,36.8643],[28.0211,36.8582],[28.0278,36.8587],[28.0332,36.8576],[28.0367,36.8603],[28.0372,36.865],[28.0419,36.8634],[28.0544,36.8671],[28.0465,36.8697],[28.0507,36.8721],[28.0564,36.8717],[28.0548,36.877],[28.0512,36.8798],[28.0463,36.8813],[28.0411,36.8867],[28.0461,36.8919],[28.0513,36.8938],[28.0513,36.8974],[28.0456,36.8981],[28.0382,36.8971],[28.0318,36.8978],[28.0286,36.8997],[28.0268,36.9035],[28.0159,36.9046],[28.015,36.9067],[28.0252,36.9061],[28.0313,36.9084],[28.0358,36.9063],[28.0398,36.908],[28.0408,36.9147],[28.0353,36.9176],[28.0247,36.9195],[28.0293,36.922],[28.0347,36.9218],[28.0382,36.9239],[28.0417,36.9213],[28.0494,36.9225],[28.052,36.9245],[28.0597,36.9258],[28.0602,36.9289],[28.0664,36.9293],[28.0725,36.9283],[28.0726,36.9309],[28.0652,36.9321],[28.0531,36.9318],[28.0457,36.9338],[28.0477,36.9364],[28.0518,36.9353],[28.0605,36.9352],[28.0722,36.9404],[28.0909,36.9387],[28.0928,36.9356],[28.0976,36.935],[28.0965,36.9408],[28.099,36.9409],[28.1063,36.9376],[28.1123,36.9364],[28.1133,36.9337],[28.1173,36.9323],[28.1217,36.9339],[28.136,36.9318],[28.14,36.9252],[28.1422,36.9251],[28.1458,36.9189],[28.1506,36.923],[28.1489,36.9257],[28.1548,36.9275],[28.1567,36.9206],[28.161,36.9178],[28.1589,36.9149],[28.16,36.9073],[28.1628,36.906],[28.1684,36.9095],[28.1663,36.9115],[28.1686,36.9162],[28.1731,36.9214],[28.1729,36.9263],[28.1682,36.9319],[28.1647,36.9386],[28.1671,36.9425],[28.1605,36.9423],[28.158,36.9441],[28.1627,36.9495],[28.1645,36.9487],[28.1745,36.951],[28.1778,36.9476],[28.1876,36.9478],[28.1854,36.9447],[28.1863,36.9412],[28.1916,36.9406],[28.1937,36.9437],[28.1933,36.9474],[28.2004,36.9484],[28.2054,36.9522],[28.2066,36.9591],[28.2044,36.9645],[28.2041,36.9696],[28.2162,36.9775],[28.2023,36.9827],[28.215,36.9853],[28.2153,36.9913],[28.213,36.9925],[28.2156,36.9987],[28.2212,36.9997],[28.227,36.9945],[28.2327,36.9919],[28.2408,36.9925],[28.2488,36.989],[28.2566,36.993],[28.2559,36.9969],[28.2472,37.0002],[28.2453,37.0032],[28.2507,37.0039],[28.2565,37.009],[28.266,37.0111],[28.2671,37.0154],[28.2795,37.0194],[28.2817,37.0181],[28.2904,37.019],[28.2934,37.0217],[28.3012,37.023],[28.3058,37.0212],[28.3109,37.0251],[28.3201,37.0231],[28.3212,37.0251],[28.3267,37.0261],[28.3288,37.0283],[28.3302,37.0344],[28.3265,37.0494],[28.3226,37.052],[28.3155,37.0491],[28.3092,37.0498],[28.3028,37.0486],[28.2922,37.0485],[28.2888,37.0473],[28.2775,37.0485],[28.2754,37.0497],[28.2668,37.0448],[28.2645,37.0448],[28.2552,37.0413],[28.2466,37.0417],[28.2435,37.0391],[28.2274,37.0416],[28.2233,37.0397],[28.2177,37.0413],[28.2129,37.0401],[28.2087,37.041],[28.1975,37.0401],[28.1917,37.0388],[28.1849,37.0337],[28.1769,37.0339],[28.172,37.0313],[28.1637,37.0291],[28.1559,37.0298],[28.1543,37.0311],[28.1459,37.0304],[28.1339,37.0311],[28.1188,37.0349],[28.1149,37.0339],[28.101,37.0348],[28.0988,37.0329],[28.0984,37.028],[28.1062,37.0259],[28.1141,37.0222],[28.1111,37.0196],[28.1155,37.0162],[28.1101,37.014],[28.1033,37.0136],[28.0995,37.0121],[28.1017,37.0193],[28.0992,37.0224],[28.0953,37.0234],[28.0903,37.0222],[28.0916,37.0266],[28.0889,37.0291],[28.0847,37.0277],[28.0833,37.0249],[28.0783,37.0221],[28.0687,37.023],[28.0657,37.0255],[28.0546,37.0236],[28.0454,37.023],[28.0212,37.0225],[28.0195,37.0235],[28.0079,37.0237],[28.0005,37.0254],[27.9965,37.0277],[27.9898,37.0284],[27.9788,37.0321],[27.9755,37.0314],[27.9725,37.0254],[27.9685,37.0211],[27.9524,37.0169],[27.9454,37.0162],[27.9335,37.0276],[27.9258,37.0307],[27.9163,37.0276],[27.912,37.0246],[27.9056,37.0234],[27.8933,37.0287],[27.8852,37.0274],[27.8817,37.0255],[27.8712,37.0231],[27.8601,37.0193],[27.8447,37.0189],[27.8398,37.0164],[27.8346,37.0119],[27.8218,37.0124],[27.817,37.0099],[27.8143,37.0055],[27.8097,37.002],[27.8061,37.0015],[27.8035,36.998],[27.7977,36.9966],[27.8009,37.0017],[27.7938,37.0054],[27.7892,37.0051],[27.7857,37.0027],[27.7891,36.9996],[27.7843,36.9947],[27.7707,36.9936],[27.7677,36.9918],[27.7633,36.9943],[27.7588,36.9905],[27.7567,36.9935],[27.7595,36.9993],[27.7549,37.001],[27.7513,36.998],[27.7449,36.998],[27.7398,36.9937],[27.7353,36.9937],[27.7304,37.0003],[27.7263,37.0026],[27.7172,37.0018],[27.708,36.997],[27.6993,36.9976],[27.694,37.0022],[27.6852,37.0037],[27.6837,37.001],[27.6778,37.0016],[27.6755,36.9989],[27.6693,36.9967],[27.6642,36.9966],[27.6585,36.9946],[27.6482,36.9985],[27.6458,36.9965],[27.6465,36.9929],[27.643,36.9903],[27.643,36.9836],[27.6477,36.9814],[27.6467,36.9793],[27.6347,36.9782],[27.6311,36.98],[27.6252,36.9801],[27.6157,36.9817],[27.6099,36.9849],[27.6052,36.9915],[27.6008,36.9916],[27.593,36.9947],[27.5828,36.9949],[27.575,36.9941],[27.5703,36.9916],[27.5636,36.9901],[27.5611,36.987],[27.571,36.9859],[27.5736,36.9828],[27.5684,36.9805],[27.5627,36.98],[27.5596,36.9847],[27.552,36.9821],[27.5489,36.9841],[27.5491,36.9878],[27.5376,36.9886],[27.5274,36.9928],[27.5213,36.9926],[27.5184,36.9951],[27.5134,36.9936],[27.508,36.9889],[27.5074,36.9857],[27.5023,36.9872],[27.4976,36.9867],[27.4921,36.9891],[27.488,36.9893],[27.4825,36.9863],[27.481,36.9933],[27.4734,36.9969],[27.4647,36.9982],[27.4627,37.0035],[27.4501,37.0117],[27.4504,37.0164],[27.4416,37.0206],[27.4407,37.027],[27.4373,37.0321],[27.4238,37.0361],[27.4212,37.0298],[27.4168,37.0282],[27.4194,37.0233],[27.4122,37.0213],[27.404,37.0248],[27.4086,37.0284],[27.4011,37.0319],[27.392,37.0246],[27.3885,37.0187],[27.3898,37.0135],[27.386,37.0074],[27.3821,37.0066],[27.3793,37.0003],[27.3743,37.0009],[27.3753,37.0058],[27.3784,37.0096],[27.3807,37.0171],[27.3797,37.0204],[27.3844,37.0232],[27.384,37.0253],[27.3777,37.0278],[27.3715,37.0221],[27.3658,37.0238],[27.3632,37.0192],[27.3595,37.0229],[27.3526,37.0207],[27.3449,37.0205],[27.3324,37.0153],[27.3278,37.0097],[27.3302,37.0039],[27.3356,37.0017],[27.3382,37.003],[27.3406,36.9982],[27.3381,36.9974],[27.3345,37.0003],[27.3292,36.9981],[27.3325,36.9902],[27.3272,36.9879],[27.3212,36.9802],[27.318,36.9774],[27.3118,36.9787],[27.3084,36.9759],[27.305,36.9762],[27.3002,36.9727],[27.3013,36.9691],[27.3048,36.9688],[27.3066,36.9621],[27.3033,36.9572],[27.2972,36.9607],[27.2962,36.9657],[27.2933,36.9683],[27.2894,36.966],[27.2771,36.9658],[27.2728,36.9617],[27.2654,36.9644],[27.2616,36.9677],[27.261,36.9725],[27.2549,36.9775],[27.2569,36.9824],[27.2566,36.9892],[27.2594,36.9994],[27.2551,37.0076],[27.2551,37.0127],[27.2526,37.0153],[27.2488,37.0246],[27.2494,37.0311],[27.2404,37.0355],[27.2359,37.0352],[27.2301,37.0401],[27.2324,37.0479],[27.237,37.0509],[27.2342,37.057],[27.2286,37.0538],[27.2255,37.0585],[27.2309,37.0609],[27.2323,37.0639],[27.2391,37.0671],[27.2393,37.0699],[27.2358,37.0778],[27.2387,37.0826],[27.246,37.08],[27.252,37.0817],[27.2546,37.0878],[27.2542,37.094],[27.2641,37.0923],[27.2701,37.0988],[27.2735,37.0982],[27.2789,37.101],[27.2865,37.1032],[27.2929,37.1069],[27.2932,37.111],[27.29,37.1194],[27.2853,37.119],[27.2807,37.1208],[27.277,37.1175],[27.2709,37.1193],[27.2677,37.1134],[27.2608,37.1151],[27.2597,37.1121],[27.2559,37.1118],[27.2532,37.1146],[27.2557,37.1179],[27.2544,37.1211],[27.2651,37.126],[27.2639,37.1336],[27.27,37.134],[27.2753,37.1388],[27.2794,37.1344],[27.2831,37.127],[27.289,37.1242],[27.2919,37.1214],[27.295,37.124],[27.3001,37.1165],[27.3032,37.1157],[27.3072,37.119],[27.313,37.1157],[27.3189,37.1189],[27.3174,37.1276],[27.3103,37.1307],[27.312,37.1384],[27.3213,37.1424],[27.3255,37.1417],[27.3286,37.146],[27.3285,37.1509],[27.3248,37.1526],[27.3268,37.1595],[27.335,37.1553],[27.3381,37.1508],[27.3429,37.149],[27.3441,37.1431],[27.3408,37.1409],[27.3402,37.1333],[27.3431,37.131],[27.3486,37.1307],[27.3514,37.1386],[27.3498,37.1426],[27.3561,37.147],[27.3558,37.1418],[27.3583,37.1408],[27.3633,37.1456],[27.3634,37.1497],[27.3614,37.1546],[27.3662,37.1563],[27.368,37.1516],[27.3775,37.1501],[27.376,37.1445],[27.3808,37.1441],[27.387,37.1461],[27.3901,37.1443],[27.3831,37.1404],[27.3833,37.1372],[27.3763,37.1332],[27.3767,37.1297],[27.3858,37.1245],[27.3863,37.1207],[27.3948,37.1194],[27.3969,37.1246],[27.4,37.128],[27.3998,37.1307],[27.4079,37.1322],[27.4123,37.1273],[27.4198,37.1261],[27.4161,37.1219],[27.4179,37.1181],[27.4219,37.1179],[27.4231,37.1217],[27.43,37.1282],[27.4351,37.1243],[27.4304,37.1175],[27.4397,37.1176],[27.4389,37.1129],[27.4408,37.1088],[27.4443,37.107],[27.4452,37.1],[27.451,37.0968],[27.4579,37.0971],[27.4597,37.0928],[27.4545,37.0884],[27.4588,37.0818],[27.467,37.083],[27.4701,37.0805],[27.4744,37.0822],[27.4759,37.0864],[27.4812,37.0917],[27.4905,37.0943],[27.4908,37.0975],[27.4883,37.1006],[27.5014,37.1034],[27.5014,37.1068],[27.5077,37.1094],[27.5114,37.1083],[27.5199,37.1133],[27.5229,37.1162],[27.5273,37.1165],[27.537,37.1254],[27.5369,37.128],[27.5441,37.1281],[27.546,37.1254],[27.558,37.1278],[27.5716,37.1274],[27.5719,37.1295],[27.5811,37.1358],[27.5813,37.1384],[27.5756,37.1394],[27.571,37.1386],[27.5566,37.1337],[27.5534,37.1422],[27.5536,37.1494],[27.5583,37.1552],[27.5564,37.1574],[27.5523,37.1527],[27.5452,37.1509],[27.542,37.1541],[27.5422,37.162],[27.5466,37.1679],[27.5424,37.1679],[27.5403,37.1714],[27.5423,37.1742],[27.541,37.1785],[27.5444,37.1796],[27.5467,37.1831],[27.5448,37.1857],[27.5403,37.1855],[27.535,37.1886],[27.5331,37.1934],[27.5428,37.1895],[27.543,37.1937],[27.5469,37.195],[27.5506,37.193],[27.559,37.1948],[27.5602,37.2021],[27.5702,37.2113],[27.5807,37.207],[27.5839,37.2029],[27.5932,37.195],[27.5933,37.1926],[27.6,37.19],[27.5969,37.1963],[27.6011,37.1964],[27.6029,37.1921],[27.6082,37.1903],[27.6093,37.1872],[27.6148,37.1873],[27.6052,37.1985],[27.6046,37.2016],[27.5998,37.2005],[27.5955,37.2011],[27.5864,37.2054],[27.5853,37.2101],[27.5754,37.2151],[27.5839,37.2219],[27.5871,37.2229],[27.5922,37.238],[27.5968,37.2376],[27.5992,37.241],[27.5991,37.2462],[27.6058,37.2501],[27.6079,37.2562],[27.618,37.2604],[27.6296,37.2541],[27.6356,37.2522],[27.6357,37.2568],[27.6298,37.257],[27.6282,37.2616],[27.6242,37.2599],[27.6173,37.261],[27.6122,37.2594],[27.6095,37.2618],[27.6135,37.2655],[27.6082,37.2684],[27.6126,37.2743],[27.6104,37.277],[27.613,37.2795],[27.6074,37.2816],[27.6019,37.276],[27.5995,37.277],[27.6022,37.2827],[27.6022,37.2856],[27.5964,37.2875],[27.5879,37.2854],[27.5857,37.2825],[27.5888,37.2777],[27.5867,37.2732],[27.5824,37.2744],[27.5798,37.2715],[27.5696,37.2748],[27.5651,37.2772],[27.5602,37.2764],[27.5564,37.2775],[27.5547,37.271],[27.5511,37.2699],[27.5495,37.2642],[27.5447,37.2634],[27.5406,37.2546],[27.5506,37.2474],[27.5491,37.244],[27.5416,37.2469],[27.5379,37.2516],[27.5332,37.25],[27.5342,37.247],[27.5318,37.2408],[27.5281,37.2426],[27.5219,37.2406],[27.5241,37.2335],[27.5275,37.2294],[27.5223,37.2271],[27.5184,37.2274],[27.5131,37.2301],[27.5051,37.2292],[27.5067,37.2335],[27.5001,37.2343],[27.4992,37.2368],[27.504,37.2389],[27.511,37.2386],[27.5143,37.2444],[27.5207,37.2479],[27.5166,37.2504],[27.5146,37.254],[27.5235,37.2554],[27.525,37.2574],[27.5187,37.2591],[27.517,37.2619],[27.5179,37.2686],[27.5213,37.2701],[27.5216,37.2752],[27.511,37.2753],[27.5101,37.2796],[27.5054,37.2776],[27.4985,37.2771],[27.498,37.2712],[27.4893,37.2671],[27.4853,37.2664],[27.4764,37.268],[27.4793,37.2636],[27.4775,37.2615],[27.4765,37.2554],[27.4662,37.2568],[27.4614,37.2521],[27.4569,37.2508],[27.4543,37.257],[27.4621,37.267],[27.4689,37.2699],[27.4715,37.2723],[27.4717,37.2783],[27.4757,37.2885],[27.4851,37.2912],[27.488,37.2941],[27.4895,37.3018],[27.4882,37.3039],[27.4976,37.3167],[27.498,37.3216],[27.4954,37.3247],[27.4939,37.3311],[27.4897,37.3326],[27.485,37.3284],[27.4826,37.3324],[27.4868,37.3355],[27.4807,37.3376],[27.4763,37.345],[27.4702,37.3435],[27.472,37.3391],[27.4778,37.3306],[27.4718,37.3244],[27.4711,37.3201],[27.4666,37.3199],[27.4627,37.3148],[27.4559,37.3094],[27.4531,37.3103],[27.4466,37.3079],[27.4438,37.3031],[27.4316,37.3027],[27.4302,37.305],[27.4234,37.3073],[27.4127,37.3051],[27.4104,37.3082],[27.4066,37.3094],[27.4054,37.3137],[27.4008,37.3145],[27.4016,37.3189],[27.3943,37.3204],[27.389,37.3233],[27.3905,37.3277],[27.3872,37.3306],[27.3858,37.3356],[27.3829,37.3395],[27.3862,37.3487],[27.3827,37.3544],[27.4185,37.3608],[27.4393,37.3736],[27.4733,37.3841],[27.4904,37.4023],[27.4894,37.4269],[27.4731,37.4388],[27.444,37.4703],[27.4497,37.4867],[27.4626,37.5009],[27.4909,37.5037],[27.4981,37.5279],[27.5078,37.5376],[27.515,37.5413],[27.5222,37.5415],[27.5357,37.537],[27.5587,37.5272],[27.5691,37.5222],[27.5816,37.5237],[27.605,37.5352],[27.6019,37.5455],[27.6032,37.5492],[27.6258,37.5567],[27.6226,37.5502],[27.6241,37.5423],[27.6231,37.5338],[27.6266,37.5282],[27.6201,37.5218],[27.6221,37.5098],[27.6292,37.5052],[27.6422,37.5049],[27.6678,37.4906],[27.674,37.4917],[27.6815,37.5031],[27.6986,37.5124],[27.7273,37.5213],[27.744,37.5171],[27.7624,37.511],[27.7734,37.5106],[27.7707,37.4925],[27.7655,37.4794],[27.777,37.4707],[27.7904,37.4664],[27.8034,37.4558],[27.8107,37.4486],[27.8205,37.4467],[27.8284,37.4489],[27.8348,37.4566],[27.8361,37.4687],[27.8419,37.476],[27.8506,37.4768],[27.8616,37.4753],[27.8738,37.479],[27.8888,37.4798],[27.8944,37.4893],[27.8977,37.5005],[27.9033,37.5011],[27.9222,37.4964],[27.9388,37.4969],[27.9415,37.4873],[27.9396,37.4835],[27.939,37.4771],[27.9462,37.4728],[27.9632,37.4593],[27.9894,37.4636],[28.0033,37.4718],[28.029,37.4682],[28.0405,37.4783],[28.06,37.4738],[28.0812,37.4667],[28.0896,37.4605],[28.0967,37.4492],[28.102,37.4492],[28.1098,37.4541],[28.1259,37.4595],[28.1469,37.4634],[28.1575,37.4687],[28.1572,37.4729],[28.153,37.4844],[28.1553,37.4878],[28.1606,37.4879],[28.169,37.4782],[28.1736,37.4778],[28.1777,37.4805],[28.1865,37.4689],[28.1911,37.4664],[28.1923,37.4708],[28.1913,37.4794],[28.1971,37.4827],[28.2071,37.481],[28.224,37.4876],[28.2311,37.4938],[28.225,37.4996],[28.2321,37.5074],[28.223,37.53],[28.2367,37.529],[28.2419,37.5306],[28.251,37.5365],[28.2489,37.5408],[28.2507,37.5442],[28.2527,37.5629],[28.2487,37.5741],[28.2505,37.5916],[28.2573,37.6007],[28.2636,37.6003],[28.2695,37.5926],[28.2749,37.591],[28.2819,37.5817],[28.2883,37.575],[28.2891,37.5673],[28.2826,37.548],[28.278,37.5423],[28.2779,37.5149],[28.2808,37.5121],[28.2894,37.5094],[28.298,37.5122],[28.3027,37.5155],[28.3111,37.5236],[28.3185,37.5292],[28.3325,37.531],[28.3427,37.5292],[28.3462,37.5304],[28.3504,37.5261],[28.3565,37.5259],[28.3575,37.5226],[28.3686,37.5199],[28.3678,37.5174],[28.3731,37.5144],[28.3751,37.5156],[28.3835,37.5132],[28.3892,37.5163],[28.3907,37.5146],[28.4003,37.5171],[28.4021,37.515],[28.4114,37.5131],[28.4202,37.5081],[28.4512,37.5074],[28.4581,37.5118],[28.467,37.5091],[28.4634,37.5035],[28.4635,37.4968],[28.4695,37.4947],[28.4702,37.492],[28.4781,37.4829],[28.493,37.4831],[28.4976,37.4753],[28.5075,37.4688],[28.5228,37.4741],[28.5519,37.4717],[28.558,37.4715],[28.5645,37.4727],[28.5735,37.4715],[28.5861,37.472],[28.5933,37.4796],[28.6028,37.4791],[28.6078,37.4811],[28.6138,37.4861],[28.6146,37.4834],[28.6193,37.4776],[28.6238,37.4777],[28.6293,37.4691],[28.6309,37.4623],[28.6295,37.4533],[28.6212,37.4473],[28.6231,37.4441],[28.619,37.4407],[28.6157,37.4287],[28.6174,37.4224],[28.6255,37.418],[28.6279,37.4103],[28.6245,37.4046],[28.6271,37.3978],[28.6335,37.3942],[28.6316,37.3905],[28.6408,37.3839],[28.6344,37.3836],[28.6396,37.3786],[28.644,37.379],[28.6441,37.3743],[28.6411,37.3706],[28.6474,37.3664],[28.6504,37.3715],[28.6543,37.3737],[28.6588,37.372],[28.6661,37.373],[28.6751,37.3679],[28.679,37.3681],[28.6897,37.3634],[28.6974,37.3659],[28.701,37.3657],[28.7073,37.3598],[28.7082,37.3563],[28.716,37.3513],[28.7153,37.3459],[28.7176,37.3428],[28.7173,37.3379],[28.7271,37.3321],[28.7342,37.3266],[28.7407,37.3238],[28.7404,37.317],[28.7371,37.3159],[28.7363,37.3057],[28.7374,37.3028],[28.7332,37.2998],[28.7348,37.2966],[28.7341,37.2924],[28.7302,37.2929],[28.7321,37.2843],[28.7382,37.2779],[28.7348,37.2735],[28.7406,37.2673],[28.7483,37.2684],[28.753,37.2666],[28.7605,37.2573],[28.7636,37.255],[28.7646,37.2478],[28.7675,37.2446],[28.773,37.2468],[28.7823,37.2407],[28.7796,37.2377],[28.7786,37.2304],[28.781,37.2275],[28.7786,37.223],[28.7821,37.2205],[28.7832,37.2167],[28.7819,37.2096],[28.7854,37.2068],[28.7834,37.2019],[28.7849,37.1963],[28.7912,37.19],[28.7928,37.1857],[28.7969,37.1839],[28.8012,37.1791],[28.8178,37.1789],[28.819,37.1755],[28.8282,37.1675],[28.8299,37.1634],[28.8275,37.1603],[28.8353,37.1563],[28.8319,37.1523],[28.8336,37.1491],[28.8314,37.1449],[28.8341,37.1401],[28.8425,37.1384],[28.8538,37.1417],[28.8634,37.1426],[28.8666,37.1451],[28.8725,37.1457],[28.874,37.1429],[28.8907,37.1421],[28.8951,37.146],[28.8972,37.1442],[28.9019,37.1496],[28.9059,37.1496],[28.9094,37.1462],[28.908,37.1443],[28.9243,37.1458],[28.9362,37.142],[28.9421,37.1426],[28.9482,37.1383],[28.9594,37.1244],[28.9627,37.1238],[28.9652,37.1196],[28.9727,37.1143],[28.974,37.1103],[28.9729,37.1053],[28.9757,37.1007],[28.9821,37.0992],[28.9859,37.0999],[28.9914,37.0942],[28.9969,37.0923],[28.9965,37.0884],[29.0011,37.0837],[29.0011,37.0812],[29.0068,37.0782],[29.0062,37.0763],[29.0136,37.073],[29.0125,37.0705],[29.0346,37.0634],[29.0394,37.0627],[29.0517,37.0566],[29.0534,37.0542],[29.0597,37.0549],[29.0653,37.0504],[29.0764,37.051],[29.0899,37.0488],[29.0894,37.0428],[29.0874,37.0363],[29.0981,37.0317],[29.1085,37.03],[29.1188,37.0243],[29.1232,37.0234],[29.1223,37.0169],[29.1237,37.0094],[29.1279,37.0054],[29.1352,36.99],[29.1437,36.9828],[29.1373,36.9777],[29.1178,36.9701],[29.1016,36.9768],[29.1,36.9734],[29.0999,36.9684],[29.1032,36.9618],[29.0997,36.9594],[29.0973,36.9516],[29.0978,36.9433],[29.1043,36.9313],[29.1109,36.9232],[29.1141,36.9179],[29.1333,36.9053],[29.1414,36.9036],[29.1432,36.9007],[29.1419,36.8941],[29.1675,36.8824],[29.1797,36.8815],[29.1939,36.8823],[29.1999,36.8881],[29.2049,36.8967],[29.2085,36.9096],[29.2163,36.9114],[29.2231,36.9149],[29.2331,36.9172],[29.256,36.9174],[29.2686,36.9133],[29.2786,36.9185],[29.2791,36.9212],[29.2832,36.9223],[29.2898,36.9213],[29.2991,36.9175],[29.3039,36.919],[29.3097,36.9192],[29.3146,36.9167],[29.3201,36.9155],[29.3257,36.918],[29.3255,36.9242],[29.3291,36.9267],[29.3316,36.9185],[29.3366,36.9176],[29.337,36.922],[29.3408,36.9251],[29.3452,36.9261],[29.3398,36.9046],[29.3284,36.8899],[29.3257,36.8836],[29.3256,36.8783],[29.327,36.8728],[29.3297,36.868],[29.3359,36.862],[29.3452,36.8555],[29.3653,36.8463],[29.3731,36.8393],[29.3748,36.8293],[29.3727,36.8241],[29.3733,36.821],[29.3818,36.8124],[29.3952,36.8049],[29.405,36.8006],[29.4121,36.7988],[29.4228,36.7982],[29.4281,36.7996],[29.4326,36.803],[29.4362,36.8082],[29.4428,36.8237],[29.448,36.8293],[29.453,36.8326],[29.4644,36.836],[29.4692,36.836],[29.4757,36.8408],[29.4923,36.8387],[29.5002,36.8412],[29.5086,36.8475],[29.5177,36.8557],[29.5241,36.8661],[29.528,36.8753],[29.5296,36.8865],[29.5294,36.8974],[29.5309,36.9058],[29.536,36.9165],[29.5428,36.9278],[29.549,36.9351],[29.5708,36.9532],[29.5826,36.9609],[29.5928,36.9644],[29.6027,36.9689],[29.6491,36.9805],[29.6748,36.978],[29.7308,36.9589]]],[[[28.1238,36.5995],[28.129,36.5999],[28.1285,36.5956],[28.1225,36.5974],[28.1238,36.5995]]],[[[28.0592,36.6413],[28.0616,36.6423],[28.0623,36.6475],[28.0689,36.6484],[28.067,36.6428],[28.0604,36.6365],[28.0531,36.6415],[28.0592,36.6413]]],[[[29.0527,36.6567],[29.0485,36.6557],[29.0434,36.6523],[29.0442,36.6615],[29.0461,36.6635],[29.051,36.6603],[29.0527,36.6567]]],[[[28.0358,36.6705],[28.0391,36.664],[28.0436,36.6608],[28.0425,36.6564],[28.0453,36.6531],[28.0417,36.6499],[28.0385,36.6499],[28.0333,36.6586],[28.0286,36.6581],[28.0276,36.6605],[28.0358,36.6705]]],[[[28.9074,36.6607],[28.9091,36.6545],[28.9065,36.6513],[28.9019,36.6528],[28.899,36.6603],[28.8896,36.6652],[28.8883,36.6692],[28.8933,36.6685],[28.8986,36.6699],[28.8997,36.6672],[28.9065,36.6659],[28.9074,36.6607]]],[[[28.9162,36.6547],[28.9127,36.6563],[28.9093,36.671],[28.9129,36.6814],[28.9194,36.68],[28.9308,36.6759],[28.9366,36.6758],[28.9388,36.6734],[28.9338,36.6696],[28.9267,36.6708],[28.9265,36.6651],[28.9162,36.6547]]],[[[29.0099,36.6923],[29.0051,36.6963],[29.0074,36.6985],[29.0131,36.695],[29.0099,36.6923]]],[[[28.9258,36.6936],[28.9244,36.6999],[28.9286,36.6999],[28.9299,36.6966],[28.9258,36.6936]]],[[[28.015,36.7115],[28.0157,36.722],[28.0177,36.7244],[28.0279,36.7243],[28.0335,36.7252],[28.0313,36.7179],[28.0227,36.7159],[28.015,36.7115]]],[[[28.9394,36.7176],[28.9361,36.719],[28.9349,36.7225],[28.9363,36.7342],[28.9397,36.7368],[28.9435,36.7338],[28.9453,36.7281],[28.9446,36.7227],[28.9394,36.7176]]],[[[28.0447,36.7253],[28.0491,36.7268],[28.0521,36.7317],[28.0554,36.7334],[28.0615,36.7336],[28.0638,36.7307],[28.0611,36.7276],[28.0531,36.7246],[28.0447,36.7253]]],[[[28.4317,36.7703],[28.4368,36.7748],[28.4408,36.7749],[28.4416,36.7711],[28.4317,36.7703]]],[[[28.2588,36.803],[28.2522,36.8047],[28.244,36.8052],[28.2496,36.8095],[28.2517,36.8069],[28.2585,36.8102],[28.2612,36.8062],[28.2588,36.803]]],[[[28.2001,36.9591],[28.1943,36.9573],[28.1892,36.9578],[28.1963,36.9639],[28.2001,36.9591]]],[[[27.5939,36.9692],[27.5922,36.9722],[27.5886,36.9733],[27.5875,36.9787],[27.5896,36.9801],[27.5953,36.9783],[27.6002,36.9751],[27.5939,36.9692]]],[[[27.4254,36.9898],[27.4239,36.9959],[27.4297,36.9966],[27.4418,36.9916],[27.4447,36.9892],[27.4556,36.9843],[27.4827,36.9775],[27.4911,36.9719],[27.4929,36.9676],[27.4869,36.9603],[27.4793,36.9624],[27.4786,36.9595],[27.4732,36.9601],[27.4673,36.9661],[27.4631,36.9664],[27.457,36.9647],[27.4558,36.968],[27.4517,36.9708],[27.4452,36.9705],[27.4452,36.9773],[27.436,36.9865],[27.4254,36.9898]]],[[[27.3864,36.9979],[27.3846,36.9927],[27.379,36.9949],[27.3864,36.9979]]],[[[27.216,37.0098],[27.22,37.0132],[27.224,37.0083],[27.2189,37.0068],[27.2148,36.999],[27.2104,37.0018],[27.214,37.0055],[27.216,37.0098]]],[[[27.2076,37.0806],[27.205,37.0824],[27.2089,37.0891],[27.2144,37.0885],[27.2125,37.0844],[27.2076,37.0806]]],[[[27.5179,37.1599],[27.5236,37.161],[27.531,37.1649],[27.535,37.1635],[27.5334,37.1599],[27.5349,37.1512],[27.5307,37.1504],[27.5309,37.1444],[27.5264,37.1409],[27.5208,37.142],[27.5183,37.1452],[27.5178,37.1504],[27.5124,37.1478],[27.5083,37.149],[27.5014,37.141],[27.4904,37.1433],[27.4965,37.1511],[27.4945,37.1569],[27.4985,37.1584],[27.5027,37.1572],[27.507,37.1525],[27.5112,37.1571],[27.5179,37.1599]]],[[[27.3622,37.1745],[27.3687,37.1729],[27.3718,37.1688],[27.3776,37.167],[27.379,37.1642],[27.3749,37.162],[27.3704,37.1616],[27.3672,37.1638],[27.3622,37.1745]]],[[[27.5628,37.2445],[27.5586,37.2456],[27.5547,37.2488],[27.5488,37.251],[27.5511,37.2531],[27.5628,37.2445]]]]}},{"type":"Feature","properties":{"name":"Muş","number":49},"geometry":{"type":"Polygon","coordinates":[[[42.4196,39.5347],[42.4251,39.525],[42.4308,39.5216],[42.4305,39.5134],[42.4372,39.5115],[42.4421,39.5032],[42.4583,39.4898],[42.4661,39.4781],[42.4804,39.4773],[42.4901,39.482],[42.5113,39.4859],[42.5186,39.4761],[42.5185,39.4683],[42.5134,39.463],[42.5136,39.4574],[42.5157,39.453],[42.5107,39.4503],[42.5112,39.4404],[42.5126,39.4352],[42.5108,39.4304],[42.5006,39.4219],[42.5015,39.4142],[42.5075,39.4032],[42.5157,39.3966],[42.5185,39.3889],[42.517,39.386],[42.5194,39.3796],[42.5213,39.3785],[42.5219,39.3711],[42.5203,39.3662],[42.5245,39.3602],[42.5339,39.3596],[42.5411,39.3582],[42.5446,39.3616],[42.5475,39.3691],[42.5509,39.3714],[42.5563,39.3718],[42.5644,39.369],[42.5685,39.3692],[42.5698,39.3653],[42.5753,39.3615],[42.5813,39.3623],[42.5833,39.3574],[42.5876,39.3537],[42.5844,39.3504],[42.5845,39.3436],[42.5801,39.3418],[42.5816,39.3365],[42.5947,39.3312],[42.606,39.3256],[42.6249,39.3113],[42.6256,39.303],[42.6168,39.2986],[42.6105,39.2936],[42.6009,39.2907],[42.5967,39.2869],[42.6014,39.2804],[42.6017,39.2766],[42.6268,39.2715],[42.6471,39.2697],[42.6526,39.2682],[42.6553,39.2649],[42.6565,39.2587],[42.6603,39.2515],[42.6614,39.2445],[42.6639,39.2395],[42.6775,39.2371],[42.6815,39.2306],[42.6828,39.2257],[42.6861,39.2203],[42.6853,39.2031],[42.6806,39.1951],[42.6853,39.1932],[42.6814,39.1822],[42.6797,39.1804],[42.6861,39.1736],[42.6858,39.1719],[42.6924,39.1688],[42.6936,39.1647],[42.6804,39.1541],[42.6903,39.1554],[42.7019,39.1546],[42.7126,39.1506],[42.7043,39.1362],[42.693,39.125],[42.6933,39.1127],[42.6962,39.1076],[42.6964,39.1042],[42.6993,39.1016],[42.6968,39.0986],[42.6963,39.0945],[42.6927,39.0913],[42.6907,39.084],[42.6952,39.0812],[42.7013,39.0811],[42.7099,39.0776],[42.7058,39.0714],[42.7034,39.0641],[42.6994,39.0558],[42.6967,39.0435],[42.6986,39.0385],[42.6953,39.0306],[42.6945,39.0236],[42.6846,39.0166],[42.6844,39.0115],[42.6881,39.0125],[42.6939,39.0108],[42.7001,39.0072],[42.7002,39.0021],[42.6987,38.9942],[42.7067,38.9911],[42.7102,38.9858],[42.7043,38.982],[42.7065,38.9743],[42.7109,38.9695],[42.7122,38.9654],[42.7071,38.9599],[42.7004,38.9601],[42.6946,38.9576],[42.6886,38.9547],[42.6806,38.9538],[42.6739,38.9493],[42.6752,38.9426],[42.6689,38.9387],[42.6638,38.9322],[42.6608,38.9318],[42.6611,38.9276],[42.6523,38.9371],[42.6471,38.9387],[42.6416,38.9364],[42.6326,38.9353],[42.6299,38.93],[42.6258,38.9296],[42.6213,38.9261],[42.6169,38.9253],[42.6141,38.9203],[42.6099,38.9219],[42.6049,38.9206],[42.6016,38.9256],[42.593,38.9243],[42.5918,38.9197],[42.5876,38.9192],[42.5845,38.9111],[42.5798,38.9138],[42.5771,38.9104],[42.5707,38.9138],[42.5707,38.9203],[42.5668,38.923],[42.5683,38.9278],[42.5586,38.9324],[42.5387,38.9263],[42.5266,38.9246],[42.5033,38.923],[42.4979,38.9318],[42.4904,38.9319],[42.483,38.935],[42.4726,38.9466],[42.4738,38.9505],[42.4659,38.9512],[42.4556,38.9548],[42.4475,38.9552],[42.4445,38.9519],[42.4394,38.9539],[42.4336,38.9544],[42.4294,38.9579],[42.422,38.9574],[42.4166,38.9504],[42.4108,38.9493],[42.4005,38.9364],[42.3946,38.9363],[42.3917,38.9336],[42.3778,38.9264],[42.3675,38.9279],[42.3599,38.936],[42.349,38.9371],[42.3331,38.9483],[42.3277,38.9485],[42.3202,38.9446],[42.3165,38.9454],[42.3092,38.9417],[42.3105,38.9377],[42.3048,38.9373],[42.2918,38.9295],[42.2888,38.9221],[42.2953,38.9129],[42.2844,38.9061],[42.2735,38.9051],[42.2731,38.9007],[42.2757,38.8941],[42.2622,38.8862],[42.2414,38.8895],[42.2396,38.8915],[42.2066,38.8859],[42.2011,38.883],[42.1923,38.8814],[42.1874,38.878],[42.1808,38.876],[42.1703,38.8763],[42.1701,38.8712],[42.1746,38.8568],[42.1657,38.8443],[42.1319,38.8461],[42.119,38.8362],[42.117,38.8237],[42.117,38.8166],[42.1094,38.8112],[42.1099,38.808],[42.114,38.8033],[42.1135,38.7954],[42.1121,38.7908],[42.1089,38.792],[42.0997,38.7899],[42.0926,38.7844],[42.0883,38.7784],[42.0882,38.7727],[42.0917,38.7689],[42.099,38.7671],[42.0984,38.7625],[42.0958,38.7605],[42.0954,38.7567],[42.1033,38.7592],[42.1107,38.7632],[42.1168,38.7632],[42.1155,38.7581],[42.1167,38.7511],[42.1162,38.7434],[42.1142,38.7414],[42.1158,38.737],[42.1113,38.7323],[42.1059,38.7289],[42.0984,38.7263],[42.0872,38.7197],[42.0827,38.7133],[42.0789,38.71],[42.0679,38.7065],[42.0628,38.7063],[42.0557,38.7038],[42.0434,38.7022],[42.037,38.6992],[42.0306,38.6927],[42.0305,38.6888],[42.0376,38.6826],[42.0391,38.6797],[42.0345,38.6745],[42.0351,38.6728],[42.042,38.6713],[42.041,38.6638],[42.0356,38.6597],[42.0262,38.6595],[42.0234,38.6619],[42.0203,38.6595],[42.0096,38.6565],[42.007,38.6528],[41.9985,38.6499],[41.9889,38.6526],[41.9838,38.653],[41.9829,38.6503],[41.9675,38.6438],[41.9658,38.6415],[41.9605,38.6422],[41.9573,38.6388],[41.9513,38.6387],[41.9458,38.6355],[41.9355,38.6359],[41.9311,38.6325],[41.936,38.6294],[41.9418,38.6212],[41.9426,38.61],[41.9402,38.5982],[41.9367,38.5933],[41.9389,38.5906],[41.9475,38.5882],[41.9498,38.584],[41.9483,38.5811],[41.9543,38.5773],[41.9541,38.5696],[41.9462,38.5617],[41.9215,38.5517],[41.9179,38.5495],[41.9147,38.5442],[41.909,38.5407],[41.9017,38.543],[41.8922,38.5545],[41.8874,38.5563],[41.8754,38.5657],[41.8739,38.5707],[41.8705,38.575],[41.8639,38.5748],[41.857,38.5792],[41.8549,38.5846],[41.8488,38.5932],[41.8428,38.5965],[41.8375,38.5979],[41.8304,38.5974],[41.824,38.5956],[41.8171,38.5995],[41.8054,38.5991],[41.8015,38.5998],[41.7932,38.6034],[41.7862,38.5996],[41.7818,38.5993],[41.775,38.5967],[41.7704,38.6021],[41.7651,38.6046],[41.7371,38.6107],[41.7296,38.6113],[41.7258,38.6142],[41.7182,38.6167],[41.709,38.6158],[41.7047,38.6183],[41.6985,38.617],[41.6715,38.6179],[41.6583,38.6189],[41.6462,38.6136],[41.6398,38.6094],[41.6244,38.6079],[41.6165,38.6096],[41.6083,38.6147],[41.6015,38.607],[41.6007,38.6021],[41.5972,38.6026],[41.5941,38.6057],[41.5909,38.6032],[41.5792,38.6033],[41.5736,38.6007],[41.5571,38.5999],[41.5519,38.5973],[41.5513,38.5946],[41.543,38.5938],[41.5383,38.592],[41.536,38.5852],[41.5321,38.5843],[41.5174,38.5878],[41.5071,38.5818],[41.5077,38.5768],[41.5054,38.5728],[41.5094,38.5682],[41.5073,38.5642],[41.5019,38.5592],[41.4937,38.5589],[41.4937,38.5509],[41.4902,38.5469],[41.4806,38.5403],[41.4792,38.5241],[41.4751,38.5223],[41.4637,38.5083],[41.4471,38.5038],[41.4406,38.4998],[41.4155,38.4886],[41.4,38.4928],[41.3851,38.4924],[41.3762,38.4886],[41.3703,38.4836],[41.3666,38.4833],[41.3553,38.492],[41.3362,38.4958],[41.3323,38.5037],[41.3216,38.5094],[41.3046,38.5121],[41.296,38.5122],[41.2974,38.5152],[41.3056,38.5169],[41.3073,38.5184],[41.3049,38.5277],[41.3106,38.5346],[41.3023,38.535],[41.2929,38.5396],[41.2893,38.5443],[41.2896,38.5492],[41.2854,38.5541],[41.2868,38.5576],[41.2861,38.5617],[41.2836,38.5644],[41.2829,38.5695],[41.287,38.5756],[41.2873,38.5782],[41.2807,38.5865],[41.2794,38.5898],[41.2735,38.5958],[41.2745,38.6025],[41.2735,38.6091],[41.2695,38.6163],[41.272,38.6188],[41.2718,38.6237],[41.2744,38.626],[41.2741,38.6299],[41.2597,38.6404],[41.2616,38.6503],[41.2573,38.6488],[41.2545,38.6499],[41.2435,38.6513],[41.2329,38.6548],[41.228,38.6544],[41.2255,38.657],[41.2133,38.656],[41.2104,38.6584],[41.2071,38.6565],[41.203,38.6577],[41.1982,38.6566],[41.1931,38.6533],[41.1722,38.6563],[41.162,38.6564],[41.1395,38.662],[41.1193,38.6632],[41.1164,38.6725],[41.1045,38.6825],[41.1118,38.7014],[41.1205,38.7019],[41.1293,38.7033],[41.1388,38.7114],[41.1392,38.7146],[41.1404,38.7179],[41.1526,38.722],[41.1579,38.7279],[41.1596,38.7387],[41.1588,38.7532],[41.1661,38.7545],[41.1733,38.7572],[41.1765,38.7614],[41.1769,38.766],[41.1717,38.7667],[41.1644,38.7712],[41.1558,38.7719],[41.1535,38.7757],[41.1463,38.7799],[41.1389,38.7821],[41.14,38.7869],[41.1328,38.793],[41.1283,38.793],[41.1248,38.7961],[41.1239,38.8013],[41.1155,38.8113],[41.1194,38.8157],[41.1199,38.8202],[41.1186,38.825],[41.1202,38.8278],[41.1109,38.8358],[41.1168,38.842],[41.1183,38.8486],[41.1154,38.8545],[41.1157,38.8591],[41.1183,38.8635],[41.1143,38.8773],[41.1094,38.8885],[41.1152,38.9012],[41.1169,38.9077],[41.1168,38.9172],[41.1203,38.9249],[41.1201,38.9285],[41.1246,38.932],[41.13,38.9379],[41.1332,38.9446],[41.1416,38.9493],[41.15,38.9523],[41.1521,38.9568],[41.1682,38.9638],[41.1775,38.9694],[41.1768,38.9861],[41.1888,39.0038],[41.213,39.0206],[41.2275,39.0301],[41.2324,39.0306],[41.2491,39.0288],[41.2587,39.035],[41.2641,39.0353],[41.2615,39.042],[41.2503,39.0537],[41.2487,39.0656],[41.2526,39.0681],[41.2538,39.0761],[41.2578,39.0801],[41.266,39.0848],[41.2637,39.0903],[41.2588,39.0888],[41.2544,39.0915],[41.2509,39.105],[41.2555,39.1136],[41.2341,39.1213],[41.2265,39.1245],[41.2197,39.1311],[41.2156,39.1392],[41.2186,39.1509],[41.2098,39.1587],[41.2026,39.1608],[41.1901,39.1707],[41.1848,39.1828],[41.1817,39.1929],[41.183,39.1986],[41.1822,39.205],[41.185,39.2113],[41.1772,39.2242],[41.1653,39.2287],[41.1598,39.2294],[41.1327,39.2369],[41.1305,39.2452],[41.1334,39.2494],[41.1423,39.253],[41.1435,39.2569],[41.1433,39.2662],[41.137,39.2698],[41.1387,39.2768],[41.138,39.2838],[41.1348,39.2919],[41.1354,39.2947],[41.1391,39.298],[41.1413,39.3067],[41.1387,39.3107],[41.1426,39.3187],[41.1391,39.3231],[41.144,39.3291],[41.1432,39.3326],[41.1455,39.338],[41.1399,39.3436],[41.1455,39.3474],[41.1519,39.3543],[41.1478,39.3605],[41.1481,39.3624],[41.1676,39.3725],[41.2001,39.3616],[41.2324,39.3601],[41.2555,39.3646],[41.2909,39.3648],[41.3323,39.3594],[41.3693,39.3527],[41.3824,39.3604],[41.3838,39.3581],[41.392,39.3532],[41.415,39.3534],[41.4194,39.3482],[41.4327,39.3419],[41.4442,39.3333],[41.4598,39.3207],[41.4742,39.313],[41.4851,39.3113],[41.4955,39.3103],[41.5005,39.3036],[41.5106,39.3004],[41.5309,39.2838],[41.5393,39.2793],[41.5566,39.2736],[41.5609,39.2697],[41.5821,39.2656],[41.596,39.2595],[41.6104,39.2578],[41.6167,39.2533],[41.6184,39.2445],[41.6108,39.239],[41.6128,39.2321],[41.6103,39.2242],[41.6132,39.2192],[41.6188,39.2141],[41.6162,39.2049],[41.6134,39.2007],[41.6124,39.1949],[41.606,39.1895],[41.6041,39.1834],[41.6088,39.1816],[41.6114,39.1771],[41.6182,39.174],[41.6188,39.1709],[41.6151,39.1671],[41.6174,39.1622],[41.6182,39.1566],[41.6281,39.1561],[41.6356,39.1586],[41.6465,39.1572],[41.665,39.1579],[41.6883,39.1603],[41.6947,39.1649],[41.7015,39.1678],[41.7087,39.1677],[41.7115,39.1663],[41.7218,39.1671],[41.7228,39.1646],[41.7189,39.1606],[41.7295,39.1561],[41.7325,39.1521],[41.7419,39.1564],[41.7488,39.1613],[41.7702,39.1651],[41.7738,39.1628],[41.7922,39.168],[41.8012,39.1731],[41.8005,39.182],[41.8087,39.1909],[41.8149,39.1991],[41.8186,39.2089],[41.8298,39.2088],[41.8573,39.2023],[41.883,39.2091],[41.9159,39.2172],[41.9241,39.2175],[41.96,39.2112],[41.973,39.2202],[41.9894,39.2376],[41.9997,39.2379],[42.0214,39.2477],[42.0255,39.2526],[42.0328,39.2502],[42.0367,39.2506],[42.0504,39.2486],[42.0522,39.2536],[42.0574,39.2573],[42.0588,39.2634],[42.0647,39.2728],[42.0872,39.2775],[42.093,39.2779],[42.1011,39.2802],[42.1145,39.2798],[42.1228,39.2848],[42.1291,39.2845],[42.1325,39.2824],[42.1387,39.282],[42.1457,39.2835],[42.1544,39.2899],[42.1557,39.2991],[42.1607,39.3011],[42.1597,39.3058],[42.1713,39.3059],[42.1753,39.3079],[42.1737,39.3115],[42.1752,39.3153],[42.1713,39.3208],[42.1752,39.3249],[42.181,39.3194],[42.1902,39.3125],[42.1984,39.3092],[42.2107,39.3165],[42.2131,39.3256],[42.2204,39.3404],[42.2325,39.3454],[42.2329,39.3488],[42.2297,39.355],[42.2229,39.3545],[42.2163,39.3516],[42.209,39.3599],[42.1989,39.3581],[42.1889,39.3825],[42.1817,39.3883],[42.1793,39.3944],[42.1889,39.3995],[42.1924,39.3997],[42.204,39.4069],[42.2056,39.42],[42.2125,39.4277],[42.2242,39.4292],[42.2288,39.433],[42.2395,39.4344],[42.2417,39.4404],[42.2455,39.4443],[42.2437,39.4494],[42.248,39.4514],[42.2536,39.4502],[42.2542,39.4543],[42.2614,39.4547],[42.2666,39.4535],[42.274,39.4567],[42.2784,39.4556],[42.2837,39.4617],[42.2949,39.462],[42.3073,39.4707],[42.3187,39.4742],[42.3259,39.4752],[42.3293,39.4785],[42.3347,39.4904],[42.3407,39.4969],[42.3489,39.4937],[42.3545,39.4988],[42.3634,39.4998],[42.373,39.5061],[42.3799,39.5182],[42.384,39.5379],[42.3906,39.5382],[42.406,39.5344],[42.4196,39.5347]]]}},{"type":"Feature","properties":{"name":"Nevşehir","number":50},"geometry":{"type":"Polygon","coordinates":[[[34.5006,38.3866],[34.4929,38.3946],[34.4842,38.3988],[34.4815,38.4044],[34.4742,38.4039],[34.4715,38.4084],[34.4717,38.413],[34.4645,38.4165],[34.4653,38.4203],[34.4576,38.4272],[34.4622,38.4284],[34.4595,38.4339],[34.4604,38.4385],[34.447,38.4408],[34.4466,38.4438],[34.4392,38.4457],[34.4425,38.4494],[34.4416,38.455],[34.4358,38.4633],[34.4317,38.4651],[34.4344,38.4786],[34.4403,38.4812],[34.4382,38.4891],[34.4263,38.4923],[34.4237,38.5083],[34.4167,38.5172],[34.4223,38.5206],[34.4196,38.5227],[34.4222,38.5257],[34.4204,38.5313],[34.4286,38.5374],[34.4285,38.5422],[34.4249,38.5418],[34.4182,38.5498],[34.408,38.5585],[34.39,38.5724],[34.3725,38.583],[34.3667,38.5879],[34.3569,38.5936],[34.3506,38.5947],[34.3454,38.5915],[34.3436,38.5937],[34.3206,38.5939],[34.3119,38.598],[34.2978,38.5992],[34.2946,38.609],[34.295,38.6119],[34.286,38.6165],[34.2791,38.6158],[34.2743,38.621],[34.2552,38.6234],[34.2501,38.622],[34.2403,38.6263],[34.2414,38.6366],[34.2398,38.6393],[34.2476,38.6447],[34.2441,38.6459],[34.2441,38.6513],[34.2469,38.651],[34.2528,38.6545],[34.2511,38.6571],[34.2612,38.6672],[34.2667,38.6654],[34.282,38.6765],[34.2886,38.6994],[34.2879,38.705],[34.2896,38.7125],[34.2868,38.7159],[34.2775,38.7426],[34.2808,38.747],[34.2665,38.7489],[34.2646,38.752],[34.271,38.7694],[34.2772,38.7738],[34.2795,38.781],[34.2903,38.7863],[34.2921,38.7907],[34.2889,38.7946],[34.2929,38.799],[34.2895,38.8018],[34.2924,38.807],[34.2932,38.8143],[34.2827,38.8127],[34.2659,38.8192],[34.2632,38.8165],[34.2577,38.8184],[34.2537,38.8247],[34.2475,38.8208],[34.2412,38.8325],[34.2439,38.8332],[34.2443,38.8392],[34.2388,38.8493],[34.2471,38.8582],[34.2549,38.8617],[34.2537,38.869],[34.2583,38.8735],[34.2514,38.8758],[34.254,38.8786],[34.2473,38.8802],[34.2528,38.8872],[34.2577,38.8909],[34.2657,38.893],[34.2701,38.8993],[34.2736,38.8986],[34.2809,38.9005],[34.3049,38.8927],[34.308,38.8831],[34.3215,38.8762],[34.3242,38.8723],[34.3357,38.8649],[34.3378,38.8626],[34.3432,38.8619],[34.3499,38.8594],[34.3479,38.8543],[34.3502,38.848],[34.3546,38.8492],[34.3637,38.8581],[34.3706,38.8596],[34.3836,38.8732],[34.3906,38.8823],[34.3964,38.8962],[34.4023,38.9064],[34.4123,38.9173],[34.4123,38.9233],[34.4151,38.9304],[34.4219,38.9337],[34.4337,38.9346],[34.4342,38.9415],[34.4376,38.9466],[34.4341,38.9543],[34.4377,38.9649],[34.4371,38.9687],[34.4436,38.9741],[34.4405,38.9788],[34.4468,38.985],[34.4582,38.9801],[34.4613,38.9779],[34.4738,38.9775],[34.4764,38.981],[34.487,38.9787],[34.4902,38.9833],[34.4827,38.9927],[34.4738,38.9978],[34.4736,38.9996],[34.4844,38.9994],[34.5014,39.0065],[34.5062,39.0093],[34.5118,39.0163],[34.5142,39.0169],[34.5224,39.0253],[34.519,39.0296],[34.5193,39.0321],[34.5304,39.0384],[34.5333,39.0391],[34.5401,39.05],[34.5436,39.0509],[34.5451,39.0559],[34.5397,39.0559],[34.5423,39.0625],[34.5624,39.0606],[34.5654,39.0485],[34.5696,39.0468],[34.5727,39.0393],[34.5722,39.0347],[34.5682,39.0319],[34.5679,39.0238],[34.6004,39.0145],[34.6008,39.0177],[34.6111,39.0288],[34.628,39.0362],[34.6267,39.047],[34.6276,39.0511],[34.625,39.0546],[34.6255,39.061],[34.6054,39.0646],[34.6095,39.0728],[34.5971,39.0773],[34.5955,39.0759],[34.5835,39.0777],[34.574,39.0724],[34.5734,39.0655],[34.5544,39.0698],[34.5489,39.0721],[34.5372,39.0733],[34.5294,39.076],[34.5212,39.0764],[34.5155,39.0803],[34.5175,39.084],[34.5231,39.0867],[34.5228,39.0926],[34.521,39.095],[34.5284,39.1023],[34.5343,39.0996],[34.5296,39.0955],[34.537,39.096],[34.5403,39.1002],[34.5444,39.0961],[34.5478,39.0891],[34.5501,39.0876],[34.5601,39.0988],[34.5597,39.1028],[34.5535,39.1031],[34.5505,39.1067],[34.5557,39.1075],[34.5677,39.1149],[34.5655,39.1271],[34.5772,39.1276],[34.5652,39.134],[34.5651,39.1391],[34.5609,39.1397],[34.5605,39.145],[34.5752,39.1403],[34.5727,39.1369],[34.5767,39.1352],[34.5896,39.133],[34.5929,39.1381],[34.6108,39.1481],[34.6108,39.1506],[34.6158,39.1535],[34.6236,39.1556],[34.6309,39.1667],[34.6305,39.1691],[34.6225,39.1701],[34.6155,39.1762],[34.6081,39.1788],[34.5868,39.1799],[34.5909,39.1857],[34.5912,39.1988],[34.5942,39.1999],[34.5941,39.2069],[34.624,39.2195],[34.628,39.2218],[34.629,39.2287],[34.6377,39.2322],[34.6423,39.2366],[34.6481,39.2362],[34.6694,39.2382],[34.6773,39.2416],[34.6818,39.2448],[34.6864,39.2442],[34.6904,39.2367],[34.6945,39.2368],[34.6947,39.2399],[34.6917,39.2418],[34.6892,39.2469],[34.6915,39.254],[34.7032,39.2586],[34.702,39.2618],[34.7048,39.2662],[34.6967,39.2737],[34.6896,39.2751],[34.68,39.28],[34.676,39.2859],[34.6764,39.295],[34.6752,39.3055],[34.6729,39.3063],[34.6742,39.3114],[34.665,39.3097],[34.6663,39.3146],[34.6597,39.3171],[34.6553,39.3135],[34.65,39.3132],[34.6376,39.3037],[34.6234,39.31],[34.6177,39.3116],[34.6105,39.3103],[34.606,39.3127],[34.6076,39.3177],[34.6022,39.3177],[34.5945,39.3224],[34.5897,39.3181],[34.5808,39.3294],[34.5867,39.332],[34.5903,39.3372],[34.5965,39.3404],[34.621,39.3543],[34.6272,39.3557],[34.6281,39.3595],[34.6366,39.3637],[34.6536,39.3691],[34.6548,39.3729],[34.6591,39.3725],[34.6596,39.3765],[34.6715,39.3836],[34.6818,39.3757],[34.682,39.372],[34.6929,39.3668],[34.7059,39.3651],[34.7092,39.3586],[34.735,39.3388],[34.7425,39.3379],[34.7509,39.33],[34.7558,39.3215],[34.7625,39.3187],[34.7653,39.3133],[34.7705,39.3116],[34.77,39.3068],[34.7746,39.3045],[34.7846,39.3058],[34.7899,39.3074],[34.7978,39.315],[34.8073,39.3153],[34.8564,39.3203],[34.8529,39.3241],[34.8508,39.33],[34.8517,39.3345],[34.8581,39.3356],[34.8628,39.3389],[34.8595,39.3426],[34.8631,39.3491],[34.8684,39.3517],[34.8693,39.356],[34.8743,39.3548],[34.8772,39.357],[34.8916,39.3513],[34.8929,39.3546],[34.897,39.3557],[34.8968,39.3634],[34.9019,39.3677],[34.9039,39.3726],[34.9107,39.374],[34.9225,39.3725],[34.924,39.3601],[34.921,39.3533],[34.913,39.3488],[34.9118,39.3386],[34.9148,39.3321],[34.9203,39.3233],[34.9351,39.3087],[34.9404,39.3098],[34.9467,39.3141],[34.9518,39.3133],[34.952,39.3084],[34.9416,39.3026],[34.9415,39.2982],[34.9344,39.2853],[34.9278,39.2781],[34.9228,39.271],[34.9183,39.2587],[34.9231,39.2482],[34.9393,39.2472],[34.9605,39.2491],[34.9653,39.2456],[34.9657,39.2341],[34.9636,39.2252],[34.9681,39.2146],[34.954,39.2077],[34.9562,39.1981],[34.9534,39.1951],[34.9506,39.184],[34.9438,39.1821],[34.939,39.1775],[34.933,39.1775],[34.9294,39.1724],[34.9366,39.1711],[34.9467,39.164],[34.9461,39.1587],[34.9496,39.1532],[34.9442,39.1464],[34.9533,39.1473],[34.9509,39.1397],[34.9607,39.1462],[34.9655,39.1436],[34.9709,39.1443],[34.9813,39.139],[34.9848,39.1407],[34.9907,39.1412],[35.0032,39.138],[35.0085,39.1405],[35.0115,39.1306],[35.0086,39.1279],[35.0143,39.1234],[35.01,39.117],[35.0061,39.1153],[35.0067,39.1094],[35.0085,39.1064],[35.0085,39.1006],[35.007,39.0931],[35.004,39.0852],[35.0161,39.0755],[35.0163,39.0656],[35.0208,39.0608],[35.0236,39.0607],[35.0238,39.0535],[35.0276,39.0514],[35.0335,39.0584],[35.0373,39.0595],[35.04,39.0577],[35.0439,39.0489],[35.0446,39.0451],[35.0441,39.0337],[35.0431,39.0282],[35.0484,39.0016],[35.0469,39.0008],[35.0495,38.994],[35.0469,38.9909],[35.0491,38.982],[35.0453,38.978],[35.0435,38.9707],[35.0438,38.9638],[35.047,38.9642],[35.0496,38.9574],[35.049,38.9538],[35.0448,38.9533],[35.0381,38.9553],[35.0327,38.9547],[35.0349,38.9503],[35.0346,38.9395],[35.0297,38.936],[35.0253,38.9264],[35.027,38.9244],[35.0177,38.9174],[35.0149,38.9175],[35.0068,38.9111],[35.0037,38.9071],[35.0098,38.8956],[35.0086,38.8897],[35.0153,38.879],[35.0157,38.8723],[35.0181,38.8662],[35.0113,38.8646],[35.0116,38.8624],[35.002,38.8614],[35.0015,38.8598],[34.988,38.8594],[34.9828,38.8578],[34.9785,38.8507],[34.9607,38.8443],[34.9599,38.8378],[34.9625,38.8342],[34.966,38.8184],[34.9644,38.8141],[34.9663,38.8027],[34.9703,38.7996],[34.977,38.7884],[34.9841,38.7901],[34.9885,38.7929],[34.9997,38.7907],[35.0074,38.7846],[35.0122,38.7794],[35.0152,38.7735],[35.0254,38.7742],[35.0282,38.7732],[35.0338,38.7776],[35.045,38.7745],[35.0497,38.7712],[35.062,38.7644],[35.0643,38.762],[35.0663,38.7546],[35.0792,38.7464],[35.0699,38.7435],[35.073,38.7344],[35.0774,38.7259],[35.0846,38.7226],[35.087,38.7193],[35.0954,38.7124],[35.0957,38.7083],[35.0994,38.7025],[35.0948,38.7003],[35.0894,38.6996],[35.0866,38.6964],[35.0853,38.6895],[35.0826,38.6839],[35.0858,38.6825],[35.0922,38.6733],[35.0911,38.67],[35.0868,38.6648],[35.0898,38.6594],[35.0848,38.6561],[35.0858,38.6484],[35.0893,38.6446],[35.0738,38.647],[35.0719,38.6394],[35.0765,38.6378],[35.0879,38.6255],[35.0898,38.6219],[35.0968,38.6163],[35.0983,38.6118],[35.0936,38.5799],[35.0923,38.5773],[35.1046,38.5726],[35.1097,38.5682],[35.1209,38.5571],[35.1301,38.5519],[35.1293,38.5503],[35.1363,38.5447],[35.1423,38.5326],[35.1381,38.5297],[35.136,38.5245],[35.1366,38.5186],[35.1411,38.5121],[35.1452,38.5081],[35.1558,38.5031],[35.1664,38.5026],[35.1614,38.4956],[35.1487,38.4829],[35.1388,38.4699],[35.1362,38.4685],[35.1225,38.4723],[35.1182,38.4756],[35.104,38.4772],[35.0963,38.4797],[35.0887,38.4779],[35.0695,38.4827],[35.0625,38.4838],[35.0555,38.4829],[35.048,38.4861],[35.041,38.4863],[35.0405,38.4834],[35.0321,38.4837],[35.0224,38.4778],[35.0208,38.4789],[35.0141,38.4758],[35.0125,38.4724],[35.0077,38.4731],[35.0041,38.4668],[35.0047,38.4639],[34.998,38.4607],[34.9909,38.4549],[34.997,38.4478],[34.9966,38.4423],[34.9985,38.4345],[35.0028,38.4273],[34.9993,38.4231],[35.0021,38.4185],[34.9979,38.4154],[34.9956,38.4169],[34.98,38.4188],[34.9784,38.417],[34.9653,38.4169],[34.9624,38.415],[34.9578,38.4166],[34.9517,38.4226],[34.9428,38.4246],[34.9333,38.4235],[34.9287,38.4282],[34.9288,38.4324],[34.9234,38.4348],[34.9165,38.434],[34.9152,38.4363],[34.9067,38.4362],[34.8986,38.4414],[34.8874,38.4413],[34.884,38.445],[34.8802,38.4462],[34.8728,38.4446],[34.8657,38.4404],[34.861,38.4348],[34.8576,38.4289],[34.8552,38.4295],[34.8496,38.4252],[34.8524,38.4166],[34.8508,38.4119],[34.8528,38.4101],[34.8504,38.4037],[34.8547,38.4026],[34.8528,38.3986],[34.8575,38.3938],[34.8525,38.3937],[34.8534,38.3863],[34.8523,38.3819],[34.8606,38.3816],[34.865,38.3745],[34.8646,38.3703],[34.8771,38.3681],[34.8781,38.3666],[34.8556,38.352],[34.8527,38.3539],[34.8489,38.3514],[34.844,38.3514],[34.8406,38.3535],[34.8359,38.3535],[34.8305,38.3514],[34.8321,38.3467],[34.828,38.3402],[34.8262,38.3352],[34.8223,38.3293],[34.8225,38.3189],[34.8195,38.3028],[34.8144,38.3076],[34.8141,38.315],[34.8077,38.3247],[34.799,38.3254],[34.791,38.3316],[34.7884,38.3383],[34.7859,38.34],[34.78,38.338],[34.7785,38.3355],[34.772,38.3335],[34.7703,38.3371],[34.7471,38.3308],[34.7437,38.3411],[34.7308,38.3383],[34.7169,38.339],[34.7139,38.3333],[34.7072,38.3333],[34.7042,38.3354],[34.6961,38.3333],[34.7012,38.3389],[34.6936,38.3381],[34.6878,38.3408],[34.6833,38.346],[34.6809,38.3433],[34.6746,38.3397],[34.6747,38.3358],[34.6693,38.3294],[34.6651,38.3288],[34.6468,38.3125],[34.6401,38.3146],[34.637,38.3085],[34.6303,38.3038],[34.6277,38.2988],[34.6244,38.3009],[34.6133,38.2903],[34.605,38.2812],[34.5896,38.2987],[34.5835,38.2975],[34.5773,38.3002],[34.5741,38.306],[34.5784,38.309],[34.5761,38.315],[34.5806,38.3194],[34.5791,38.3212],[34.5859,38.3279],[34.5795,38.3306],[34.5753,38.3307],[34.57,38.3394],[34.5636,38.3412],[34.56,38.3436],[34.5363,38.351],[34.5339,38.3546],[34.528,38.3549],[34.5233,38.3531],[34.5195,38.3562],[34.516,38.376],[34.5116,38.3766],[34.5083,38.3822],[34.5077,38.3861],[34.503,38.3887],[34.5006,38.3866]]]}},{"type":"Feature","properties":{"name":"Niğde","number":51},"geometry":{"type":"Polygon","coordinates":[[[35.3111,37.7176],[35.091,37.6496],[35.0527,37.65],[34.9993,37.6666],[34.9897,37.6702],[34.9693,37.6743],[34.9569,37.6849],[34.9365,37.6936],[34.9056,37.6948],[34.8918,37.6909],[34.8796,37.682],[34.8668,37.6574],[34.8552,37.6339],[34.858,37.623],[34.8477,37.6087],[34.8586,37.6013],[34.8548,37.5885],[34.8653,37.5821],[34.8689,37.5734],[34.8695,37.5608],[34.8574,37.5497],[34.8475,37.5396],[34.8499,37.5147],[34.8434,37.5038],[34.8415,37.4979],[34.8321,37.4823],[34.8227,37.4735],[34.8021,37.4661],[34.7963,37.4559],[34.7995,37.4464],[34.7972,37.4316],[34.7882,37.424],[34.7748,37.4209],[34.7641,37.4262],[34.7521,37.4292],[34.7175,37.4356],[34.702,37.4323],[34.6856,37.4257],[34.6687,37.4084],[34.6364,37.4027],[34.6219,37.401],[34.5944,37.3891],[34.5662,37.3748],[34.5429,37.3514],[34.4851,37.3436],[34.4505,37.3324],[34.4365,37.3314],[34.4137,37.3645],[34.4107,37.3827],[34.4064,37.3908],[34.4061,37.3995],[34.402,37.4125],[34.402,37.4247],[34.3952,37.436],[34.3753,37.4502],[34.3608,37.4542],[34.338,37.4664],[34.3202,37.4824],[34.3138,37.4872],[34.3083,37.4958],[34.3065,37.5059],[34.306,37.5219],[34.3093,37.5364],[34.3066,37.5499],[34.2972,37.5754],[34.2954,37.5852],[34.2972,37.5977],[34.3136,37.6133],[34.3318,37.6274],[34.3509,37.6436],[34.3674,37.6595],[34.3762,37.6735],[34.3788,37.6854],[34.38,37.698],[34.3767,37.7136],[34.3508,37.7649],[34.3297,37.7934],[34.3062,37.8199],[34.2878,37.8465],[34.2568,37.8656],[34.2404,37.8694],[34.2104,37.8691],[34.1988,37.8739],[34.1687,37.9039],[34.154,37.9153],[34.1405,37.9267],[34.1327,37.9415],[34.1232,37.9552],[34.109,37.9623],[34.0829,37.9709],[34.0604,37.968],[34.0206,37.9606],[33.9943,37.9629],[33.981,37.9756],[33.9773,37.9861],[33.9755,37.9961],[33.984,38.0058],[34.0018,38.0131],[34.0135,38.0184],[34.0385,38.021],[34.0521,38.0218],[34.0608,38.0275],[34.0702,38.0395],[34.0585,38.0484],[34.0526,38.055],[34.0607,38.0614],[34.09,38.0635],[34.1004,38.0695],[34.1042,38.0758],[34.1122,38.0798],[34.1269,38.0786],[34.1398,38.0849],[34.1487,38.0922],[34.1549,38.1078],[34.1576,38.118],[34.1607,38.1233],[34.166,38.1266],[34.1763,38.1257],[34.1891,38.1222],[34.2065,38.1187],[34.2395,38.1131],[34.275,38.1135],[34.2833,38.1305],[34.2892,38.1469],[34.3118,38.179],[34.3202,38.1946],[34.3297,38.2045],[34.3439,38.2161],[34.3633,38.2267],[34.3804,38.2267],[34.4279,38.2246],[34.4369,38.2339],[34.4348,38.2498],[34.4374,38.2625],[34.4347,38.277],[34.4354,38.2852],[34.4321,38.2937],[34.4207,38.2988],[34.4217,38.3046],[34.4216,38.3131],[34.4262,38.3187],[34.4337,38.3255],[34.4388,38.3332],[34.439,38.3395],[34.4466,38.341],[34.4476,38.3432],[34.4693,38.3515],[34.4696,38.3666],[34.4852,38.3736],[34.5006,38.3866],[34.503,38.3887],[34.5077,38.3861],[34.5083,38.3822],[34.5116,38.3766],[34.516,38.376],[34.5195,38.3562],[34.5233,38.3531],[34.528,38.3549],[34.5339,38.3546],[34.5363,38.351],[34.56,38.3436],[34.5636,38.3412],[34.57,38.3394],[34.5753,38.3307],[34.5795,38.3306],[34.5859,38.3279],[34.5791,38.3212],[34.5806,38.3194],[34.5761,38.315],[34.5784,38.309],[34.5741,38.306],[34.5773,38.3002],[34.5835,38.2975],[34.5896,38.2987],[34.605,38.2812],[34.6133,38.2903],[34.6244,38.3009],[34.6277,38.2988],[34.6303,38.3038],[34.637,38.3085],[34.6401,38.3146],[34.6468,38.3125],[34.6651,38.3288],[34.6693,38.3294],[34.6747,38.3358],[34.6746,38.3397],[34.6809,38.3433],[34.6833,38.346],[34.6878,38.3408],[34.6936,38.3381],[34.7012,38.3389],[34.6961,38.3333],[34.7042,38.3354],[34.7072,38.3333],[34.7139,38.3333],[34.7169,38.339],[34.7308,38.3383],[34.7437,38.3411],[34.7471,38.3308],[34.7703,38.3371],[34.772,38.3335],[34.7785,38.3355],[34.78,38.338],[34.7859,38.34],[34.7884,38.3383],[34.791,38.3316],[34.799,38.3254],[34.8077,38.3247],[34.8141,38.315],[34.8144,38.3076],[34.8195,38.3028],[34.8225,38.3189],[34.8223,38.3293],[34.8262,38.3352],[34.828,38.3402],[34.8321,38.3467],[34.8305,38.3514],[34.8359,38.3535],[34.8406,38.3535],[34.844,38.3514],[34.8489,38.3514],[34.8527,38.3539],[34.8556,38.352],[34.8781,38.3666],[34.8809,38.3616],[34.8918,38.3592],[34.8951,38.3557],[34.905,38.3532],[34.9078,38.3478],[34.9069,38.3436],[34.9182,38.3407],[34.9225,38.3416],[34.9323,38.3402],[34.935,38.3285],[34.9403,38.324],[34.9442,38.3251],[34.9453,38.3186],[34.9585,38.3151],[34.9639,38.3116],[34.9677,38.3126],[34.9738,38.3091],[34.9745,38.3048],[34.9767,38.3024],[34.9833,38.304],[34.9925,38.3015],[34.9938,38.2991],[35.0024,38.3023],[35.0082,38.3009],[35.0137,38.2951],[35.0129,38.2828],[35.0158,38.2781],[35.024,38.2729],[35.0356,38.2714],[35.0307,38.2687],[35.0288,38.265],[35.0272,38.2574],[35.0172,38.2565],[35.0133,38.2518],[35.0149,38.249],[35.0133,38.24],[35.0109,38.2374],[35.0082,38.2285],[35.0128,38.223],[35.0115,38.2194],[35.0139,38.2153],[35.0128,38.2091],[35.0245,38.2158],[35.0246,38.2092],[35.0383,38.2042],[35.0367,38.2018],[35.0388,38.1972],[35.0365,38.1913],[35.0379,38.1874],[35.0343,38.1829],[35.0364,38.1777],[35.039,38.1753],[35.039,38.1707],[35.0502,38.1663],[35.0513,38.169],[35.0607,38.1656],[35.0627,38.164],[35.0714,38.1619],[35.0761,38.1634],[35.082,38.1592],[35.0915,38.1602],[35.0927,38.1646],[35.0969,38.166],[35.1038,38.1733],[35.1049,38.188],[35.1081,38.1903],[35.1141,38.1868],[35.1185,38.186],[35.1268,38.1886],[35.1314,38.1877],[35.1324,38.1849],[35.1307,38.1756],[35.1397,38.1759],[35.1424,38.1736],[35.1405,38.1698],[35.1487,38.1638],[35.1504,38.1613],[35.175,38.1676],[35.1857,38.1589],[35.1944,38.164],[35.1961,38.1627],[35.1978,38.1534],[35.2077,38.1417],[35.2216,38.1353],[35.2322,38.1414],[35.2332,38.1382],[35.2302,38.1193],[35.2316,38.1132],[35.2308,38.1086],[35.2237,38.0998],[35.2212,38.0916],[35.2256,38.0871],[35.2235,38.0811],[35.2235,38.0768],[35.2316,38.0607],[35.2369,38.0568],[35.2292,38.0489],[35.2183,38.003],[35.2323,37.9895],[35.228,37.987],[35.2177,37.9911],[35.2007,37.9807],[35.2104,37.9662],[35.2068,37.9488],[35.2063,37.9333],[35.2101,37.9231],[35.2061,37.9066],[35.2094,37.8936],[35.1979,37.8812],[35.199,37.8701],[35.1972,37.8629],[35.1704,37.8231],[35.1534,37.8141],[35.1499,37.8051],[35.1617,37.7933],[35.1611,37.784],[35.171,37.778],[35.1738,37.7783],[35.1781,37.7739],[35.1849,37.7758],[35.1893,37.7755],[35.2006,37.7702],[35.2149,37.7607],[35.2344,37.7575],[35.2559,37.7647],[35.2612,37.7627],[35.2603,37.7594],[35.2928,37.7527],[35.3046,37.7532],[35.3103,37.7399],[35.3056,37.7325],[35.3111,37.7176]]]}},{"type":"Feature","properties":{"name":"Ordu","number":52},"geometry":{"type":"Polygon","coordinates":[[[38.116,40.958],[38.1101,40.9493],[38.1073,40.9487],[38.1051,40.9415],[38.1017,40.939],[38.1025,40.9359],[38.0998,40.9325],[38.0993,40.9274],[38.0942,40.9261],[38.0835,40.918],[38.0803,40.9145],[38.0819,40.9084],[38.078,40.8997],[38.0664,40.8969],[38.0559,40.8977],[38.0507,40.895],[38.0382,40.8992],[38.0219,40.8878],[38.0184,40.8839],[38.0196,40.8795],[38.0116,40.8665],[38.0156,40.8586],[38.0157,40.8555],[38.0087,40.8462],[38.0112,40.8359],[38.0085,40.8243],[38.0046,40.8171],[38.0094,40.8105],[38.0155,40.806],[38.0132,40.8013],[38.019,40.799],[38.0171,40.7964],[38.0197,40.7927],[38.0237,40.7906],[38.0277,40.7909],[38.0402,40.7875],[38.0483,40.7832],[38.0332,40.7782],[38.029,40.7775],[38.0254,40.7746],[38.019,40.7745],[38.0029,40.771],[37.9957,40.7648],[37.9895,40.7635],[37.9874,40.7608],[37.988,40.7541],[37.9814,40.7532],[37.9807,40.7471],[37.9717,40.7457],[37.9683,40.7509],[37.9618,40.7435],[37.9665,40.74],[37.9692,40.736],[37.968,40.7288],[37.9735,40.7213],[37.971,40.7115],[37.9748,40.7058],[37.9705,40.6999],[37.9711,40.694],[37.9681,40.6899],[37.9639,40.6887],[37.9625,40.6832],[37.9747,40.6806],[37.9811,40.6833],[37.9866,40.6843],[37.995,40.6843],[37.9941,40.682],[37.9986,40.6789],[38.0129,40.6725],[38.0093,40.6679],[38.0019,40.6662],[37.9995,40.6572],[38.006,40.6478],[38.0059,40.6383],[38.0092,40.6347],[38.014,40.6338],[38.0153,40.6291],[38.0231,40.6211],[38.0316,40.6208],[38.0307,40.6149],[38.0334,40.6112],[38.034,40.6032],[38.0372,40.5981],[38.0523,40.5937],[38.066,40.5909],[38.0895,40.5744],[38.0971,40.5729],[38.0979,40.56],[38.1008,40.5435],[38.1006,40.5315],[38.1067,40.5215],[38.1076,40.5125],[38.1008,40.5199],[38.0857,40.519],[38.0742,40.5228],[38.0741,40.5289],[38.0672,40.5349],[38.0664,40.5428],[38.069,40.5476],[38.0676,40.5526],[38.0332,40.5343],[38.0122,40.5076],[38.0058,40.5023],[38.0055,40.4997],[37.9991,40.4945],[37.9889,40.4851],[37.9812,40.4733],[37.9716,40.4637],[37.9647,40.4636],[37.9598,40.4673],[37.9601,40.4741],[37.9539,40.4819],[37.9451,40.4802],[37.9426,40.4733],[37.9375,40.4677],[37.9333,40.4599],[37.9323,40.449],[37.929,40.4389],[37.9321,40.4295],[37.9211,40.4243],[37.9161,40.4171],[37.9114,40.4084],[37.9029,40.4023],[37.9008,40.3986],[37.8994,40.3899],[37.8925,40.3755],[37.8853,40.3737],[37.8649,40.3605],[37.8621,40.3514],[37.8512,40.3439],[37.8433,40.3411],[37.8389,40.3427],[37.8279,40.351],[37.8238,40.3576],[37.8167,40.3717],[37.8064,40.3799],[37.7926,40.3878],[37.7766,40.3928],[37.7717,40.3911],[37.7699,40.393],[37.7548,40.3916],[37.75,40.3823],[37.7499,40.3756],[37.7597,40.3633],[37.7563,40.3561],[37.7532,40.3521],[37.7585,40.3335],[37.7213,40.3258],[37.7036,40.3348],[37.6945,40.3312],[37.6772,40.3467],[37.6731,40.3556],[37.6787,40.3659],[37.6756,40.3733],[37.6556,40.3778],[37.6441,40.3862],[37.6436,40.3963],[37.6654,40.4109],[37.661,40.4201],[37.6358,40.4346],[37.6406,40.447],[37.6376,40.4567],[37.6292,40.4562],[37.6217,40.4533],[37.6138,40.4579],[37.609,40.4792],[37.6197,40.4882],[37.628,40.499],[37.6135,40.5055],[37.6212,40.5099],[37.6197,40.5131],[37.6221,40.5165],[37.6196,40.5206],[37.6219,40.5257],[37.617,40.5285],[37.6138,40.5248],[37.6042,40.5208],[37.6022,40.5223],[37.6061,40.5288],[37.6133,40.5351],[37.6103,40.5372],[37.613,40.5488],[37.6064,40.5443],[37.6027,40.5405],[37.5946,40.5416],[37.5897,40.5411],[37.5804,40.5447],[37.5712,40.5449],[37.5665,40.5471],[37.5547,40.5383],[37.5525,40.5343],[37.544,40.5307],[37.5292,40.5341],[37.5256,40.5362],[37.5217,40.5324],[37.5165,40.5348],[37.5095,40.5349],[37.5068,40.5393],[37.4994,40.5397],[37.4877,40.5455],[37.4842,40.5411],[37.4749,40.5482],[37.4662,40.5499],[37.4645,40.5487],[37.4509,40.5563],[37.4458,40.5646],[37.4422,40.5652],[37.4367,40.5636],[37.4315,40.5588],[37.4282,40.5488],[37.425,40.5481],[37.4168,40.5435],[37.405,40.5469],[37.4005,40.5468],[37.3934,40.544],[37.3861,40.5493],[37.3849,40.5522],[37.3875,40.5561],[37.38,40.5581],[37.3754,40.5552],[37.3708,40.5784],[37.3669,40.5851],[37.3617,40.5816],[37.347,40.587],[37.3433,40.5914],[37.3405,40.5991],[37.3356,40.595],[37.3289,40.5974],[37.3163,40.5954],[37.3074,40.5994],[37.3042,40.6034],[37.2961,40.6086],[37.2886,40.6101],[37.2788,40.6008],[37.2662,40.6038],[37.2638,40.6093],[37.2603,40.6109],[37.2567,40.6087],[37.2493,40.6103],[37.2489,40.6123],[37.2408,40.6137],[37.2464,40.6225],[37.2395,40.6274],[37.2393,40.6345],[37.2426,40.6354],[37.2423,40.6415],[37.2447,40.6429],[37.241,40.647],[37.2301,40.6495],[37.2277,40.6568],[37.2327,40.6599],[37.2382,40.6672],[37.2251,40.6672],[37.2219,40.6737],[37.2152,40.673],[37.2032,40.6788],[37.1978,40.7079],[37.1973,40.7228],[37.187,40.7311],[37.1723,40.7296],[37.1592,40.7203],[37.1342,40.7206],[37.1069,40.7217],[37.0886,40.7075],[37.051,40.7059],[37.0347,40.6997],[37.0294,40.7006],[36.9941,40.6861],[36.9788,40.6919],[36.9714,40.6965],[36.965,40.7032],[36.9644,40.7081],[36.9581,40.7167],[36.9427,40.7197],[36.9172,40.7223],[36.8919,40.7156],[36.8662,40.7046],[36.8407,40.7121],[36.8564,40.7425],[36.8509,40.7667],[36.8128,40.781],[36.7776,40.8008],[36.7696,40.81],[36.7696,40.8312],[36.7253,40.8359],[36.7126,40.8394],[36.7047,40.8523],[36.7026,40.8612],[36.6986,40.8633],[36.6992,40.8674],[36.695,40.8706],[36.6901,40.8721],[36.6909,40.8761],[36.6953,40.8788],[36.6921,40.881],[36.6907,40.8847],[36.6833,40.8823],[36.6824,40.8869],[36.69,40.8884],[36.6944,40.8962],[36.7041,40.9027],[36.7113,40.9059],[36.7131,40.908],[36.7217,40.9079],[36.7282,40.9096],[36.732,40.9131],[36.7399,40.914],[36.7407,40.9125],[36.7491,40.9136],[36.757,40.9132],[36.7635,40.9176],[36.7724,40.9208],[36.781,40.9296],[36.7856,40.9281],[36.7871,40.9254],[36.7961,40.9235],[36.799,40.9209],[36.8048,40.9228],[36.8096,40.921],[36.8186,40.9195],[36.8286,40.9193],[36.8287,40.9226],[36.8343,40.9234],[36.84,40.9224],[36.8469,40.9197],[36.8549,40.9208],[36.8533,40.9243],[36.8538,40.9307],[36.8513,40.9324],[36.8543,40.9375],[36.8513,40.9412],[36.8514,40.9446],[36.8544,40.9468],[36.8707,40.9472],[36.8848,40.947],[36.8945,40.9593],[36.898,40.9554],[36.9027,40.9534],[36.9051,40.9502],[36.9064,40.9443],[36.9047,40.9391],[36.915,40.935],[36.921,40.9395],[36.9209,40.9423],[36.9246,40.9464],[36.9214,40.9484],[36.9212,40.9559],[36.9153,40.96],[36.9206,40.9713],[36.9139,40.9719],[36.9166,40.9761],[36.9204,40.9733],[36.9252,40.9732],[36.9307,40.9779],[36.9402,40.9809],[36.9481,40.9897],[36.9534,40.9909],[36.9647,40.9983],[36.9758,41.0101],[36.9786,41.0144],[36.9817,41.022],[36.9807,41.0259],[36.9774,41.0263],[36.9692,41.0362],[36.9599,41.0363],[36.9546,41.0401],[36.9543,41.0445],[36.9571,41.0528],[36.9553,41.0615],[36.9602,41.0652],[36.9669,41.0632],[36.9724,41.058],[36.9805,41.0576],[36.9844,41.0586],[36.9904,41.0637],[36.9896,41.0685],[36.9913,41.0741],[36.9885,41.0756],[36.988,41.0841],[36.9958,41.0919],[37.0042,41.093],[37.0166,41.1019],[37.0467,41.1041],[37.0616,41.1067],[37.0725,41.1068],[37.0873,41.0972],[37.0931,41.097],[37.098,41.1009],[37.1092,41.1],[37.114,41.0966],[37.1206,41.0958],[37.1311,41.1028],[37.132,41.1068],[37.1391,41.1071],[37.1501,41.1112],[37.1484,41.118],[37.1508,41.1189],[37.1578,41.1173],[37.1625,41.1211],[37.1636,41.126],[37.1589,41.1295],[37.1579,41.1371],[37.1623,41.1399],[37.1682,41.1398],[37.1699,41.1476],[37.1778,41.1451],[37.2074,41.144],[37.2248,41.145],[37.2316,41.1445],[37.2566,41.1463],[37.2666,41.1445],[37.2804,41.1457],[37.2917,41.1448],[37.2943,41.143],[37.2931,41.138],[37.2877,41.1331],[37.2916,41.1249],[37.3027,41.1197],[37.3174,41.116],[37.3354,41.1136],[37.3474,41.11],[37.3534,41.1098],[37.358,41.108],[37.3775,41.1066],[37.3846,41.1074],[37.3899,41.1045],[37.3976,41.1028],[37.4059,41.0957],[37.413,41.0875],[37.4175,41.0864],[37.419,41.0816],[37.422,41.0793],[37.4365,41.0768],[37.4423,41.0767],[37.4476,41.0735],[37.4557,41.0704],[37.4645,41.0691],[37.4723,41.0635],[37.4785,41.062],[37.4783,41.0563],[37.4814,41.05],[37.4867,41.0467],[37.4864,41.0437],[37.4941,41.0375],[37.5004,41.0339],[37.5042,41.0301],[37.5102,41.0278],[37.519,41.0264],[37.529,41.0228],[37.5373,41.0214],[37.562,41.0264],[37.5762,41.0302],[37.594,41.0374],[37.5993,41.0405],[37.6021,41.0451],[37.608,41.0475],[37.6124,41.0512],[37.6148,41.0597],[37.6142,41.0643],[37.6207,41.0752],[37.6293,41.081],[37.6428,41.0957],[37.6429,41.0988],[37.6464,41.1009],[37.6537,41.109],[37.6549,41.1174],[37.6594,41.119],[37.6612,41.1218],[37.6673,41.1233],[37.6761,41.128],[37.6795,41.1321],[37.6841,41.1292],[37.6956,41.124],[37.6957,41.1193],[37.7004,41.1174],[37.7014,41.115],[37.708,41.1136],[37.7179,41.1136],[37.727,41.1159],[37.7325,41.1144],[37.7407,41.118],[37.7435,41.1172],[37.7518,41.1194],[37.7577,41.1199],[37.7692,41.1134],[37.7755,41.1132],[37.7866,41.1162],[37.7882,41.1127],[37.7839,41.0988],[37.7807,41.0967],[37.7806,41.0875],[37.773,41.0768],[37.7724,41.0723],[37.7745,41.0652],[37.7839,41.0521],[37.7982,41.042],[37.8032,41.0353],[37.8025,41.0299],[37.8087,41.0256],[37.8168,41.0232],[37.8296,41.0213],[37.8349,41.0196],[37.8617,41.0162],[37.8709,41.0096],[37.8706,41.0051],[37.8734,41.0016],[37.8726,40.9988],[37.8762,40.9962],[37.8761,40.9888],[37.8867,40.9849],[37.8955,40.9844],[37.9119,40.9843],[37.9247,40.9852],[37.9282,40.9861],[37.9413,40.9834],[37.9734,40.9811],[38.0013,40.9806],[38.0082,40.978],[38.0205,40.9772],[38.0228,40.9748],[38.0394,40.9724],[38.0453,40.969],[38.0643,40.9679],[38.0655,40.9664],[38.074,40.9649],[38.0743,40.9668],[38.0644,40.9688],[38.0664,40.9728],[38.0761,40.9707],[38.108,40.966],[38.1072,40.962],[38.1103,40.9585],[38.116,40.958]]]}},{"type":"Feature","properties":{"name":"Rize","number":53},"geometry":{"type":"Polygon","coordinates":[[[41.2462,41.3235],[41.2483,41.3177],[41.2528,41.3103],[41.2589,41.2977],[41.2692,41.2781],[41.2872,41.2499],[41.2986,41.2418],[41.3342,41.2157],[41.339,41.2065],[41.3403,41.1852],[41.3438,41.1725],[41.3686,41.1458],[41.374,41.1345],[41.3758,41.1208],[41.3686,41.1035],[41.3681,41.0889],[41.3623,41.0744],[41.3576,41.0655],[41.3514,41.0614],[41.3514,41.0562],[41.3408,41.0489],[41.3312,41.0409],[41.3293,41.0352],[41.3203,41.0288],[41.3213,41.0158],[41.3116,41.0095],[41.2882,40.9987],[41.2562,40.9849],[41.2452,40.9797],[41.2306,40.954],[41.2269,40.9458],[41.2275,40.9389],[41.2167,40.9314],[41.2152,40.9274],[41.2174,40.9245],[41.216,40.9081],[41.2012,40.9075],[41.1959,40.9014],[41.1808,40.8863],[41.1513,40.8665],[41.1437,40.8589],[41.1378,40.8489],[41.1293,40.8257],[41.1224,40.8271],[41.1141,40.821],[41.1151,40.812],[41.118,40.8076],[41.1175,40.8],[41.1211,40.7968],[41.1181,40.79],[41.11,40.7907],[41.1014,40.7887],[41.1004,40.7837],[41.0942,40.7836],[41.0876,40.7791],[41.0791,40.7802],[41.0707,40.7795],[41.0643,40.7769],[41.0591,40.7734],[41.0583,40.7691],[41.0415,40.7729],[41.0373,40.7701],[41.0336,40.7722],[41.0272,40.7683],[41.0288,40.7661],[41.0153,40.7634],[41.0113,40.7643],[41.008,40.76],[40.9987,40.7641],[40.9801,40.7617],[40.9758,40.7626],[40.9718,40.7594],[40.9659,40.7575],[40.9618,40.754],[40.9617,40.75],[40.9584,40.7471],[40.9537,40.7474],[40.9448,40.7421],[40.9385,40.7371],[40.9336,40.738],[40.9242,40.7339],[40.8983,40.7368],[40.8869,40.7359],[40.8811,40.7339],[40.8747,40.7355],[40.873,40.7339],[40.8695,40.7232],[40.8762,40.7179],[40.8846,40.7175],[40.8883,40.7125],[40.8853,40.7078],[40.879,40.7026],[40.877,40.6996],[40.8659,40.6963],[40.8573,40.6967],[40.8599,40.689],[40.8646,40.6858],[40.8621,40.6813],[40.8566,40.6811],[40.8534,40.6762],[40.8447,40.6725],[40.8414,40.6679],[40.8343,40.6668],[40.8326,40.6624],[40.8269,40.6595],[40.8334,40.6579],[40.8353,40.6545],[40.8411,40.6533],[40.8394,40.6431],[40.8415,40.6391],[40.8534,40.6373],[40.8615,40.6284],[40.8652,40.6211],[40.8689,40.6111],[40.8667,40.6045],[40.8642,40.6007],[40.862,40.5921],[40.8516,40.5851],[40.8354,40.5753],[40.8274,40.573],[40.8179,40.5777],[40.8041,40.5816],[40.799,40.582],[40.7944,40.5804],[40.7927,40.5759],[40.7812,40.5674],[40.7798,40.5568],[40.7763,40.5528],[40.7652,40.5665],[40.7679,40.5722],[40.779,40.5789],[40.7768,40.5823],[40.7854,40.583],[40.7856,40.585],[40.7777,40.5868],[40.7771,40.5918],[40.7715,40.5912],[40.7616,40.5948],[40.7579,40.6002],[40.7479,40.5971],[40.7425,40.5999],[40.7314,40.5986],[40.7265,40.5961],[40.725,40.6032],[40.7163,40.6055],[40.7104,40.6039],[40.7019,40.5984],[40.6974,40.5984],[40.6903,40.596],[40.6864,40.596],[40.6761,40.5935],[40.6714,40.5891],[40.662,40.5854],[40.659,40.5818],[40.6569,40.5706],[40.6507,40.5677],[40.6466,40.5639],[40.6418,40.5665],[40.6239,40.5629],[40.6192,40.5583],[40.6143,40.5596],[40.5985,40.5546],[40.5871,40.5527],[40.5776,40.5557],[40.5739,40.5555],[40.5626,40.5548],[40.555,40.5499],[40.5493,40.5479],[40.5462,40.5409],[40.535,40.5318],[40.5286,40.5319],[40.52,40.5289],[40.5174,40.5259],[40.5165,40.5185],[40.5046,40.516],[40.4956,40.5199],[40.4834,40.5213],[40.4782,40.5252],[40.4762,40.5285],[40.4789,40.5369],[40.4765,40.5426],[40.4717,40.5496],[40.467,40.5545],[40.4653,40.5624],[40.4699,40.5698],[40.468,40.5755],[40.4639,40.5786],[40.4649,40.5831],[40.4503,40.5898],[40.4411,40.5995],[40.4405,40.6053],[40.4367,40.6119],[40.4379,40.6184],[40.437,40.622],[40.4416,40.6255],[40.4442,40.6319],[40.4545,40.6368],[40.4601,40.6483],[40.4664,40.6559],[40.4721,40.6583],[40.4802,40.6632],[40.486,40.6718],[40.4864,40.6756],[40.4915,40.6844],[40.5045,40.6975],[40.5045,40.704],[40.5075,40.7146],[40.4962,40.7253],[40.4952,40.7291],[40.482,40.7346],[40.4778,40.737],[40.4666,40.7322],[40.4528,40.7334],[40.442,40.7317],[40.4359,40.7385],[40.4274,40.741],[40.4186,40.7446],[40.4223,40.7486],[40.4185,40.7511],[40.4165,40.7564],[40.4168,40.7606],[40.4194,40.7631],[40.4288,40.7634],[40.4326,40.7792],[40.4275,40.785],[40.4302,40.7955],[40.4263,40.7959],[40.4194,40.801],[40.4186,40.8051],[40.4334,40.8151],[40.4317,40.8185],[40.4347,40.8209],[40.4352,40.8247],[40.4406,40.8278],[40.4422,40.8315],[40.4469,40.8347],[40.4512,40.8398],[40.4631,40.8461],[40.4701,40.8417],[40.4711,40.8439],[40.4771,40.847],[40.4768,40.8516],[40.4736,40.8576],[40.469,40.8596],[40.468,40.8634],[40.4643,40.866],[40.4641,40.8694],[40.4516,40.8786],[40.4495,40.8835],[40.4395,40.8906],[40.4362,40.8912],[40.4188,40.9047],[40.4174,40.9127],[40.4149,40.916],[40.4148,40.9323],[40.4076,40.9381],[40.4073,40.9432],[40.4019,40.9527],[40.398,40.9554],[40.3987,40.9615],[40.3916,40.9646],[40.3798,40.9675],[40.3732,40.9677],[40.3646,40.9652],[40.3529,40.967],[40.3478,40.9726],[40.3429,40.9755],[40.3413,40.9794],[40.3298,40.9884],[40.3298,40.9904],[40.3442,41.0019],[40.348,41.0059],[40.3599,41.0141],[40.3695,41.0175],[40.3808,41.0239],[40.3863,41.0258],[40.3931,41.0263],[40.4022,41.025],[40.4105,41.0256],[40.4174,41.025],[40.4241,41.0273],[40.4431,41.0308],[40.4516,41.0306],[40.4654,41.0317],[40.4792,41.0355],[40.4831,41.0375],[40.4935,41.0404],[40.5004,41.0409],[40.5066,41.0401],[40.512,41.0365],[40.517,41.031],[40.5218,41.0281],[40.5356,41.0263],[40.5499,41.03],[40.5698,41.0419],[40.5754,41.0461],[40.5839,41.0476],[40.6031,41.0483],[40.6289,41.0608],[40.6349,41.0619],[40.6445,41.0673],[40.6683,41.0732],[40.6812,41.0788],[40.6852,41.0762],[40.6924,41.0774],[40.7024,41.0821],[40.7109,41.0841],[40.7208,41.088],[40.7428,41.1072],[40.7551,41.1237],[40.7573,41.1252],[40.7651,41.1346],[40.7732,41.1397],[40.7799,41.1471],[40.7844,41.1507],[40.7957,41.1567],[40.7985,41.1595],[40.8048,41.1621],[40.8136,41.1622],[40.8248,41.1683],[40.8316,41.1705],[40.8287,41.1732],[40.8281,41.1773],[40.8374,41.179],[40.8616,41.1863],[40.8636,41.1774],[40.8677,41.1783],[40.8742,41.1826],[40.8802,41.181],[40.8972,41.1843],[40.9053,41.1823],[40.9148,41.1772],[40.9235,41.1763],[40.9335,41.1772],[40.9595,41.189],[40.981,41.1951],[40.9919,41.194],[41.0155,41.202],[41.0268,41.2075],[41.0339,41.2097],[41.044,41.211],[41.0681,41.2203],[41.0769,41.2275],[41.0803,41.2315],[41.0918,41.2373],[41.1005,41.2446],[41.1157,41.2531],[41.1246,41.2567],[41.1284,41.2598],[41.1361,41.2691],[41.1483,41.279],[41.151,41.2819],[41.1563,41.284],[41.1779,41.2873],[41.1916,41.2933],[41.2062,41.2989],[41.21,41.3023],[41.2199,41.3058],[41.2251,41.3102],[41.2343,41.3142],[41.2427,41.3202],[41.2454,41.3243],[41.2457,41.324],[41.2462,41.3235]]]}},{"type":"Feature","properties":{"name":"Sakarya","number":54},"geometry":{"type":"Polygon","coordinates":[[[30.588,40.2861],[30.5832,40.2889],[30.5696,40.2906],[30.5606,40.2952],[30.5265,40.2944],[30.5115,40.2957],[30.5085,40.3011],[30.5085,40.3102],[30.5039,40.3128],[30.4898,40.3116],[30.4798,40.3207],[30.4783,40.3254],[30.475,40.3275],[30.4721,40.332],[30.4765,40.337],[30.4764,40.3396],[30.4812,40.3443],[30.477,40.3484],[30.4756,40.3582],[30.4817,40.3638],[30.4789,40.3769],[30.4744,40.3834],[30.4701,40.3811],[30.4622,40.3825],[30.4545,40.3879],[30.451,40.3872],[30.4452,40.3831],[30.441,40.3837],[30.4433,40.3905],[30.4397,40.3905],[30.4365,40.3932],[30.4315,40.3926],[30.4272,40.3941],[30.4178,40.3902],[30.4123,40.3851],[30.4069,40.3868],[30.3969,40.3848],[30.39,40.3802],[30.383,40.3806],[30.3763,40.3779],[30.3689,40.3793],[30.3628,40.3773],[30.359,40.3793],[30.3491,40.382],[30.3448,40.3817],[30.3386,40.3846],[30.3324,40.3827],[30.3266,40.3837],[30.3166,40.381],[30.309,40.3809],[30.3071,40.378],[30.3028,40.3791],[30.2984,40.3746],[30.2919,40.3729],[30.2904,40.3744],[30.2827,40.3711],[30.2807,40.3669],[30.2607,40.3668],[30.2492,40.3621],[30.2453,40.3617],[30.2406,40.3641],[30.2391,40.3606],[30.2248,40.352],[30.2275,40.3477],[30.2269,40.3448],[30.2205,40.3371],[30.2099,40.3376],[30.2023,40.3411],[30.1969,40.3446],[30.1929,40.3535],[30.1901,40.3548],[30.1824,40.3541],[30.1764,40.3521],[30.1525,40.3612],[30.1498,40.3668],[30.1381,40.3768],[30.1376,40.3801],[30.1247,40.3897],[30.1214,40.3936],[30.1186,40.3996],[30.1203,40.4019],[30.1081,40.4083],[30.105,40.4084],[30.1007,40.4139],[30.1017,40.4195],[30.0961,40.4228],[30.0897,40.4229],[30.0875,40.428],[30.0845,40.4298],[30.0858,40.4336],[30.0739,40.4476],[30.0721,40.4511],[30.0709,40.4581],[30.0642,40.4572],[30.0581,40.4539],[30.0547,40.4471],[30.0565,40.4419],[30.0482,40.4325],[30.0456,40.4264],[30.0387,40.4212],[30.0348,40.4211],[30.0188,40.4252],[30.0114,40.4302],[30.0059,40.4392],[30.0023,40.4471],[30.0037,40.4544],[29.9984,40.4596],[29.9993,40.4648],[29.9945,40.4652],[29.9882,40.4688],[29.9828,40.4745],[29.9848,40.4793],[29.9811,40.4869],[29.9772,40.5013],[29.9808,40.5062],[29.992,40.5163],[29.9876,40.5245],[29.967,40.5514],[29.9821,40.5572],[29.9952,40.5646],[30.0115,40.5699],[30.031,40.5748],[30.0382,40.5781],[30.0428,40.5833],[30.0466,40.5899],[30.0534,40.5936],[30.0616,40.5925],[30.0747,40.5953],[30.094,40.6004],[30.1025,40.6015],[30.1089,40.6054],[30.1152,40.6079],[30.1172,40.6154],[30.1226,40.6153],[30.1262,40.622],[30.1358,40.6295],[30.1369,40.636],[30.1436,40.6425],[30.1461,40.651],[30.1522,40.6567],[30.1552,40.6626],[30.1582,40.6727],[30.16,40.6758],[30.1583,40.6841],[30.1601,40.6871],[30.1611,40.698],[30.1552,40.7061],[30.1561,40.7115],[30.1756,40.7135],[30.1849,40.7153],[30.2517,40.7265],[30.2538,40.7397],[30.2436,40.749],[30.2421,40.7572],[30.2446,40.7601],[30.2415,40.7621],[30.2455,40.7677],[30.2433,40.774],[30.2382,40.7797],[30.237,40.7828],[30.233,40.7825],[30.2266,40.7846],[30.2191,40.7906],[30.2169,40.7947],[30.2182,40.7981],[30.2251,40.8051],[30.2171,40.8126],[30.2176,40.8186],[30.2153,40.8207],[30.2172,40.8277],[30.2208,40.828],[30.2252,40.8357],[30.2299,40.8384],[30.2291,40.8478],[30.2351,40.8477],[30.2436,40.8447],[30.2481,40.8445],[30.2555,40.847],[30.2566,40.8536],[30.2527,40.8576],[30.2549,40.8596],[30.2622,40.8613],[30.2675,40.866],[30.2647,40.8712],[30.2621,40.8725],[30.2577,40.8798],[30.2597,40.8828],[30.2569,40.8884],[30.2503,40.8921],[30.2404,40.8942],[30.2332,40.8967],[30.2346,40.9013],[30.2404,40.9056],[30.2515,40.908],[30.2629,40.9059],[30.2666,40.9031],[30.2709,40.8974],[30.2824,40.8936],[30.2834,40.9003],[30.2864,40.9054],[30.2903,40.905],[30.2917,40.9082],[30.2891,40.9119],[30.2824,40.9122],[30.2806,40.9177],[30.275,40.9189],[30.2788,40.925],[30.289,40.931],[30.2851,40.9343],[30.2772,40.9382],[30.2809,40.9461],[30.2854,40.9526],[30.2905,40.9556],[30.288,40.9589],[30.2808,40.9572],[30.2766,40.9597],[30.2773,40.9647],[30.2757,40.9685],[30.272,40.9717],[30.2677,40.9708],[30.2671,40.9757],[30.2606,40.9783],[30.2606,40.987],[30.251,40.9829],[30.2482,40.9779],[30.2439,40.9775],[30.2366,40.9809],[30.2379,40.9902],[30.2356,40.9929],[30.2385,40.9963],[30.2367,41.001],[30.2291,41.0131],[30.2269,41.0153],[30.2352,41.0196],[30.2369,41.0232],[30.2428,41.0281],[30.2497,41.0311],[30.2509,41.0374],[30.2586,41.0388],[30.2596,41.0408],[30.2573,41.0467],[30.2645,41.0481],[30.2662,41.051],[30.2563,41.0542],[30.2522,41.0681],[30.2483,41.0719],[30.244,41.0822],[30.2467,41.0848],[30.2578,41.0853],[30.262,41.0864],[30.2625,41.0898],[30.2717,41.0906],[30.2816,41.089],[30.2871,41.0947],[30.2913,41.0976],[30.2956,41.1028],[30.3058,41.1093],[30.3066,41.1125],[30.3108,41.114],[30.3126,41.1169],[30.3234,41.1229],[30.3272,41.1386],[30.3259,41.1428],[30.3322,41.1556],[30.3397,41.1621],[30.3488,41.1654],[30.3559,41.165],[30.3657,41.1684],[30.3658,41.1711],[30.3625,41.1745],[30.3671,41.1792],[30.3906,41.1712],[30.4194,41.1629],[30.4514,41.155],[30.4761,41.1496],[30.5009,41.145],[30.5353,41.1398],[30.5528,41.1375],[30.5888,41.1338],[30.6282,41.1289],[30.647,41.1273],[30.6498,41.128],[30.659,41.1244],[30.6716,41.1204],[30.6817,41.1153],[30.6928,41.1117],[30.7319,41.0969],[30.7434,41.0912],[30.7554,41.0862],[30.765,41.0862],[30.7833,41.0841],[30.8156,41.0816],[30.837,41.0791],[30.8662,41.0765],[30.8881,41.0748],[30.9107,41.0735],[30.9382,41.0727],[30.9468,41.0733],[30.9658,41.0729],[30.9675,41.0748],[30.9666,41.0722],[30.958,41.0679],[30.956,41.0623],[30.9598,41.0624],[30.9675,41.0654],[30.9673,41.0616],[30.9709,41.0602],[30.9777,41.0611],[30.9844,41.0536],[30.9848,41.0504],[30.982,41.0463],[30.9847,41.0426],[30.9982,41.0423],[31.0045,41.0483],[31.0091,41.0482],[31.0125,41.0452],[31.0106,41.0391],[31.0041,41.0302],[30.9935,41.0304],[30.9905,41.0269],[30.9847,41.028],[30.9863,41.0221],[30.98,41.0126],[30.9763,41.0099],[30.9687,41.0085],[30.9612,41.0083],[30.965,41.0042],[30.9616,41.0018],[30.9514,41.0011],[30.9527,40.9957],[30.9579,40.996],[30.9615,40.9939],[30.9597,40.9907],[30.9627,40.986],[30.9568,40.9835],[30.9542,40.9805],[30.9482,40.9795],[30.9455,40.977],[30.941,40.9774],[30.9359,40.969],[30.9318,40.9648],[30.9315,40.962],[30.9161,40.9537],[30.9169,40.9491],[30.9116,40.9462],[30.9106,40.9417],[30.9021,40.9382],[30.8969,40.9338],[30.8961,40.9311],[30.9011,40.9271],[30.9081,40.9255],[30.9081,40.9238],[30.8982,40.9161],[30.8907,40.9172],[30.8839,40.9143],[30.8782,40.9141],[30.8729,40.9119],[30.8664,40.9119],[30.8627,40.9139],[30.8577,40.9115],[30.846,40.9098],[30.8388,40.9108],[30.8323,40.9098],[30.8284,40.9008],[30.8243,40.9001],[30.8231,40.8937],[30.8244,40.8907],[30.8238,40.8839],[30.8406,40.8821],[30.8455,40.8781],[30.8491,40.8771],[30.8646,40.8773],[30.8794,40.87],[30.8817,40.8621],[30.8737,40.8561],[30.8703,40.8514],[30.8671,40.8433],[30.8684,40.8406],[30.8743,40.8385],[30.8823,40.8374],[30.8922,40.8378],[30.8982,40.8351],[30.9035,40.8412],[30.9152,40.8405],[30.9194,40.8375],[30.9179,40.8313],[30.9142,40.8283],[30.9057,40.8273],[30.9036,40.8257],[30.8967,40.8255],[30.8946,40.8237],[30.8945,40.8182],[30.8781,40.8187],[30.8642,40.815],[30.8596,40.8121],[30.8478,40.8084],[30.8395,40.8045],[30.8362,40.8005],[30.8366,40.7958],[30.8406,40.7888],[30.8406,40.7865],[30.8364,40.7836],[30.8325,40.7849],[30.8272,40.7826],[30.8223,40.7739],[30.8283,40.7697],[30.8303,40.7596],[30.8329,40.7548],[30.8302,40.7514],[30.8395,40.7399],[30.8439,40.7399],[30.8552,40.7447],[30.8651,40.7474],[30.8788,40.7475],[30.8857,40.7495],[30.8911,40.747],[30.8931,40.7422],[30.8916,40.7408],[30.891,40.7308],[30.8924,40.7293],[30.9102,40.7253],[30.9136,40.72],[30.9195,40.7157],[30.9245,40.7156],[30.9258,40.7105],[30.9381,40.7127],[30.941,40.711],[30.9415,40.7039],[30.9386,40.7012],[30.939,40.6971],[30.9354,40.6921],[30.9356,40.6836],[30.9305,40.6774],[30.9254,40.6734],[30.9255,40.6695],[30.9186,40.6599],[30.9086,40.6574],[30.9018,40.6541],[30.8983,40.6479],[30.895,40.6446],[30.8965,40.6303],[30.8915,40.6244],[30.8856,40.6209],[30.8705,40.5986],[30.8709,40.5913],[30.8735,40.5854],[30.873,40.5752],[30.8826,40.5764],[30.8868,40.5753],[30.8853,40.5721],[30.8786,40.5704],[30.8751,40.5709],[30.8722,40.5672],[30.8747,40.564],[30.8712,40.5515],[30.8717,40.5441],[30.8826,40.5385],[30.8766,40.5324],[30.8727,40.5249],[30.8656,40.519],[30.8669,40.513],[30.8612,40.5107],[30.856,40.5123],[30.8532,40.5149],[30.8377,40.5157],[30.8318,40.5144],[30.8213,40.5165],[30.7993,40.5141],[30.7904,40.5079],[30.7824,40.5074],[30.7743,40.5036],[30.7667,40.5044],[30.7602,40.5034],[30.746,40.5026],[30.732,40.5011],[30.7281,40.5],[30.7101,40.501],[30.6998,40.4994],[30.6805,40.4993],[30.67,40.5038],[30.6587,40.5054],[30.652,40.5072],[30.6386,40.5073],[30.6302,40.5018],[30.6219,40.4903],[30.6117,40.489],[30.6061,40.4845],[30.5928,40.4848],[30.5865,40.4858],[30.5815,40.4888],[30.5718,40.4909],[30.5683,40.4873],[30.5684,40.4822],[30.5716,40.4764],[30.579,40.473],[30.5879,40.4722],[30.5902,40.4709],[30.5914,40.463],[30.5898,40.4603],[30.5798,40.4499],[30.5841,40.4429],[30.585,40.4369],[30.5791,40.4302],[30.5792,40.4244],[30.5772,40.4233],[30.5767,40.4181],[30.5785,40.4094],[30.5835,40.4047],[30.5815,40.4009],[30.5837,40.3988],[30.5785,40.3949],[30.5741,40.3885],[30.5746,40.3856],[30.582,40.3798],[30.5791,40.3709],[30.572,40.3674],[30.5648,40.3571],[30.5677,40.3502],[30.5762,40.3449],[30.5874,40.3455],[30.6024,40.3422],[30.6086,40.3367],[30.6076,40.3265],[30.5961,40.3242],[30.5881,40.327],[30.5758,40.3287],[30.5708,40.3266],[30.5717,40.3136],[30.5667,40.3087],[30.5701,40.306],[30.5814,40.3017],[30.5853,40.2966],[30.588,40.2861]]]}},{"type":"Feature","properties":{"name":"Samsun","number":55},"geometry":{"type":"Polygon","coordinates":[[[36.427,40.8654],[36.4236,40.8655],[36.4172,40.8626],[36.4042,40.8649],[36.4021,40.8626],[36.396,40.8648],[36.3991,40.8671],[36.3989,40.8729],[36.401,40.878],[36.4042,40.8816],[36.405,40.8859],[36.4102,40.8911],[36.4104,40.8937],[36.4059,40.8984],[36.4027,40.9038],[36.4019,40.908],[36.3974,40.9154],[36.3965,40.92],[36.3898,40.9258],[36.3861,40.9322],[36.3794,40.9364],[36.3783,40.9389],[36.3636,40.941],[36.356,40.9397],[36.3508,40.9408],[36.3497,40.9522],[36.3446,40.9552],[36.3422,40.9651],[36.3424,40.9717],[36.3408,40.9754],[36.3374,40.9779],[36.3273,40.9799],[36.3165,40.977],[36.3129,40.9752],[36.3064,40.9745],[36.3021,40.9785],[36.2866,40.9816],[36.2793,40.9819],[36.2702,40.9836],[36.2675,40.9802],[36.2603,40.9808],[36.2516,40.9784],[36.2357,40.9765],[36.2293,40.9796],[36.2255,40.9858],[36.2175,40.9813],[36.2157,40.9745],[36.2099,40.9779],[36.1998,40.9811],[36.1971,40.9702],[36.1948,40.9676],[36.1962,40.9624],[36.1912,40.9609],[36.1872,40.9528],[36.1857,40.9439],[36.1832,40.9404],[36.1825,40.9346],[36.1784,40.9314],[36.1771,40.9277],[36.1713,40.921],[36.1688,40.9151],[36.1684,40.9058],[36.1628,40.8968],[36.1619,40.8908],[36.1479,40.8897],[36.146,40.8934],[36.1408,40.895],[36.1355,40.8931],[36.1317,40.8954],[36.1295,40.9023],[36.1196,40.9009],[36.1,40.8922],[36.0975,40.8865],[36.0934,40.8834],[36.0946,40.8746],[36.0991,40.8724],[36.0931,40.8683],[36.0931,40.8639],[36.0963,40.8583],[36.0905,40.8521],[36.0856,40.8516],[36.0828,40.8446],[36.0751,40.8404],[36.0638,40.8406],[36.0551,40.8351],[36.0462,40.8324],[36.0373,40.8324],[36.0351,40.8303],[36.0266,40.827],[36.0232,40.8221],[36.0187,40.822],[36.012,40.8244],[36.0096,40.8285],[35.9799,40.8372],[35.9685,40.8397],[35.9554,40.844],[35.9244,40.8475],[35.9163,40.8516],[35.9094,40.8583],[35.8913,40.8606],[35.8754,40.8646],[35.8709,40.8678],[35.8644,40.87],[35.8172,40.8708],[35.806,40.8718],[35.8026,40.8731],[35.7969,40.8777],[35.7914,40.885],[35.7889,40.8863],[35.7851,40.882],[35.7755,40.8752],[35.7707,40.8746],[35.7666,40.8683],[35.7586,40.8735],[35.7462,40.8762],[35.7338,40.8798],[35.7293,40.8758],[35.7262,40.8761],[35.723,40.8711],[35.7204,40.8716],[35.7142,40.8665],[35.7015,40.8655],[35.6946,40.8637],[35.6908,40.8669],[35.6883,40.8742],[35.6838,40.8767],[35.6788,40.869],[35.6746,40.8693],[35.6719,40.8753],[35.6688,40.8783],[35.6675,40.8867],[35.6643,40.8903],[35.6653,40.8946],[35.6628,40.8971],[35.655,40.8948],[35.6523,40.8996],[35.6466,40.8934],[35.6345,40.8955],[35.6407,40.9047],[35.6407,40.9102],[35.6439,40.9149],[35.64,40.9212],[35.6355,40.9245],[35.6351,40.9272],[35.6267,40.9366],[35.6165,40.9387],[35.6127,40.9376],[35.6007,40.9375],[35.597,40.9403],[35.5884,40.9386],[35.5789,40.9408],[35.5737,40.9401],[35.5666,40.9441],[35.5486,40.9482],[35.5404,40.9482],[35.5363,40.95],[35.5288,40.9511],[35.5214,40.9576],[35.5016,40.9596],[35.4972,40.9649],[35.4852,40.9738],[35.4774,40.9738],[35.4755,40.979],[35.4763,40.9832],[35.4725,40.9852],[35.4715,40.9897],[35.466,40.9914],[35.4598,41.0039],[35.4541,41.0072],[35.4501,41.0163],[35.4462,41.0203],[35.4407,41.0164],[35.4403,41.0144],[35.4328,41.0115],[35.4254,41.0097],[35.4164,41.015],[35.4096,41.0162],[35.4037,41.0155],[35.3971,41.0124],[35.3896,41.0117],[35.3855,41.0165],[35.3766,41.0131],[35.3744,41.0092],[35.3643,41.005],[35.3583,41.0053],[35.3577,41.0133],[35.3533,41.0179],[35.3543,41.027],[35.3519,41.03],[35.3476,41.0288],[35.3421,41.0303],[35.3396,41.0361],[35.3261,41.0403],[35.3117,41.0389],[35.301,41.0423],[35.2828,41.0411],[35.2784,41.0346],[35.2676,41.0332],[35.2615,41.039],[35.2559,41.0387],[35.2518,41.0406],[35.2459,41.0411],[35.2408,41.045],[35.2358,41.0546],[35.2347,41.0621],[35.2306,41.0694],[35.2277,41.0696],[35.2106,41.0759],[35.1977,41.0761],[35.1838,41.0745],[35.1743,41.0775],[35.1675,41.0774],[35.1653,41.0745],[35.1587,41.0776],[35.1513,41.0766],[35.1392,41.0737],[35.1197,41.0755],[35.0814,41.076],[35.0751,41.0762],[35.0565,41.0808],[35.0479,41.0809],[35.0439,41.083],[35.033,41.0831],[35.0244,41.0814],[35.0198,41.0794],[35.0139,41.0792],[35.0117,41.0829],[35.0081,41.0828],[35.0001,41.0798],[34.9933,41.0818],[34.9871,41.0813],[34.9863,41.0905],[34.9628,41.0914],[34.951,41.0963],[34.9435,41.0979],[34.9353,41.098],[34.9283,41.0942],[34.9231,41.0963],[34.923,41.0992],[34.9309,41.1079],[34.9433,41.1156],[34.9512,41.1196],[34.9605,41.1211],[34.9692,41.1247],[34.9732,41.1306],[34.9828,41.1394],[34.9841,41.1436],[34.9826,41.1478],[34.9771,41.1537],[34.9728,41.156],[34.9619,41.1657],[34.9607,41.1703],[34.965,41.1851],[34.9566,41.198],[34.9415,41.195],[34.9326,41.1966],[34.9299,41.1993],[34.9313,41.2101],[34.927,41.2235],[34.9169,41.2292],[34.9059,41.2399],[34.8827,41.2499],[34.8832,41.2523],[34.8787,41.2569],[34.8875,41.2725],[34.9148,41.2796],[34.9276,41.2797],[34.9329,41.2936],[34.9288,41.3121],[34.9327,41.3155],[34.9432,41.3161],[34.9446,41.3257],[34.9484,41.3268],[34.959,41.3243],[34.9733,41.3261],[34.9829,41.3336],[34.9915,41.3331],[34.9998,41.3358],[35.004,41.342],[35.0136,41.3446],[35.0188,41.342],[35.0288,41.3337],[35.0369,41.3338],[35.0499,41.3284],[35.0602,41.3304],[35.0753,41.3292],[35.0786,41.3302],[35.0787,41.3351],[35.0818,41.3389],[35.0884,41.3403],[35.0888,41.3427],[35.0945,41.3444],[35.0997,41.3485],[35.1033,41.3494],[35.11,41.3559],[35.1223,41.3579],[35.1253,41.3603],[35.1304,41.3613],[35.1329,41.3543],[35.1361,41.3515],[35.1461,41.3295],[35.1496,41.3229],[35.1583,41.3183],[35.1713,41.3145],[35.1806,41.3148],[35.1933,41.3075],[35.1952,41.3047],[35.1947,41.2994],[35.1911,41.2908],[35.1903,41.2805],[35.1916,41.267],[35.2258,41.2608],[35.244,41.2512],[35.2807,41.2432],[35.2944,41.2442],[35.3066,41.2339],[35.3178,41.2336],[35.3294,41.238],[35.3586,41.2442],[35.39,41.2635],[35.3994,41.2633],[35.4042,41.2677],[35.4041,41.2701],[35.4002,41.2744],[35.3844,41.2824],[35.3803,41.2902],[35.3731,41.2978],[35.3685,41.3083],[35.3686,41.3109],[35.3638,41.3156],[35.3563,41.3192],[35.3541,41.3306],[35.3549,41.3395],[35.3588,41.3426],[35.3698,41.3474],[35.3885,41.3413],[35.3888,41.3388],[35.394,41.3349],[35.398,41.3348],[35.4035,41.3303],[35.4109,41.3273],[35.416,41.3264],[35.421,41.3232],[35.4357,41.316],[35.4403,41.3155],[35.4486,41.3169],[35.4502,41.3234],[35.4619,41.3305],[35.4653,41.3377],[35.4724,41.3374],[35.4777,41.3413],[35.4732,41.3428],[35.467,41.3501],[35.4666,41.3547],[35.4599,41.3594],[35.4538,41.3683],[35.4481,41.374],[35.4488,41.3787],[35.4532,41.3864],[35.4473,41.3907],[35.4389,41.3936],[35.4357,41.3968],[35.4359,41.3999],[35.4411,41.4048],[35.4443,41.405],[35.447,41.4106],[35.4436,41.4137],[35.4423,41.4174],[35.4363,41.4227],[35.4324,41.4374],[35.43,41.4414],[35.4343,41.4526],[35.4228,41.4542],[35.4143,41.4579],[35.4067,41.4692],[35.4048,41.4708],[35.3946,41.4736],[35.3911,41.471],[35.3873,41.4737],[35.3806,41.476],[35.3749,41.4766],[35.3696,41.4813],[35.3663,41.4894],[35.3659,41.4961],[35.3686,41.5048],[35.3647,41.5089],[35.3569,41.5121],[35.358,41.5183],[35.3545,41.5275],[35.3551,41.5325],[35.3584,41.5347],[35.3602,41.5385],[35.3577,41.5405],[35.3351,41.5542],[35.3289,41.5666],[35.3237,41.5698],[35.3207,41.5741],[35.3216,41.5782],[35.3172,41.5844],[35.3146,41.5919],[35.3167,41.5945],[35.322,41.5954],[35.3291,41.5934],[35.3384,41.5948],[35.3429,41.5968],[35.3368,41.5993],[35.3359,41.6036],[35.3446,41.6106],[35.3479,41.6116],[35.3554,41.6167],[35.3581,41.6214],[35.3558,41.6271],[35.3555,41.6328],[35.3582,41.6371],[35.363,41.6412],[35.3716,41.6462],[35.3854,41.6504],[35.3905,41.6574],[35.3918,41.6622],[35.4,41.6768],[35.404,41.679],[35.4108,41.6785],[35.4121,41.6842],[35.4187,41.6818],[35.4203,41.676],[35.4245,41.6724],[35.4405,41.6643],[35.4477,41.6586],[35.4594,41.6515],[35.4718,41.6464],[35.4905,41.6431],[35.4966,41.6428],[35.501,41.6384],[35.5121,41.6359],[35.5262,41.6341],[35.5337,41.6343],[35.5387,41.6327],[35.5545,41.6319],[35.5791,41.6323],[35.6066,41.6347],[35.6272,41.6373],[35.6471,41.6404],[35.681,41.6484],[35.7038,41.6545],[35.7505,41.666],[35.773,41.6726],[35.7914,41.6773],[35.7969,41.6795],[35.824,41.6873],[35.84,41.6923],[35.8692,41.7021],[35.8956,41.7116],[35.9159,41.7197],[35.9487,41.7317],[35.957,41.7366],[35.961,41.7354],[35.9692,41.7294],[35.9763,41.7264],[35.9775,41.7235],[35.9877,41.7177],[35.993,41.7164],[35.9988,41.713],[36.0308,41.6986],[36.037,41.6966],[36.0497,41.6894],[36.0555,41.6868],[36.0667,41.6801],[36.0672,41.6786],[36.0759,41.6694],[36.091,41.6505],[36.0964,41.6426],[36.1041,41.6351],[36.1107,41.6301],[36.1148,41.6249],[36.1182,41.6148],[36.1196,41.6038],[36.1224,41.5908],[36.1234,41.5824],[36.1288,41.5687],[36.1325,41.5541],[36.1316,41.5369],[36.1287,41.5245],[36.126,41.5163],[36.1221,41.5099],[36.1206,41.5002],[36.1192,41.4988],[36.1193,41.4898],[36.1214,41.4814],[36.1311,41.4622],[36.1453,41.4481],[36.1605,41.4366],[36.173,41.4248],[36.1914,41.4053],[36.2069,41.391],[36.2143,41.3847],[36.2312,41.3728],[36.2308,41.3664],[36.2408,41.3545],[36.2513,41.348],[36.2641,41.3417],[36.2787,41.3359],[36.2914,41.3318],[36.3064,41.3284],[36.3089,41.3317],[36.3171,41.3295],[36.3151,41.326],[36.332,41.3227],[36.3357,41.32],[36.3334,41.318],[36.3402,41.3134],[36.342,41.3101],[36.3373,41.3058],[36.336,41.2975],[36.345,41.2868],[36.3481,41.2868],[36.351,41.2814],[36.3683,41.2746],[36.3796,41.2673],[36.3845,41.2623],[36.3858,41.2556],[36.3941,41.2518],[36.401,41.25],[36.426,41.2457],[36.4405,41.245],[36.4445,41.2464],[36.4507,41.245],[36.4625,41.2458],[36.4737,41.2475],[36.4752,41.2485],[36.4896,41.2502],[36.5073,41.2572],[36.5385,41.2718],[36.5571,41.283],[36.5657,41.2901],[36.5695,41.2953],[36.5711,41.2998],[36.5789,41.312],[36.5859,41.3176],[36.6004,41.3324],[36.6042,41.3378],[36.6079,41.3472],[36.6121,41.3542],[36.6218,41.3662],[36.636,41.3749],[36.6497,41.3805],[36.6579,41.3824],[36.6618,41.3821],[36.6739,41.3746],[36.6768,41.3713],[36.683,41.3688],[36.6982,41.3671],[36.7059,41.3657],[36.7421,41.3635],[36.7661,41.3597],[36.797,41.3557],[36.8047,41.3537],[36.8167,41.352],[36.8234,41.3501],[36.8348,41.3485],[36.8527,41.3439],[36.856,41.3435],[36.8629,41.3401],[36.8753,41.3377],[36.8863,41.333],[36.9228,41.315],[36.9343,41.3088],[36.9452,41.3039],[36.9659,41.2959],[36.9806,41.2894],[36.9979,41.2839],[37.0095,41.2774],[37.0175,41.2706],[37.0247,41.2599],[37.025,41.2509],[37.0262,41.246],[37.026,41.2348],[37.025,41.2317],[37.0261,41.2239],[37.0263,41.2106],[37.0293,41.2016],[37.0257,41.197],[37.0339,41.1869],[37.0436,41.1802],[37.0606,41.1717],[37.0867,41.1621],[37.1007,41.158],[37.1216,41.1527],[37.1322,41.1505],[37.1482,41.1485],[37.1699,41.1476],[37.1682,41.1398],[37.1623,41.1399],[37.1579,41.1371],[37.1589,41.1295],[37.1636,41.126],[37.1625,41.1211],[37.1578,41.1173],[37.1508,41.1189],[37.1484,41.118],[37.1501,41.1112],[37.1391,41.1071],[37.132,41.1068],[37.1311,41.1028],[37.1206,41.0958],[37.114,41.0966],[37.1092,41.1],[37.098,41.1009],[37.0931,41.097],[37.0873,41.0972],[37.0725,41.1068],[37.0616,41.1067],[37.0467,41.1041],[37.0166,41.1019],[37.0042,41.093],[36.9958,41.0919],[36.988,41.0841],[36.9885,41.0756],[36.9913,41.0741],[36.9896,41.0685],[36.9904,41.0637],[36.9844,41.0586],[36.9805,41.0576],[36.9724,41.058],[36.9669,41.0632],[36.9602,41.0652],[36.9553,41.0615],[36.9571,41.0528],[36.9543,41.0445],[36.9546,41.0401],[36.9599,41.0363],[36.9692,41.0362],[36.9774,41.0263],[36.9807,41.0259],[36.9817,41.022],[36.9786,41.0144],[36.9758,41.0101],[36.9647,40.9983],[36.9534,40.9909],[36.9481,40.9897],[36.9402,40.9809],[36.9307,40.9779],[36.9252,40.9732],[36.9204,40.9733],[36.9166,40.9761],[36.9139,40.9719],[36.9206,40.9713],[36.9153,40.96],[36.9212,40.9559],[36.9214,40.9484],[36.9246,40.9464],[36.9209,40.9423],[36.921,40.9395],[36.915,40.935],[36.9047,40.9391],[36.9064,40.9443],[36.9051,40.9502],[36.9027,40.9534],[36.898,40.9554],[36.8945,40.9593],[36.8848,40.947],[36.8707,40.9472],[36.8544,40.9468],[36.8514,40.9446],[36.8513,40.9412],[36.8543,40.9375],[36.8513,40.9324],[36.8538,40.9307],[36.8533,40.9243],[36.8549,40.9208],[36.8469,40.9197],[36.84,40.9224],[36.8343,40.9234],[36.8287,40.9226],[36.8286,40.9193],[36.8186,40.9195],[36.8096,40.921],[36.8048,40.9228],[36.799,40.9209],[36.7961,40.9235],[36.7871,40.9254],[36.7856,40.9281],[36.781,40.9296],[36.7724,40.9208],[36.7635,40.9176],[36.757,40.9132],[36.7491,40.9136],[36.7407,40.9125],[36.7399,40.914],[36.732,40.9131],[36.7282,40.9096],[36.7217,40.9079],[36.7131,40.908],[36.7113,40.9059],[36.7041,40.9027],[36.6944,40.8962],[36.69,40.8884],[36.6824,40.8869],[36.6822,40.8896],[36.6774,40.8939],[36.6578,40.9014],[36.6489,40.9025],[36.6426,40.9047],[36.6402,40.9098],[36.6351,40.9103],[36.633,40.9058],[36.626,40.907],[36.6239,40.8976],[36.6147,40.8933],[36.6076,40.8993],[36.6062,40.9051],[36.5979,40.9085],[36.593,40.9081],[36.5886,40.9012],[36.5877,40.8965],[36.5795,40.8949],[36.5696,40.8989],[36.5369,40.8899],[36.5194,40.879],[36.5124,40.8786],[36.5075,40.8763],[36.4985,40.8767],[36.4947,40.8734],[36.4879,40.873],[36.4846,40.8762],[36.4797,40.8765],[36.4728,40.8733],[36.4685,40.8753],[36.4616,40.8823],[36.4513,40.8816],[36.4489,40.8772],[36.4506,40.8713],[36.446,40.8702],[36.4407,40.8742],[36.4367,40.8753],[36.4327,40.8734],[36.427,40.8654]]]}},{"type":"Feature","properties":{"name":"Siirt","number":56},"geometry":{"type":"Polygon","coordinates":[[[41.8125,37.6953],[41.8131,37.6996],[41.8197,37.703],[41.8219,37.7095],[41.8174,37.7146],[41.8049,37.7142],[41.7991,37.7123],[41.7904,37.712],[41.7748,37.7155],[41.7731,37.718],[41.7742,37.7234],[41.7774,37.7319],[41.7746,37.7328],[41.7665,37.7319],[41.7597,37.7293],[41.7484,37.7314],[41.7407,37.7318],[41.7359,37.7309],[41.7274,37.7268],[41.7213,37.7271],[41.7184,37.7255],[41.7186,37.7215],[41.7212,37.7173],[41.7211,37.7109],[41.7157,37.708],[41.7118,37.7097],[41.7099,37.7135],[41.7024,37.7156],[41.7005,37.7237],[41.6959,37.7281],[41.6827,37.7294],[41.6761,37.7267],[41.6741,37.7302],[41.6757,37.7351],[41.6674,37.7395],[41.6647,37.7428],[41.6732,37.7468],[41.6743,37.7534],[41.677,37.7593],[41.6801,37.7628],[41.6789,37.7695],[41.6816,37.7777],[41.6824,37.7876],[41.6851,37.7923],[41.6916,37.7978],[41.695,37.8031],[41.6975,37.8143],[41.6973,37.8199],[41.7028,37.831],[41.6924,37.8424],[41.6806,37.8616],[41.6567,37.8686],[41.6562,37.8773],[41.6448,37.8804],[41.6212,37.8738],[41.6063,37.8713],[41.5901,37.8806],[41.5539,37.8759],[41.5226,37.8623],[41.4884,37.875],[41.4578,37.8899],[41.4399,37.8972],[41.4216,37.9141],[41.4006,37.9324],[41.3692,37.9476],[41.363,37.959],[41.3617,37.9669],[41.3634,37.9733],[41.3718,37.9779],[41.3821,37.9791],[41.3836,37.9825],[41.3932,37.9832],[41.4004,37.9853],[41.4038,37.9898],[41.4072,37.99],[41.4176,37.9946],[41.4185,37.997],[41.4238,37.997],[41.4258,38.002],[41.4361,38.0041],[41.4361,38.0089],[41.4438,38.0087],[41.4466,38.0114],[41.4456,38.0163],[41.457,38.0163],[41.4612,38.019],[41.4619,38.0217],[41.4676,38.0288],[41.4761,38.0286],[41.4755,38.0337],[41.4777,38.0373],[41.4817,38.0397],[41.495,38.0401],[41.5067,38.0258],[41.5107,38.018],[41.5222,38.0098],[41.5319,38.0142],[41.537,38.0202],[41.5391,38.0341],[41.5405,38.0497],[41.5469,38.0611],[41.5592,38.0701],[41.574,38.0789],[41.5924,38.0798],[41.6097,38.0839],[41.6109,38.097],[41.6074,38.1108],[41.617,38.1231],[41.6308,38.1323],[41.6408,38.1452],[41.6433,38.1577],[41.6436,38.1872],[41.6366,38.1999],[41.6288,38.2151],[41.631,38.2273],[41.6413,38.2397],[41.6473,38.2536],[41.6607,38.2673],[41.6828,38.2437],[41.7146,38.2418],[41.7441,38.2371],[41.7656,38.2358],[41.7853,38.2357],[41.8179,38.2114],[41.824,38.2028],[41.8427,38.1982],[41.8546,38.1913],[41.8695,38.1914],[41.8789,38.1898],[41.8975,38.1906],[41.9149,38.1898],[41.9314,38.1851],[41.9436,38.1752],[41.954,38.1633],[41.9703,38.1577],[41.9765,38.1685],[41.9815,38.1669],[42.0162,38.1725],[42.0407,38.1731],[42.0612,38.1833],[42.0981,38.2031],[42.1163,38.2167],[42.1322,38.216],[42.1709,38.2228],[42.2023,38.2329],[42.2233,38.2367],[42.246,38.2326],[42.2407,38.1897],[42.2363,38.1802],[42.2564,38.1523],[42.2713,38.1403],[42.2772,38.1317],[42.2871,38.1194],[42.3315,38.11],[42.3839,38.1294],[42.3897,38.1274],[42.3885,38.1204],[42.3718,38.1048],[42.3748,38.0888],[42.3878,38.0766],[42.3915,38.0691],[42.407,38.0655],[42.4113,38.0665],[42.4168,38.0649],[42.4322,38.0678],[42.4489,38.0702],[42.4483,38.0661],[42.4404,38.0569],[42.4514,38.0501],[42.4539,38.0438],[42.4614,38.041],[42.4658,38.0336],[42.4706,38.0296],[42.4743,38.0292],[42.4847,38.0252],[42.4896,38.0203],[42.4868,38.0123],[42.4863,38.0051],[42.4835,37.9995],[42.4868,37.9941],[42.4913,37.9895],[42.5019,37.9816],[42.5145,37.9779],[42.5328,37.9711],[42.5414,37.9718],[42.5483,37.9692],[42.5657,37.9786],[42.5675,37.9824],[42.5764,37.9797],[42.5829,37.9768],[42.588,37.9786],[42.5892,37.9831],[42.5962,37.9846],[42.6036,37.9825],[42.6141,37.9811],[42.6172,37.9826],[42.6236,37.9883],[42.6265,37.9897],[42.6315,37.9884],[42.6495,37.9943],[42.6547,37.999],[42.6542,38.0167],[42.6632,38.0245],[42.6833,38.0305],[42.7099,38.0194],[42.736,37.9991],[42.7422,37.961],[42.7453,37.9534],[42.7439,37.9442],[42.7488,37.938],[42.756,37.9364],[42.764,37.9371],[42.7702,37.936],[42.7796,37.9232],[42.7784,37.9203],[42.781,37.9168],[42.787,37.9132],[42.7888,37.9096],[42.7883,37.903],[42.8045,37.8917],[42.8179,37.8672],[42.8246,37.8501],[42.8393,37.8242],[42.8654,37.7994],[42.8845,37.7669],[42.8407,37.6597],[42.8243,37.6602],[42.7782,37.6787],[42.6777,37.6982],[42.5849,37.7192],[42.5293,37.7267],[42.492,37.7257],[42.463,37.7167],[42.4434,37.7002],[42.4219,37.6922],[42.4042,37.6984],[42.3906,37.7118],[42.3765,37.7073],[42.3625,37.7098],[42.3606,37.6983],[42.3573,37.6829],[42.3626,37.6738],[42.3529,37.6669],[42.324,37.6604],[42.3146,37.6501],[42.3159,37.6398],[42.3022,37.6348],[42.283,37.6482],[42.2682,37.6554],[42.2572,37.6559],[42.2525,37.6494],[42.2639,37.642],[42.2696,37.624],[42.2758,37.6197],[42.2793,37.6141],[42.2788,37.6102],[42.2827,37.6056],[42.2794,37.6026],[42.2629,37.5975],[42.2564,37.5893],[42.2479,37.5818],[42.1995,37.6012],[42.1703,37.6049],[42.1537,37.6067],[42.1475,37.6302],[42.1194,37.6298],[42.0951,37.6213],[42.0771,37.6278],[42.0614,37.6204],[42.0387,37.6271],[42.0153,37.6248],[41.9959,37.6257],[41.9736,37.6398],[41.9607,37.6437],[41.9484,37.6451],[41.9306,37.6533],[41.9108,37.6656],[41.874,37.6828],[41.8579,37.6841],[41.8387,37.6939],[41.8246,37.6934],[41.8125,37.6953]]]}},{"type":"Feature","properties":{"name":"Sinop","number":57},"geometry":{"type":"Polygon","coordinates":[[[34.8787,41.2569],[34.8732,41.2464],[34.8747,41.2357],[34.8724,41.2278],[34.859,41.2122],[34.8464,41.202],[34.8436,41.2075],[34.8366,41.2083],[34.8242,41.2139],[34.8045,41.2254],[34.7887,41.2379],[34.7674,41.2366],[34.7267,41.2494],[34.7186,41.2632],[34.7172,41.2688],[34.7162,41.2798],[34.7116,41.2883],[34.7082,41.2994],[34.6966,41.3023],[34.6904,41.3008],[34.669,41.2981],[34.6497,41.3005],[34.6319,41.295],[34.6221,41.2993],[34.6026,41.3041],[34.5807,41.3019],[34.5623,41.2958],[34.5476,41.2962],[34.5332,41.3],[34.5247,41.3095],[34.5226,41.3193],[34.5168,41.3245],[34.5063,41.3267],[34.5045,41.3388],[34.4988,41.3483],[34.4907,41.3509],[34.4833,41.3509],[34.475,41.3618],[34.4787,41.3662],[34.4815,41.3803],[34.4783,41.3855],[34.4744,41.3883],[34.4734,41.3991],[34.4626,41.405],[34.4604,41.4117],[34.4553,41.4132],[34.4496,41.4252],[34.4472,41.4405],[34.4532,41.4512],[34.4527,41.4608],[34.4475,41.4695],[34.4308,41.4905],[34.4381,41.4984],[34.442,41.5045],[34.4534,41.5067],[34.4647,41.5106],[34.4752,41.5186],[34.4905,41.5285],[34.5076,41.5353],[34.5253,41.5393],[34.5384,41.5441],[34.5478,41.5593],[34.5596,41.5692],[34.561,41.5759],[34.569,41.5821],[34.5679,41.5903],[34.5793,41.6036],[34.588,41.6043],[34.5992,41.612],[34.5968,41.6188],[34.5956,41.6322],[34.6036,41.6469],[34.6068,41.6544],[34.6063,41.6689],[34.6043,41.6738],[34.5973,41.6793],[34.5888,41.6828],[34.5508,41.7037],[34.5461,41.7083],[34.5387,41.7179],[34.5255,41.7317],[34.5128,41.7365],[34.4924,41.7329],[34.4756,41.7287],[34.4585,41.7282],[34.4387,41.7314],[34.4084,41.7387],[34.3839,41.7406],[34.3728,41.737],[34.35,41.7384],[34.3254,41.7419],[34.3099,41.7465],[34.2986,41.745],[34.2843,41.7378],[34.268,41.7365],[34.2544,41.7372],[34.2437,41.7425],[34.2448,41.7535],[34.265,41.7594],[34.2735,41.7631],[34.2784,41.7678],[34.288,41.7868],[34.2897,41.8007],[34.2894,41.8076],[34.2864,41.8207],[34.2803,41.8297],[34.2773,41.8354],[34.2818,41.8437],[34.2884,41.8525],[34.2897,41.8566],[34.2882,41.8604],[34.2808,41.8679],[34.2765,41.8753],[34.2691,41.8816],[34.2655,41.8822],[34.2637,41.8864],[34.2587,41.8881],[34.2573,41.8921],[34.2509,41.897],[34.248,41.9033],[34.2448,41.9072],[34.246,41.9098],[34.2375,41.9152],[34.2377,41.9205],[34.2357,41.9237],[34.2311,41.9259],[34.2237,41.9385],[34.2281,41.942],[34.2273,41.9489],[34.2282,41.9547],[34.2369,41.9507],[34.253,41.9487],[34.2764,41.947],[34.279,41.9448],[34.287,41.9424],[34.2942,41.9424],[34.3002,41.9407],[34.3245,41.9427],[34.3283,41.9441],[34.3319,41.9482],[34.3383,41.951],[34.3419,41.9511],[34.3449,41.9473],[34.3563,41.9458],[34.3705,41.9487],[34.3769,41.9524],[34.3853,41.9535],[34.3911,41.9521],[34.3974,41.9534],[34.3988,41.9557],[34.4058,41.9584],[34.4132,41.9593],[34.4208,41.9631],[34.4261,41.9628],[34.4355,41.9661],[34.4382,41.9634],[34.4444,41.9627],[34.4499,41.9652],[34.4657,41.9652],[34.4691,41.9666],[34.4775,41.9661],[34.4843,41.9707],[34.4901,41.9766],[34.4999,41.9728],[34.5027,41.9683],[34.4993,41.9659],[34.5002,41.9628],[34.5084,41.9582],[34.5185,41.9567],[34.5216,41.9547],[34.5284,41.9548],[34.5305,41.9531],[34.5383,41.9519],[34.5424,41.9497],[34.5507,41.9482],[34.5569,41.9484],[34.561,41.9465],[34.5665,41.9488],[34.5763,41.9471],[34.5861,41.9491],[34.5936,41.9496],[34.5984,41.9485],[34.6027,41.9451],[34.6151,41.9422],[34.6361,41.9416],[34.6399,41.9421],[34.6584,41.941],[34.6831,41.9443],[34.6946,41.9465],[34.6982,41.9437],[34.7082,41.9441],[34.7179,41.9432],[34.7331,41.9452],[34.7498,41.9507],[34.7588,41.9525],[34.7693,41.9535],[34.7749,41.9513],[34.7828,41.9521],[34.7906,41.9559],[34.7985,41.9547],[34.814,41.9609],[34.8172,41.9637],[34.8276,41.9671],[34.8444,41.9785],[34.8623,41.9896],[34.8648,41.9922],[34.8771,41.9997],[34.8841,42.0065],[34.8978,42.016],[34.9084,42.0255],[34.9235,42.0433],[34.9239,42.0472],[34.9276,42.0494],[34.9341,42.0555],[34.9381,42.0607],[34.9389,42.065],[34.9419,42.0658],[34.9486,42.0734],[34.9497,42.0763],[34.9475,42.0813],[34.9485,42.0889],[34.9444,42.0945],[34.9471,42.0963],[34.9534,42.0968],[34.9584,42.0947],[34.9664,42.0961],[34.98,42.0916],[34.986,42.0941],[34.9922,42.0938],[35.0014,42.0907],[35.0131,42.0903],[35.0166,42.093],[35.0231,42.0806],[35.0272,42.0777],[35.0314,42.0775],[35.0405,42.069],[35.0433,42.0684],[35.0448,42.064],[35.0502,42.0599],[35.0491,42.0546],[35.0409,42.0536],[35.0458,42.0473],[35.044,42.0451],[35.0467,42.0399],[35.0596,42.0329],[35.0717,42.0288],[35.0845,42.0255],[35.0969,42.0237],[35.1172,42.0231],[35.1311,42.0242],[35.144,42.027],[35.1469,42.0292],[35.1594,42.0333],[35.1661,42.0391],[35.1722,42.0408],[35.1926,42.0395],[35.1921,42.0341],[35.1965,42.0338],[35.1994,42.0276],[35.202,42.0265],[35.2051,42.0218],[35.2114,42.018],[35.2045,42.0125],[35.2008,42.015],[35.1947,42.0165],[35.1873,42.0149],[35.1831,42.0164],[35.1694,42.0175],[35.1552,42.0215],[35.1482,42.0242],[35.1411,42.0237],[35.1345,42.0171],[35.1289,42.0171],[35.1218,42.0138],[35.113,42.0027],[35.1096,41.9938],[35.1076,41.9821],[35.1054,41.9754],[35.0978,41.9716],[35.0951,41.9655],[35.0963,41.96],[35.0935,41.9523],[35.094,41.9456],[35.0918,41.9433],[35.093,41.9366],[35.0889,41.93],[35.0891,41.9242],[35.0911,41.9185],[35.0982,41.9068],[35.1038,41.8987],[35.1057,41.8935],[35.1101,41.8883],[35.1175,41.8825],[35.1251,41.8793],[35.128,41.8677],[35.126,41.8642],[35.1315,41.8563],[35.1384,41.8499],[35.1513,41.8408],[35.1578,41.8397],[35.1604,41.8308],[35.1712,41.822],[35.1747,41.8182],[35.1791,41.8161],[35.1876,41.8148],[35.1984,41.8091],[35.2057,41.8016],[35.1976,41.8006],[35.194,41.7981],[35.1929,41.7945],[35.1975,41.7855],[35.2024,41.7812],[35.2037,41.7758],[35.2111,41.765],[35.215,41.7619],[35.2284,41.7543],[35.2395,41.7508],[35.2437,41.7477],[35.2541,41.7419],[35.2657,41.737],[35.2624,41.7312],[35.2682,41.7229],[35.2803,41.7146],[35.309,41.7055],[35.3161,41.7049],[35.3311,41.7013],[35.339,41.7008],[35.3511,41.6963],[35.3634,41.6936],[35.3769,41.6899],[35.3859,41.6891],[35.3934,41.6857],[35.4121,41.6842],[35.4108,41.6785],[35.404,41.679],[35.4,41.6768],[35.3918,41.6622],[35.3905,41.6574],[35.3854,41.6504],[35.3716,41.6462],[35.363,41.6412],[35.3582,41.6371],[35.3555,41.6328],[35.3558,41.6271],[35.3581,41.6214],[35.3554,41.6167],[35.3479,41.6116],[35.3446,41.6106],[35.3359,41.6036],[35.3368,41.5993],[35.3429,41.5968],[35.3384,41.5948],[35.3291,41.5934],[35.322,41.5954],[35.3167,41.5945],[35.3146,41.5919],[35.3172,41.5844],[35.3216,41.5782],[35.3207,41.5741],[35.3237,41.5698],[35.3289,41.5666],[35.3351,41.5542],[35.3577,41.5405],[35.3602,41.5385],[35.3584,41.5347],[35.3551,41.5325],[35.3545,41.5275],[35.358,41.5183],[35.3569,41.5121],[35.3647,41.5089],[35.3686,41.5048],[35.3659,41.4961],[35.3663,41.4894],[35.3696,41.4813],[35.3749,41.4766],[35.3806,41.476],[35.3873,41.4737],[35.3911,41.471],[35.3946,41.4736],[35.4048,41.4708],[35.4067,41.4692],[35.4143,41.4579],[35.4228,41.4542],[35.4343,41.4526],[35.43,41.4414],[35.4324,41.4374],[35.4363,41.4227],[35.4423,41.4174],[35.4436,41.4137],[35.447,41.4106],[35.4443,41.405],[35.4411,41.4048],[35.4359,41.3999],[35.4357,41.3968],[35.4389,41.3936],[35.4473,41.3907],[35.4532,41.3864],[35.4488,41.3787],[35.4481,41.374],[35.4538,41.3683],[35.4599,41.3594],[35.4666,41.3547],[35.467,41.3501],[35.4732,41.3428],[35.4777,41.3413],[35.4724,41.3374],[35.4653,41.3377],[35.4619,41.3305],[35.4502,41.3234],[35.4486,41.3169],[35.4403,41.3155],[35.4357,41.316],[35.421,41.3232],[35.416,41.3264],[35.4109,41.3273],[35.4035,41.3303],[35.398,41.3348],[35.394,41.3349],[35.3888,41.3388],[35.3885,41.3413],[35.3698,41.3474],[35.3588,41.3426],[35.3549,41.3395],[35.3541,41.3306],[35.3563,41.3192],[35.3638,41.3156],[35.3686,41.3109],[35.3685,41.3083],[35.3731,41.2978],[35.3803,41.2902],[35.3844,41.2824],[35.4002,41.2744],[35.4041,41.2701],[35.4042,41.2677],[35.3994,41.2633],[35.39,41.2635],[35.3586,41.2442],[35.3294,41.238],[35.3178,41.2336],[35.3066,41.2339],[35.2944,41.2442],[35.2807,41.2432],[35.244,41.2512],[35.2258,41.2608],[35.1916,41.267],[35.1903,41.2805],[35.1911,41.2908],[35.1947,41.2994],[35.1952,41.3047],[35.1933,41.3075],[35.1806,41.3148],[35.1713,41.3145],[35.1583,41.3183],[35.1496,41.3229],[35.1461,41.3295],[35.1361,41.3515],[35.1329,41.3543],[35.1304,41.3613],[35.1253,41.3603],[35.1223,41.3579],[35.11,41.3559],[35.1033,41.3494],[35.0997,41.3485],[35.0945,41.3444],[35.0888,41.3427],[35.0884,41.3403],[35.0818,41.3389],[35.0787,41.3351],[35.0786,41.3302],[35.0753,41.3292],[35.0602,41.3304],[35.0499,41.3284],[35.0369,41.3338],[35.0288,41.3337],[35.0188,41.342],[35.0136,41.3446],[35.004,41.342],[34.9998,41.3358],[34.9915,41.3331],[34.9829,41.3336],[34.9733,41.3261],[34.959,41.3243],[34.9484,41.3268],[34.9446,41.3257],[34.9432,41.3161],[34.9327,41.3155],[34.9288,41.3121],[34.9329,41.2936],[34.9276,41.2797],[34.9148,41.2796],[34.8875,41.2725],[34.8787,41.2569]]]}},{"type":"Feature","properties":{"name":"Sivas","number":58},"geometry":{"type":"Polygon","coordinates":[[[38.7722,40.0671],[38.7687,40.0639],[38.767,40.056],[38.7662,40.0375],[38.7642,40.0326],[38.7658,40.0272],[38.7603,40.0231],[38.7602,40.02],[38.7629,40.0158],[38.7603,40.0131],[38.7421,40.004],[38.7301,39.9935],[38.7161,39.9878],[38.7087,39.9877],[38.6941,40.0058],[38.6867,40.0099],[38.6767,40.0078],[38.6434,40.003],[38.6202,39.9938],[38.6007,39.9812],[38.5784,39.9737],[38.5613,39.9624],[38.5499,39.9568],[38.5386,39.957],[38.5192,39.962],[38.5101,39.9671],[38.4995,39.9759],[38.4832,39.9839],[38.4697,39.9873],[38.4581,39.9857],[38.4271,39.9544],[38.3975,39.933],[38.3889,39.918],[38.3883,39.9076],[38.3897,39.8987],[38.4067,39.8708],[38.4316,39.8588],[38.4375,39.8441],[38.4454,39.8386],[38.4515,39.8267],[38.4372,39.8133],[38.4333,39.8118],[38.4314,39.8059],[38.419,39.7966],[38.4029,39.7805],[38.3983,39.781],[38.3834,39.7748],[38.3683,39.7727],[38.3566,39.7638],[38.3636,39.7413],[38.3621,39.7357],[38.3629,39.731],[38.3569,39.7249],[38.3529,39.7179],[38.355,39.7133],[38.3508,39.7049],[38.352,39.7025],[38.3453,39.6967],[38.343,39.6871],[38.3344,39.6807],[38.3277,39.6792],[38.3234,39.6738],[38.3257,39.6719],[38.3286,39.6661],[38.3236,39.659],[38.3234,39.6567],[38.3156,39.6455],[38.3165,39.6343],[38.3247,39.6311],[38.3274,39.6258],[38.3266,39.6234],[38.3325,39.6193],[38.3319,39.613],[38.3374,39.6101],[38.3396,39.6047],[38.3381,39.6013],[38.3459,39.598],[38.3459,39.5891],[38.3479,39.5878],[38.3437,39.5808],[38.3355,39.5739],[38.3348,39.5706],[38.3307,39.5671],[38.3242,39.5669],[38.3159,39.5576],[38.2966,39.5511],[38.2786,39.5429],[38.2773,39.5348],[38.2853,39.5233],[38.2935,39.5096],[38.3001,39.4912],[38.3129,39.485],[38.322,39.4814],[38.3279,39.4764],[38.3573,39.4606],[38.3787,39.4448],[38.3859,39.4341],[38.3952,39.4186],[38.3947,39.4095],[38.3921,39.4049],[38.3874,39.4021],[38.3787,39.4011],[38.372,39.3957],[38.3661,39.393],[38.3719,39.3886],[38.3779,39.3826],[38.3761,39.377],[38.3802,39.3745],[38.3806,39.3717],[38.3747,39.372],[38.3718,39.3669],[38.3649,39.3713],[38.3622,39.3749],[38.3583,39.3714],[38.3511,39.3727],[38.3465,39.3706],[38.3397,39.3717],[38.3365,39.3686],[38.3371,39.3635],[38.3306,39.3587],[38.3281,39.3485],[38.3299,39.3391],[38.3351,39.3313],[38.3425,39.3229],[38.3523,39.3157],[38.3621,39.311],[38.3658,39.3036],[38.3653,39.2964],[38.3664,39.2897],[38.3645,39.2797],[38.3653,39.2643],[38.3679,39.2515],[38.3617,39.2182],[38.3492,39.1905],[38.3445,39.1889],[38.3372,39.1728],[38.3242,39.1528],[38.2988,39.1426],[38.2518,39.1378],[38.2223,39.123],[38.1867,39.0967],[38.1736,39.0877],[38.1617,39.0832],[38.1505,39.0829],[38.1413,39.0845],[38.1103,39.0848],[38.0806,39.0894],[38.0609,39.0964],[38.0558,39.0877],[38.0372,39.0932],[38.0118,39.0871],[37.9998,39.088],[37.9921,39.0791],[37.9802,39.078],[37.9625,39.0828],[37.948,39.0718],[37.9341,39.0683],[37.9065,39.0727],[37.889,39.0739],[37.8519,39.0852],[37.8279,39.0897],[37.8048,39.0878],[37.7783,39.082],[37.7664,39.0714],[37.7594,39.0582],[37.7575,39.0403],[37.7703,39.0316],[37.7717,39.0216],[37.7793,39.0127],[37.7836,39.0097],[37.778,38.9974],[37.7644,38.9822],[37.7561,38.9747],[37.7486,38.9717],[37.7378,38.9719],[37.728,38.9742],[37.7206,38.9778],[37.6889,38.9875],[37.6772,38.993],[37.6708,38.9972],[37.6664,38.9986],[37.6433,39.0094],[37.613,39.0148],[37.6026,39.0108],[37.5936,39.0137],[37.585,39.0117],[37.5697,39.0106],[37.558,39.0143],[37.5472,39.0122],[37.5295,39.0067],[37.5232,39.0159],[37.5141,39.0275],[37.5108,39.0349],[37.494,39.0405],[37.4807,39.0414],[37.4695,39.0343],[37.4703,39.0211],[37.4806,39.0051],[37.5047,38.973],[37.5087,38.9633],[37.5268,38.9434],[37.5361,38.9339],[37.5451,38.9297],[37.5429,38.9169],[37.5502,38.9053],[37.545,38.8843],[37.5352,38.8472],[37.5583,38.8035],[37.5577,38.7926],[37.5559,38.7888],[37.5398,38.7793],[37.54,38.7633],[37.5314,38.7558],[37.515,38.7458],[37.5039,38.7358],[37.4972,38.7269],[37.4886,38.7194],[37.4769,38.7155],[37.4486,38.7125],[37.4356,38.7097],[37.4294,38.7053],[37.4255,38.6986],[37.4186,38.6897],[37.4108,38.6817],[37.4069,38.6641],[37.4067,38.6572],[37.4028,38.6497],[37.4044,38.6331],[37.4077,38.6197],[37.4025,38.6089],[37.3645,38.593],[37.3337,38.5959],[37.3195,38.5971],[37.3133,38.5822],[37.3002,38.5656],[37.2684,38.5683],[37.2425,38.5748],[37.2272,38.5753],[37.1992,38.5726],[37.1718,38.5726],[37.1445,38.5743],[37.0884,38.5822],[37.0638,38.5861],[37.0528,38.5854],[37.0215,38.5822],[36.975,38.5714],[36.9519,38.5664],[36.9315,38.5663],[36.9111,38.5705],[36.8806,38.5684],[36.8402,38.5547],[36.8193,38.5488],[36.7804,38.5371],[36.7635,38.5484],[36.7563,38.5564],[36.7501,38.5649],[36.7375,38.5769],[36.7309,38.5846],[36.78,38.6014],[36.7825,38.6091],[36.7852,38.6113],[36.7871,38.6161],[36.7905,38.6196],[36.7936,38.6276],[36.7968,38.6311],[36.7924,38.6459],[36.7895,38.6492],[36.7904,38.6535],[36.7875,38.6556],[36.7806,38.6566],[36.779,38.6609],[36.7758,38.6636],[36.7697,38.6632],[36.7622,38.6645],[36.7486,38.6709],[36.7486,38.6759],[36.7531,38.6849],[36.7583,38.6878],[36.761,38.6928],[36.7642,38.7058],[36.7327,38.7142],[36.7244,38.7249],[36.7317,38.7317],[36.7357,38.7414],[36.7577,38.7518],[36.7767,38.7528],[36.7846,38.7542],[36.8006,38.7551],[36.8137,38.7619],[36.816,38.7679],[36.8209,38.7863],[36.8139,38.7874],[36.8055,38.7818],[36.7926,38.7754],[36.7926,38.7921],[36.7905,38.7975],[36.7924,38.8003],[36.8068,38.8093],[36.815,38.8234],[36.8207,38.8257],[36.8242,38.8292],[36.8215,38.8324],[36.8293,38.8362],[36.8456,38.8485],[36.8507,38.8517],[36.8604,38.8541],[36.8528,38.876],[36.8537,38.8791],[36.8516,38.8895],[36.8523,38.8941],[36.8494,38.8978],[36.855,38.9023],[36.8675,38.9096],[36.8766,38.9143],[36.8885,38.913],[36.8987,38.9148],[36.9072,38.9251],[36.9073,38.9311],[36.9148,38.9422],[36.9538,38.9358],[36.9587,38.9433],[36.9571,38.9512],[36.9598,38.9577],[36.9506,38.9594],[36.9468,38.9631],[36.9391,38.9657],[36.9442,38.9687],[36.9311,38.975],[36.925,38.9787],[36.93,38.9922],[36.9339,38.9953],[36.9328,38.9986],[36.9278,39.0054],[36.9243,39.0055],[36.9212,39.0134],[36.9092,39.013],[36.908,39.0177],[36.9014,39.0279],[36.8905,39.034],[36.8814,39.0403],[36.8796,39.0425],[36.8759,39.054],[36.8826,39.0578],[36.8792,39.0597],[36.8817,39.0641],[36.8742,39.066],[36.8847,39.0761],[36.8849,39.0797],[36.8753,39.0851],[36.8716,39.0842],[36.8662,39.0878],[36.8664,39.0908],[36.8468,39.0989],[36.8439,39.1059],[36.8413,39.1071],[36.8416,39.1117],[36.8462,39.117],[36.8408,39.119],[36.7966,39.1123],[36.781,39.1073],[36.7706,39.1023],[36.7693,39.1121],[36.7703,39.1158],[36.7688,39.1249],[36.7698,39.1285],[36.768,39.1353],[36.765,39.1337],[36.7563,39.1325],[36.746,39.1423],[36.746,39.1502],[36.7398,39.1665],[36.7361,39.1713],[36.7248,39.1715],[36.7217,39.1682],[36.7129,39.168],[36.7006,39.1634],[36.6978,39.1707],[36.6942,39.1685],[36.6901,39.1696],[36.6886,39.1751],[36.6806,39.1734],[36.6772,39.1704],[36.671,39.1722],[36.6725,39.1781],[36.6698,39.1815],[36.662,39.1785],[36.6561,39.1783],[36.6572,39.1737],[36.6511,39.1702],[36.6525,39.1598],[36.6519,39.1529],[36.6504,39.1499],[36.6424,39.1506],[36.6401,39.1531],[36.6358,39.1527],[36.6341,39.1482],[36.6377,39.141],[36.6328,39.1329],[36.6292,39.1336],[36.6226,39.1291],[36.6195,39.1168],[36.614,39.1151],[36.6007,39.1085],[36.5992,39.101],[36.5909,39.1007],[36.5829,39.1042],[36.5786,39.1081],[36.5668,39.1114],[36.5655,39.1155],[36.5624,39.1162],[36.5592,39.1115],[36.5528,39.1109],[36.5514,39.1072],[36.5476,39.1042],[36.542,39.103],[36.5363,39.1046],[36.5331,39.1076],[36.5254,39.1122],[36.518,39.1127],[36.5083,39.1089],[36.5046,39.1021],[36.5012,39.0991],[36.5028,39.0959],[36.4973,39.0932],[36.4954,39.0875],[36.4964,39.0814],[36.4985,39.0776],[36.4949,39.0759],[36.4863,39.0743],[36.4778,39.0795],[36.4709,39.0864],[36.4672,39.0889],[36.4617,39.0977],[36.4621,39.102],[36.4596,39.1067],[36.4598,39.11],[36.4561,39.1136],[36.451,39.125],[36.4458,39.1301],[36.4423,39.1287],[36.435,39.1299],[36.4269,39.1342],[36.4228,39.1347],[36.4179,39.1379],[36.412,39.1363],[36.4097,39.1245],[36.4037,39.1207],[36.4053,39.1154],[36.4086,39.1116],[36.4055,39.108],[36.4099,39.1056],[36.4125,39.1001],[36.413,39.0956],[36.4058,39.0892],[36.4,39.0893],[36.3882,39.0912],[36.3788,39.0895],[36.3724,39.0901],[36.3716,39.0867],[36.3639,39.0861],[36.3629,39.0817],[36.3595,39.0758],[36.3571,39.0753],[36.3473,39.0646],[36.3424,39.0652],[36.3415,39.0618],[36.3346,39.0535],[36.331,39.0744],[36.3243,39.0747],[36.3201,39.0776],[36.3162,39.0848],[36.3068,39.093],[36.2962,39.094],[36.2916,39.0964],[36.2987,39.105],[36.2934,39.1044],[36.2872,39.1014],[36.2736,39.0998],[36.2654,39.0969],[36.2616,39.0917],[36.263,39.0879],[36.2602,39.0786],[36.2597,39.0685],[36.2542,39.0645],[36.2478,39.0668],[36.2449,39.0708],[36.2404,39.0668],[36.2282,39.0679],[36.2272,39.071],[36.2233,39.0736],[36.2151,39.0766],[36.2083,39.077],[36.2043,39.0854],[36.1993,39.0886],[36.1936,39.0859],[36.1918,39.089],[36.1857,39.0876],[36.1795,39.0876],[36.1726,39.0927],[36.1645,39.0932],[36.162,39.0998],[36.157,39.1001],[36.1568,39.0941],[36.1501,39.0899],[36.1433,39.0895],[36.1434,39.0872],[36.1343,39.0867],[36.1251,39.0909],[36.1215,39.0865],[36.1075,39.0852],[36.1082,39.0806],[36.0972,39.0827],[36.0974,39.0891],[36.0897,39.0962],[36.0889,39.1008],[36.0863,39.1044],[36.079,39.1103],[36.0742,39.1077],[36.0709,39.1192],[36.0664,39.1194],[36.0606,39.1215],[36.0623,39.1241],[36.0577,39.1277],[36.0497,39.1263],[36.0489,39.1287],[36.0435,39.131],[36.0419,39.1374],[36.0334,39.1385],[36.0245,39.1349],[36.0217,39.1372],[36.0151,39.1385],[36.0174,39.1416],[36.0168,39.1468],[36.01,39.1483],[35.9997,39.1462],[35.9897,39.14],[35.9933,39.1467],[35.9817,39.142],[35.9779,39.1437],[35.9794,39.1478],[35.9694,39.1551],[35.967,39.1686],[35.9684,39.173],[35.9761,39.1803],[35.9797,39.1823],[35.9785,39.1884],[35.9651,39.1941],[35.9593,39.1902],[35.9567,39.1926],[35.9625,39.1977],[35.9607,39.2051],[35.958,39.2086],[35.9521,39.2039],[35.9465,39.2052],[35.9446,39.2193],[35.9451,39.2297],[35.9384,39.2352],[35.9367,39.2417],[35.934,39.2418],[35.9222,39.2377],[35.9213,39.2401],[35.9142,39.2427],[35.9115,39.2472],[35.9184,39.254],[35.9114,39.2602],[35.9158,39.2635],[35.9151,39.2663],[35.91,39.2675],[35.8986,39.2774],[35.8979,39.2746],[35.8922,39.2764],[35.8851,39.2823],[35.8775,39.2817],[35.8764,39.2836],[35.8806,39.2866],[35.8755,39.2911],[35.8691,39.2922],[35.86,39.2902],[35.8544,39.2925],[35.8576,39.2945],[35.8627,39.3017],[35.8568,39.3073],[35.8545,39.3184],[35.8565,39.3223],[35.873,39.3658],[35.875,39.3847],[35.8864,39.3931],[35.8697,39.4118],[35.8596,39.4592],[35.8676,39.4664],[35.8609,39.4801],[35.8628,39.4912],[35.868,39.513],[35.8825,39.5298],[35.9062,39.5414],[35.9419,39.5434],[35.9652,39.5359],[36.0197,39.5073],[36.0611,39.5083],[36.0852,39.5142],[36.1045,39.5221],[36.1294,39.5388],[36.1435,39.555],[36.1468,39.5676],[36.1392,39.5823],[36.1548,39.603],[36.1512,39.6261],[36.1432,39.6546],[36.1548,39.6747],[36.1683,39.6956],[36.1546,39.7114],[36.1188,39.7152],[36.1034,39.7226],[36.0935,39.729],[36.0626,39.7609],[36.0496,39.7671],[36.0499,39.7742],[36.0463,39.7821],[36.0495,39.7938],[36.0568,39.8112],[36.0613,39.8204],[36.0719,39.8284],[36.0752,39.8359],[36.0739,39.8529],[36.0767,39.8585],[36.0732,39.8657],[36.0305,39.8793],[36.0007,39.8915],[35.9863,39.9131],[35.9829,39.9299],[35.9835,39.9364],[35.9792,39.9407],[35.9778,39.9463],[35.9754,39.9478],[35.978,39.9517],[35.9838,39.9465],[35.9918,39.9437],[35.9925,39.9404],[36.0087,39.9268],[36.0283,39.9239],[36.0568,39.9301],[36.0669,39.9317],[36.0796,39.9203],[36.0796,39.909],[36.0808,39.9007],[36.1012,39.894],[36.124,39.8932],[36.1508,39.895],[36.15,39.9028],[36.1522,39.9101],[36.1345,39.9302],[36.1548,39.937],[36.1783,39.9334],[36.1889,39.9367],[36.2181,39.935],[36.226,39.9521],[36.2409,39.9555],[36.2566,39.9583],[36.2783,39.966],[36.2986,39.9718],[36.3136,39.9746],[36.3413,39.9776],[36.3608,39.9791],[36.3929,39.979],[36.4121,39.9754],[36.44,39.9667],[36.4606,39.9645],[36.4814,39.9604],[36.5009,39.9588],[36.5122,39.9572],[36.5422,39.9639],[36.5544,39.9669],[36.5766,39.9743],[36.5923,39.9818],[36.6248,39.9894],[36.6482,39.9776],[36.6464,39.9945],[36.6584,40.0023],[36.6612,40.0271],[36.6601,40.0418],[36.6392,40.06],[36.6479,40.078],[36.6561,40.0844],[36.6823,40.0954],[36.7012,40.123],[36.7152,40.1315],[36.7249,40.1346],[36.7424,40.146],[36.7528,40.1678],[36.7623,40.205],[36.7696,40.2215],[36.787,40.2275],[36.8098,40.2254],[36.8248,40.2261],[36.842,40.2307],[36.8693,40.2359],[36.8933,40.2271],[36.9042,40.2068],[36.9194,40.2043],[36.9279,40.2141],[36.944,40.2092],[36.9689,40.2143],[37.0048,40.2258],[37.0199,40.2151],[37.0353,40.2095],[37.0457,40.2077],[37.0527,40.1998],[37.0628,40.1936],[37.076,40.1963],[37.0818,40.2227],[37.0806,40.2357],[37.0947,40.2465],[37.112,40.2413],[37.1256,40.2358],[37.1406,40.2332],[37.1725,40.2319],[37.1934,40.2348],[37.2227,40.2196],[37.2489,40.2156],[37.274,40.2124],[37.2946,40.2092],[37.3097,40.2051],[37.3483,40.2036],[37.357,40.1958],[37.3648,40.1742],[37.3805,40.1703],[37.4034,40.1675],[37.4217,40.173],[37.4456,40.1687],[37.4523,40.1786],[37.4604,40.1968],[37.4492,40.2039],[37.4328,40.2233],[37.4442,40.2304],[37.4542,40.2407],[37.4777,40.2501],[37.4927,40.2474],[37.5073,40.2543],[37.5176,40.2569],[37.5245,40.2631],[37.5434,40.2876],[37.5685,40.3059],[37.5927,40.3203],[37.5947,40.3289],[37.5941,40.3442],[37.6213,40.3883],[37.6441,40.3862],[37.6556,40.3778],[37.6756,40.3733],[37.6787,40.3659],[37.6731,40.3556],[37.6772,40.3467],[37.6945,40.3312],[37.7036,40.3348],[37.7213,40.3258],[37.7585,40.3335],[37.7532,40.3521],[37.7563,40.3561],[37.7597,40.3633],[37.7499,40.3756],[37.75,40.3823],[37.7548,40.3916],[37.7699,40.393],[37.7717,40.3911],[37.7766,40.3928],[37.7926,40.3878],[37.8064,40.3799],[37.8167,40.3717],[37.8238,40.3576],[37.8279,40.351],[37.8389,40.3427],[37.8433,40.3411],[37.8512,40.3439],[37.8621,40.3514],[37.8649,40.3605],[37.8853,40.3737],[37.8925,40.3755],[37.8994,40.3899],[37.9008,40.3986],[37.9029,40.4023],[37.9114,40.4084],[37.9161,40.4171],[37.9211,40.4243],[37.9321,40.4295],[37.929,40.4389],[37.9323,40.449],[37.9333,40.4599],[37.9375,40.4677],[37.9426,40.4733],[37.9451,40.4802],[37.9539,40.4819],[37.9601,40.4741],[37.9598,40.4673],[37.9647,40.4636],[37.9716,40.4637],[37.9812,40.4733],[37.9889,40.4851],[37.9991,40.4945],[38.0055,40.4997],[38.0058,40.5023],[38.0122,40.5076],[38.0332,40.5343],[38.0676,40.5526],[38.069,40.5476],[38.0664,40.5428],[38.0672,40.5349],[38.0741,40.5289],[38.0742,40.5228],[38.0857,40.519],[38.1008,40.5199],[38.1076,40.5125],[38.1144,40.5124],[38.1289,40.5042],[38.1444,40.5156],[38.1596,40.5248],[38.1694,40.5205],[38.1706,40.5152],[38.1832,40.5103],[38.1904,40.509],[38.1904,40.5039],[38.1923,40.4979],[38.1883,40.4919],[38.174,40.4885],[38.1759,40.4782],[38.1708,40.4624],[38.1727,40.4533],[38.17,40.4461],[38.1721,40.4339],[38.1696,40.4271],[38.1689,40.4219],[38.1637,40.4182],[38.1562,40.4019],[38.1533,40.3996],[38.1525,40.3773],[38.1548,40.3673],[38.1586,40.3604],[38.1474,40.3495],[38.1536,40.343],[38.1661,40.3232],[38.1678,40.3159],[38.1713,40.3055],[38.1781,40.2986],[38.1839,40.2971],[38.1861,40.292],[38.1776,40.2859],[38.1744,40.273],[38.1771,40.2654],[38.1835,40.2694],[38.1912,40.2674],[38.1996,40.2671],[38.2021,40.2611],[38.1937,40.2422],[38.1901,40.2398],[38.1809,40.244],[38.1751,40.2445],[38.1693,40.2374],[38.1657,40.228],[38.165,40.2215],[38.1766,40.218],[38.2075,40.2164],[38.2196,40.2119],[38.2158,40.2055],[38.2288,40.2075],[38.2323,40.2063],[38.2402,40.2078],[38.2456,40.2043],[38.2581,40.1991],[38.2799,40.1978],[38.2898,40.1928],[38.2991,40.1918],[38.3015,40.1855],[38.3103,40.1854],[38.3156,40.1872],[38.3234,40.1862],[38.3268,40.1799],[38.3216,40.1758],[38.3248,40.169],[38.3307,40.1674],[38.3368,40.1694],[38.3541,40.16],[38.3662,40.1525],[38.3757,40.1473],[38.3955,40.145],[38.398,40.1492],[38.4036,40.1473],[38.4056,40.1403],[38.41,40.1368],[38.4109,40.1278],[38.4152,40.1232],[38.432,40.1264],[38.4411,40.1301],[38.4394,40.137],[38.4472,40.1478],[38.4433,40.1549],[38.4468,40.163],[38.4521,40.1649],[38.4619,40.1652],[38.464,40.1666],[38.4828,40.1636],[38.4865,40.1604],[38.4876,40.1563],[38.4931,40.1542],[38.5051,40.1543],[38.509,40.1516],[38.5122,40.1543],[38.5345,40.1533],[38.5303,40.1435],[38.5258,40.1426],[38.5224,40.1379],[38.5224,40.1341],[38.5177,40.1286],[38.5115,40.1253],[38.51,40.1199],[38.522,40.1186],[38.5568,40.1135],[38.5616,40.1072],[38.5583,40.1049],[38.5579,40.0995],[38.562,40.0986],[38.5615,40.0946],[38.5737,40.097],[38.5806,40.0994],[38.5938,40.0993],[38.6012,40.1062],[38.6069,40.1035],[38.6233,40.1039],[38.6297,40.1056],[38.6408,40.1058],[38.6546,40.1081],[38.6602,40.1074],[38.6599,40.1038],[38.6565,40.097],[38.6552,40.089],[38.6577,40.0833],[38.6706,40.0817],[38.6835,40.0861],[38.6891,40.0859],[38.6946,40.0881],[38.6996,40.0865],[38.7056,40.0872],[38.7162,40.0868],[38.7265,40.0898],[38.7315,40.089],[38.7406,40.0851],[38.7501,40.0852],[38.7586,40.0792],[38.7651,40.0798],[38.7692,40.0732],[38.7637,40.0716],[38.767,40.0685],[38.7722,40.0671]]]}},{"type":"Feature","properties":{"name":"Tekirdağ","number":59},"geometry":{"type":"Polygon","coordinates":[[[26.9071,40.5383],[26.9086,40.5452],[26.9076,40.5516],[26.9118,40.5614],[26.9096,40.5685],[26.9114,40.5749],[26.9046,40.5852],[26.9033,40.5898],[26.9152,40.6062],[26.9138,40.611],[26.9193,40.616],[26.918,40.6198],[26.9113,40.6266],[26.9194,40.6326],[26.9135,40.6404],[26.9146,40.6452],[26.9267,40.6408],[26.935,40.6414],[26.9441,40.6483],[26.9426,40.653],[26.9489,40.6546],[26.9485,40.6587],[26.9516,40.6616],[26.9593,40.661],[26.9615,40.6621],[26.9666,40.6697],[26.9692,40.6714],[26.9778,40.6739],[26.9819,40.6804],[26.9883,40.6765],[26.9906,40.6765],[26.9987,40.6826],[27.0058,40.6812],[27.0092,40.687],[27.0145,40.6839],[27.0241,40.6918],[27.0228,40.702],[27.0305,40.7002],[27.0295,40.7063],[27.0341,40.7129],[27.0329,40.7192],[27.0396,40.7228],[27.0394,40.7268],[27.0351,40.7284],[27.0355,40.7331],[27.0422,40.7332],[27.0418,40.74],[27.0499,40.7449],[27.048,40.7476],[27.0406,40.7454],[27.0334,40.7492],[27.0252,40.7489],[27.0202,40.7528],[27.0102,40.7505],[26.9932,40.7523],[26.9864,40.7523],[26.9804,40.7506],[26.9677,40.7607],[26.9613,40.762],[26.9556,40.7581],[26.9344,40.7536],[26.9302,40.7509],[26.9229,40.7553],[26.9129,40.7519],[26.9072,40.754],[26.9035,40.7491],[26.8887,40.7499],[26.8753,40.7452],[26.86,40.7431],[26.8576,40.7422],[26.8549,40.7369],[26.8563,40.7292],[26.8414,40.7246],[26.8387,40.7256],[26.8313,40.7244],[26.8283,40.7255],[26.8239,40.723],[26.8176,40.7249],[26.812,40.7233],[26.8086,40.7281],[26.8049,40.7266],[26.807,40.7281],[26.8099,40.7385],[26.8111,40.7521],[26.8037,40.7535],[26.8041,40.7567],[26.8006,40.7594],[26.8001,40.766],[26.7915,40.7714],[26.7907,40.7746],[26.7848,40.7787],[26.7848,40.7824],[26.7814,40.7861],[26.7735,40.7885],[26.7749,40.7954],[26.7718,40.8032],[26.7644,40.8042],[26.7538,40.8135],[26.7496,40.821],[26.75,40.8276],[26.7483,40.8289],[26.749,40.8349],[26.7462,40.8416],[26.7368,40.8472],[26.742,40.8608],[26.7224,40.8694],[26.715,40.8733],[26.7119,40.8778],[26.7141,40.8813],[26.7133,40.8892],[26.7177,40.8941],[26.7186,40.8983],[26.7163,40.9044],[26.7198,40.9096],[26.7141,40.9168],[26.7224,40.9169],[26.7371,40.9217],[26.7428,40.9282],[26.7503,40.9331],[26.7514,40.9388],[26.7641,40.9446],[26.7598,40.9498],[26.7515,40.9496],[26.744,40.9435],[26.7369,40.9433],[26.7316,40.9498],[26.7265,40.9525],[26.7239,40.9585],[26.7196,40.9593],[26.7189,40.9623],[26.7304,40.9678],[26.7378,40.9741],[26.7337,40.9825],[26.7327,40.9912],[26.74,40.999],[26.7444,41.0184],[26.738,41.0202],[26.7396,41.023],[26.7361,41.0259],[26.7283,41.0254],[26.723,41.0266],[26.7168,41.0304],[26.7139,41.0291],[26.703,41.035],[26.6981,41.0416],[26.6976,41.0443],[26.6933,41.0476],[26.6996,41.0596],[26.6996,41.0652],[26.7059,41.0692],[26.7078,41.0746],[26.7207,41.0676],[26.7241,41.0718],[26.732,41.0712],[26.739,41.0756],[26.7455,41.075],[26.7493,41.0722],[26.7573,41.0697],[26.7575,41.0656],[26.7645,41.0585],[26.7695,41.06],[26.7715,41.065],[26.7762,41.066],[26.7845,41.0581],[26.7867,41.0618],[26.7974,41.0618],[26.7944,41.066],[26.7972,41.0718],[26.8064,41.0816],[26.8062,41.0871],[26.8127,41.0948],[26.8139,41.1012],[26.8107,41.1072],[26.8234,41.1117],[26.8376,41.1085],[26.8446,41.1136],[26.8581,41.1205],[26.8666,41.1271],[26.8898,41.1359],[26.8913,41.1412],[26.8965,41.1493],[26.9065,41.1531],[26.9133,41.1596],[26.9357,41.1679],[26.9517,41.1777],[26.9462,41.1871],[26.9467,41.1914],[26.9445,41.1991],[26.936,41.2027],[26.9302,41.2066],[26.9352,41.2119],[26.93,41.2199],[26.9412,41.2254],[26.9599,41.23],[26.9622,41.2376],[26.9572,41.2445],[26.9542,41.2563],[26.9519,41.2582],[26.9437,41.2611],[26.9389,41.265],[26.9341,41.2665],[26.9305,41.2736],[26.9312,41.2757],[26.9231,41.2789],[26.9265,41.2852],[26.9222,41.2891],[26.9275,41.2956],[26.9239,41.301],[26.9286,41.3072],[26.9337,41.3094],[26.9429,41.323],[26.968,41.3196],[26.9695,41.3264],[26.9696,41.3376],[26.973,41.3444],[26.9696,41.3488],[26.974,41.3529],[26.9727,41.3608],[26.9803,41.3629],[26.9874,41.3601],[26.9918,41.3635],[27.0029,41.3614],[27.0087,41.3472],[27.0145,41.3477],[27.0276,41.3439],[27.0412,41.3411],[27.0493,41.3409],[27.0539,41.3424],[27.0631,41.3419],[27.0669,41.3436],[27.0758,41.3427],[27.0825,41.3393],[27.084,41.3339],[27.0812,41.3274],[27.0834,41.325],[27.0905,41.3282],[27.0967,41.3266],[27.1017,41.3239],[27.0984,41.3187],[27.1082,41.3114],[27.1086,41.3061],[27.1119,41.3025],[27.1065,41.2981],[27.1052,41.2929],[27.1058,41.2869],[27.0978,41.2871],[27.0894,41.2907],[27.0849,41.2887],[27.0756,41.2877],[27.068,41.2881],[27.0653,41.2901],[27.0597,41.2904],[27.0569,41.2875],[27.0569,41.2839],[27.0605,41.2769],[27.0627,41.2754],[27.0625,41.2693],[27.0712,41.2694],[27.0743,41.2725],[27.0886,41.2735],[27.0918,41.2759],[27.0964,41.2743],[27.0962,41.2695],[27.1056,41.2702],[27.1109,41.2695],[27.1112,41.2603],[27.1191,41.2638],[27.1222,41.2676],[27.1219,41.2719],[27.1244,41.2762],[27.1297,41.2762],[27.1228,41.2823],[27.1227,41.2863],[27.1196,41.2911],[27.121,41.2952],[27.1185,41.3009],[27.1227,41.3075],[27.1189,41.3134],[27.1129,41.3139],[27.1192,41.3308],[27.1269,41.3334],[27.1284,41.3284],[27.128,41.3186],[27.1327,41.3156],[27.1339,41.3129],[27.1411,41.307],[27.147,41.3006],[27.1524,41.3032],[27.1638,41.3058],[27.1656,41.3104],[27.1712,41.3127],[27.1666,41.3175],[27.1666,41.3217],[27.1688,41.3273],[27.1746,41.3255],[27.1769,41.3296],[27.1867,41.333],[27.1806,41.3355],[27.1757,41.3454],[27.1717,41.3468],[27.1773,41.3503],[27.1699,41.3513],[27.1669,41.3493],[27.1606,41.3521],[27.1613,41.3559],[27.1746,41.3554],[27.1812,41.3524],[27.1841,41.353],[27.1887,41.3484],[27.1901,41.3441],[27.1942,41.345],[27.1998,41.34],[27.2038,41.3401],[27.2152,41.3319],[27.2282,41.3249],[27.2337,41.3248],[27.2361,41.3198],[27.243,41.321],[27.2506,41.3126],[27.2581,41.3114],[27.2642,41.3008],[27.267,41.2936],[27.2723,41.2894],[27.2727,41.2875],[27.2885,41.2774],[27.2916,41.2734],[27.3008,41.269],[27.3066,41.2632],[27.3105,41.2635],[27.3192,41.2589],[27.335,41.255],[27.3359,41.2532],[27.3434,41.2486],[27.3387,41.2396],[27.3478,41.2343],[27.3569,41.228],[27.3592,41.2286],[27.3698,41.2225],[27.3746,41.2223],[27.3821,41.2239],[27.3886,41.2214],[27.3923,41.2272],[27.4102,41.2273],[27.4156,41.2286],[27.4197,41.2262],[27.427,41.2245],[27.4397,41.2171],[27.444,41.2243],[27.4616,41.2356],[27.4763,41.2405],[27.4946,41.2361],[27.5206,41.2544],[27.5286,41.25],[27.5379,41.2548],[27.5443,41.2518],[27.5523,41.2566],[27.5615,41.2545],[27.5637,41.2499],[27.5693,41.249],[27.5765,41.2578],[27.5829,41.262],[27.587,41.2675],[27.5872,41.2732],[27.5889,41.277],[27.5965,41.2809],[27.5908,41.2859],[27.5923,41.2876],[27.5879,41.2941],[27.5823,41.3054],[27.5833,41.3084],[27.579,41.3173],[27.5706,41.3208],[27.5842,41.3313],[27.5884,41.3366],[27.5841,41.3396],[27.5779,41.3413],[27.5875,41.3499],[27.5887,41.3541],[27.5932,41.3584],[27.5964,41.3593],[27.6062,41.3692],[27.6005,41.3747],[27.5961,41.3817],[27.5912,41.387],[27.5857,41.3897],[27.5886,41.3943],[27.5925,41.3966],[27.5918,41.4008],[27.5969,41.4048],[27.6044,41.4126],[27.6093,41.4166],[27.6186,41.4287],[27.6238,41.4264],[27.6326,41.4268],[27.6424,41.4229],[27.649,41.4241],[27.6566,41.4393],[27.6707,41.4527],[27.6773,41.4488],[27.6921,41.45],[27.7025,41.4578],[27.7111,41.4605],[27.7173,41.4584],[27.73,41.4593],[27.7364,41.4563],[27.7436,41.4561],[27.7498,41.4599],[27.7622,41.4603],[27.7752,41.4771],[27.7756,41.4836],[27.7961,41.4868],[27.8183,41.5032],[27.8279,41.5068],[27.8379,41.4968],[27.8423,41.5007],[27.8518,41.4986],[27.8516,41.4866],[27.8548,41.4814],[27.8688,41.4798],[27.8766,41.4814],[27.8834,41.4808],[27.896,41.4887],[27.897,41.4922],[27.9062,41.4941],[27.9111,41.5085],[27.9201,41.5149],[27.9311,41.5284],[27.9305,41.5345],[27.9433,41.5437],[27.9433,41.5511],[27.9521,41.5644],[27.9483,41.5712],[27.9505,41.5756],[27.9589,41.5824],[27.9591,41.5883],[27.9649,41.5856],[27.9732,41.5889],[27.9832,41.585],[27.9822,41.5715],[27.9906,41.566],[27.992,41.5615],[28.0026,41.5557],[28.0124,41.5614],[28.012,41.5714],[28.0156,41.5765],[28.0123,41.5798],[28.0149,41.5886],[28.0189,41.5887],[28.0277,41.5959],[28.0353,41.5946],[28.0355,41.5991],[28.0438,41.6049],[28.041,41.6094],[28.0461,41.6093],[28.0523,41.6029],[28.0533,41.5953],[28.0617,41.5908],[28.0638,41.5822],[28.0864,41.5784],[28.0999,41.5911],[28.1257,41.5937],[28.1338,41.5949],[28.1443,41.5906],[28.143,41.5852],[28.1368,41.5816],[28.1323,41.5748],[28.1282,41.5737],[28.1241,41.5663],[28.118,41.5634],[28.1247,41.5569],[28.1203,41.545],[28.1159,41.543],[28.1212,41.5404],[28.1195,41.5342],[28.1155,41.5305],[28.1114,41.5289],[28.105,41.523],[28.0976,41.5227],[28.0921,41.5176],[28.077,41.5167],[28.0757,41.5129],[28.0703,41.5089],[28.0734,41.5004],[28.0702,41.4952],[28.0729,41.4929],[28.0786,41.4931],[28.0841,41.4908],[28.0928,41.4805],[28.0995,41.4763],[28.1059,41.4738],[28.1062,41.4692],[28.1112,41.4658],[28.1121,41.4595],[28.1119,41.4495],[28.1136,41.4447],[28.1132,41.4388],[28.1104,41.4323],[28.1102,41.4286],[28.1152,41.418],[28.118,41.4161],[28.1222,41.4099],[28.113,41.4075],[28.1088,41.4042],[28.1008,41.4039],[28.0981,41.3932],[28.0981,41.3853],[28.0948,41.3774],[28.0893,41.3698],[28.0877,41.3509],[28.089,41.3479],[28.0864,41.3407],[28.0799,41.327],[28.0781,41.3198],[28.0782,41.3119],[28.0764,41.3022],[28.0787,41.2972],[28.0757,41.2943],[28.0767,41.2879],[28.0721,41.285],[28.0718,41.2826],[28.0654,41.2777],[28.0626,41.2772],[28.0561,41.2669],[28.0512,41.2671],[28.0459,41.2653],[28.0369,41.2597],[28.0234,41.2535],[28.0155,41.2523],[28.0039,41.2441],[28.0004,41.2406],[27.9975,41.2304],[27.9983,41.2226],[28.0071,41.2128],[28.0113,41.2051],[28.0162,41.2008],[28.0185,41.1969],[28.0208,41.1841],[28.0233,41.1813],[28.0215,41.1739],[28.017,41.1715],[28.0136,41.1623],[27.9922,41.1616],[27.9843,41.162],[27.98,41.1557],[27.9786,41.1514],[27.9807,41.1438],[27.9761,41.128],[27.9754,41.1178],[27.9725,41.112],[27.9758,41.1072],[27.9722,41.1008],[27.9783,41.097],[27.9748,41.0877],[27.9788,41.0845],[27.975,41.0796],[27.9756,41.0752],[27.9819,41.0754],[27.9802,41.0678],[27.9753,41.0656],[27.9785,41.0588],[27.9774,41.0484],[27.9743,41.0434],[27.9859,41.044],[27.9923,41.0428],[27.9962,41.0391],[28.0049,41.0401],[28.0076,41.0321],[28.0134,41.0343],[28.0006,41.026],[27.9961,41.0215],[27.9903,41.0181],[27.9841,41.0078],[27.9827,41.002],[27.9836,40.9922],[27.9786,40.9844],[27.9713,40.9819],[27.9663,40.9832],[27.9591,40.98],[27.9564,40.9763],[27.9578,40.97],[27.9671,40.9686],[27.9608,40.965],[27.9553,40.9641],[27.9503,40.9651],[27.9384,40.965],[27.933,40.9638],[27.9273,40.9697],[27.9178,40.9703],[27.906,40.9692],[27.889,40.9651],[27.8794,40.9664],[27.8646,40.9699],[27.8628,40.9736],[27.858,40.977],[27.8582,40.9797],[27.8534,40.985],[27.8421,40.9916],[27.8239,40.9976],[27.8087,41.0001],[27.7988,41.0041],[27.7776,41.0109],[27.7693,41.0126],[27.758,41.0138],[27.7367,41.0128],[27.7222,41.0099],[27.7092,41.0048],[27.7013,41.003],[27.684,41.0041],[27.677,41.0027],[27.6712,41.0001],[27.6547,40.997],[27.6481,40.997],[27.6304,40.9928],[27.6221,40.9903],[27.6162,40.9906],[27.6052,40.9863],[27.5978,40.9866],[27.5843,40.9828],[27.5762,40.9843],[27.5682,40.981],[27.5614,40.9816],[27.5506,40.9773],[27.542,40.977],[27.5323,40.9784],[27.5128,40.9747],[27.5079,40.9718],[27.4996,40.9622],[27.4917,40.9505],[27.4795,40.9231],[27.4747,40.92],[27.4706,40.9145],[27.467,40.9023],[27.4701,40.9005],[27.4685,40.8945],[27.4625,40.8941],[27.4601,40.8739],[27.4593,40.8576],[27.4571,40.8532],[27.4565,40.8478],[27.4542,40.8447],[27.4487,40.8415],[27.435,40.83],[27.4176,40.819],[27.4111,40.8169],[27.4061,40.8134],[27.3921,40.8064],[27.3901,40.8022],[27.3832,40.7997],[27.3759,40.7904],[27.366,40.7827],[27.3642,40.7796],[27.3591,40.7772],[27.3563,40.7732],[27.3438,40.7655],[27.3361,40.7563],[27.3354,40.7491],[27.3319,40.7412],[27.3315,40.7354],[27.3254,40.7303],[27.3186,40.7195],[27.3185,40.7143],[27.3104,40.7086],[27.3091,40.7027],[27.3004,40.6984],[27.2977,40.6953],[27.292,40.6932],[27.2795,40.6869],[27.2762,40.684],[27.2702,40.6815],[27.2645,40.6772],[27.2524,40.6726],[27.246,40.6667],[27.2436,40.6625],[27.2364,40.6592],[27.2306,40.6599],[27.2071,40.6499],[27.2021,40.6449],[27.1906,40.6414],[27.1871,40.6395],[27.1783,40.6274],[27.169,40.6265],[27.1471,40.6157],[27.1326,40.6134],[27.1275,40.6112],[27.1077,40.6099],[27.1026,40.6079],[27.0793,40.6052],[27.0657,40.6051],[27.0608,40.6024],[27.0428,40.5983],[27.0371,40.594],[27.0336,40.5938],[27.0252,40.5878],[27.023,40.5849],[27.0137,40.5792],[27.0076,40.5738],[27.0057,40.5703],[27.0021,40.5698],[26.9992,40.5653],[26.9982,40.5589],[26.9956,40.5559],[26.9866,40.5563],[26.9752,40.5554],[26.9676,40.5533],[26.9639,40.551],[26.9561,40.5501],[26.9444,40.5468],[26.9206,40.5416],[26.9133,40.5407],[26.9071,40.5383]]]}},{"type":"Feature","properties":{"name":"Tokat","number":60},"geometry":{"type":"Polygon","coordinates":[[[35.4326,40.2427],[35.4413,40.2481],[35.4405,40.2549],[35.4447,40.2599],[35.4622,40.2711],[35.4739,40.2795],[35.4823,40.283],[35.4961,40.2909],[35.4996,40.294],[35.5113,40.2991],[35.5162,40.3029],[35.5217,40.3105],[35.5594,40.322],[35.5927,40.3304],[35.6261,40.3396],[35.6606,40.3551],[35.6865,40.361],[35.7084,40.3642],[35.7088,40.374],[35.714,40.3885],[35.7263,40.4048],[35.7388,40.4261],[35.7562,40.4275],[35.7706,40.4247],[35.7795,40.4189],[35.7976,40.4215],[35.8058,40.4245],[35.8246,40.4459],[35.8328,40.4697],[35.8302,40.4816],[35.8234,40.4957],[35.8266,40.4973],[35.8297,40.4933],[35.8338,40.4951],[35.844,40.4953],[35.847,40.4928],[35.8554,40.4963],[35.8607,40.4913],[35.8628,40.4924],[35.87,40.4916],[35.8747,40.4971],[35.8775,40.494],[35.9045,40.4955],[35.9048,40.4983],[35.9086,40.5],[35.9177,40.4954],[35.9252,40.4979],[35.9325,40.4941],[35.9377,40.4958],[35.9416,40.4946],[35.947,40.4994],[35.9525,40.5006],[35.9554,40.4978],[35.9677,40.4986],[35.9704,40.4957],[35.9787,40.5012],[35.9806,40.4977],[35.9958,40.4943],[35.9997,40.4957],[36.0014,40.4923],[36.0115,40.4885],[36.0197,40.4819],[36.0173,40.4794],[36.0114,40.4802],[36.0091,40.4759],[36.0144,40.4713],[36.014,40.468],[36.0264,40.4633],[36.0292,40.4643],[36.0343,40.4617],[36.0387,40.463],[36.0472,40.4591],[36.049,40.4596],[36.0622,40.4578],[36.0691,40.4592],[36.0718,40.4559],[36.0781,40.4525],[36.0828,40.4528],[36.0847,40.4505],[36.0909,40.4478],[36.0965,40.4479],[36.1006,40.4433],[36.1068,40.4414],[36.1088,40.4437],[36.1087,40.4496],[36.1104,40.4562],[36.1175,40.4614],[36.1381,40.4731],[36.1467,40.4737],[36.1569,40.4772],[36.1616,40.4806],[36.1672,40.4797],[36.1823,40.4838],[36.1963,40.4857],[36.2163,40.4952],[36.2236,40.4953],[36.2293,40.5004],[36.2336,40.5002],[36.2417,40.5038],[36.2453,40.5146],[36.2682,40.5239],[36.2719,40.53],[36.2928,40.5454],[36.285,40.5629],[36.2977,40.5804],[36.3096,40.5929],[36.3353,40.6147],[36.3698,40.6456],[36.3827,40.6534],[36.3878,40.6623],[36.3987,40.6758],[36.397,40.7328],[36.4159,40.7376],[36.4215,40.7383],[36.4337,40.7468],[36.4405,40.757],[36.4466,40.7606],[36.4539,40.7615],[36.4673,40.7578],[36.476,40.758],[36.4852,40.7622],[36.5054,40.7645],[36.5106,40.7673],[36.5122,40.7705],[36.5042,40.7744],[36.5036,40.7786],[36.4975,40.7758],[36.4898,40.778],[36.4823,40.7746],[36.4783,40.7777],[36.4805,40.7822],[36.4733,40.7864],[36.4639,40.788],[36.4559,40.7915],[36.4418,40.7956],[36.4258,40.8051],[36.4257,40.8112],[36.4154,40.8127],[36.4111,40.8192],[36.413,40.8228],[36.4131,40.8309],[36.411,40.8384],[36.4156,40.8396],[36.4192,40.8428],[36.4143,40.8505],[36.4151,40.8554],[36.4192,40.8575],[36.4267,40.8574],[36.4288,40.8593],[36.427,40.8654],[36.4327,40.8734],[36.4367,40.8753],[36.4407,40.8742],[36.446,40.8702],[36.4506,40.8713],[36.4489,40.8772],[36.4513,40.8816],[36.4616,40.8823],[36.4685,40.8753],[36.4728,40.8733],[36.4797,40.8765],[36.4846,40.8762],[36.4879,40.873],[36.4947,40.8734],[36.4985,40.8767],[36.5075,40.8763],[36.5124,40.8786],[36.5194,40.879],[36.5369,40.8899],[36.5696,40.8989],[36.5795,40.8949],[36.5877,40.8965],[36.5886,40.9012],[36.593,40.9081],[36.5979,40.9085],[36.6062,40.9051],[36.6076,40.8993],[36.6147,40.8933],[36.6239,40.8976],[36.626,40.907],[36.633,40.9058],[36.6351,40.9103],[36.6402,40.9098],[36.6426,40.9047],[36.6489,40.9025],[36.6578,40.9014],[36.6774,40.8939],[36.6822,40.8896],[36.6824,40.8869],[36.6833,40.8823],[36.6907,40.8847],[36.6921,40.881],[36.6953,40.8788],[36.6909,40.8761],[36.6901,40.8721],[36.695,40.8706],[36.6992,40.8674],[36.6986,40.8633],[36.7026,40.8612],[36.7047,40.8523],[36.7126,40.8394],[36.7253,40.8359],[36.7696,40.8312],[36.7696,40.81],[36.7776,40.8008],[36.8128,40.781],[36.8509,40.7667],[36.8564,40.7425],[36.8407,40.7121],[36.8662,40.7046],[36.8919,40.7156],[36.9172,40.7223],[36.9427,40.7197],[36.9581,40.7167],[36.9644,40.7081],[36.965,40.7032],[36.9714,40.6965],[36.9788,40.6919],[36.9941,40.6861],[37.0294,40.7006],[37.0347,40.6997],[37.051,40.7059],[37.0886,40.7075],[37.1069,40.7217],[37.1342,40.7206],[37.1592,40.7203],[37.1723,40.7296],[37.187,40.7311],[37.1973,40.7228],[37.1978,40.7079],[37.2032,40.6788],[37.2152,40.673],[37.2219,40.6737],[37.2251,40.6672],[37.2382,40.6672],[37.2327,40.6599],[37.2277,40.6568],[37.2301,40.6495],[37.241,40.647],[37.2447,40.6429],[37.2423,40.6415],[37.2426,40.6354],[37.2393,40.6345],[37.2395,40.6274],[37.2464,40.6225],[37.2408,40.6137],[37.2489,40.6123],[37.2493,40.6103],[37.2567,40.6087],[37.2603,40.6109],[37.2638,40.6093],[37.2662,40.6038],[37.2788,40.6008],[37.2886,40.6101],[37.2961,40.6086],[37.3042,40.6034],[37.3074,40.5994],[37.3163,40.5954],[37.3289,40.5974],[37.3356,40.595],[37.3405,40.5991],[37.3433,40.5914],[37.347,40.587],[37.3617,40.5816],[37.3669,40.5851],[37.3708,40.5784],[37.3754,40.5552],[37.38,40.5581],[37.3875,40.5561],[37.3849,40.5522],[37.3861,40.5493],[37.3934,40.544],[37.4005,40.5468],[37.405,40.5469],[37.4168,40.5435],[37.425,40.5481],[37.4282,40.5488],[37.4315,40.5588],[37.4367,40.5636],[37.4422,40.5652],[37.4458,40.5646],[37.4509,40.5563],[37.4645,40.5487],[37.4662,40.5499],[37.4749,40.5482],[37.4842,40.5411],[37.4877,40.5455],[37.4994,40.5397],[37.5068,40.5393],[37.5095,40.5349],[37.5165,40.5348],[37.5217,40.5324],[37.5256,40.5362],[37.5292,40.5341],[37.544,40.5307],[37.5525,40.5343],[37.5547,40.5383],[37.5665,40.5471],[37.5712,40.5449],[37.5804,40.5447],[37.5897,40.5411],[37.5946,40.5416],[37.6027,40.5405],[37.6064,40.5443],[37.613,40.5488],[37.6103,40.5372],[37.6133,40.5351],[37.6061,40.5288],[37.6022,40.5223],[37.6042,40.5208],[37.6138,40.5248],[37.617,40.5285],[37.6219,40.5257],[37.6196,40.5206],[37.6221,40.5165],[37.6197,40.5131],[37.6212,40.5099],[37.6135,40.5055],[37.628,40.499],[37.6197,40.4882],[37.609,40.4792],[37.6138,40.4579],[37.6217,40.4533],[37.6292,40.4562],[37.6376,40.4567],[37.6406,40.447],[37.6358,40.4346],[37.661,40.4201],[37.6654,40.4109],[37.6436,40.3963],[37.6441,40.3862],[37.6213,40.3883],[37.5941,40.3442],[37.5947,40.3289],[37.5927,40.3203],[37.5685,40.3059],[37.5434,40.2876],[37.5245,40.2631],[37.5176,40.2569],[37.5073,40.2543],[37.4927,40.2474],[37.4777,40.2501],[37.4542,40.2407],[37.4442,40.2304],[37.4328,40.2233],[37.4492,40.2039],[37.4604,40.1968],[37.4523,40.1786],[37.4456,40.1687],[37.4217,40.173],[37.4034,40.1675],[37.3805,40.1703],[37.3648,40.1742],[37.357,40.1958],[37.3483,40.2036],[37.3097,40.2051],[37.2946,40.2092],[37.274,40.2124],[37.2489,40.2156],[37.2227,40.2196],[37.1934,40.2348],[37.1725,40.2319],[37.1406,40.2332],[37.1256,40.2358],[37.112,40.2413],[37.0947,40.2465],[37.0806,40.2357],[37.0818,40.2227],[37.076,40.1963],[37.0628,40.1936],[37.0527,40.1998],[37.0457,40.2077],[37.0353,40.2095],[37.0199,40.2151],[37.0048,40.2258],[36.9689,40.2143],[36.944,40.2092],[36.9279,40.2141],[36.9194,40.2043],[36.9042,40.2068],[36.8933,40.2271],[36.8693,40.2359],[36.842,40.2307],[36.8248,40.2261],[36.8098,40.2254],[36.787,40.2275],[36.7696,40.2215],[36.7623,40.205],[36.7528,40.1678],[36.7424,40.146],[36.7249,40.1346],[36.7152,40.1315],[36.7012,40.123],[36.6823,40.0954],[36.6561,40.0844],[36.6479,40.078],[36.6392,40.06],[36.6601,40.0418],[36.6612,40.0271],[36.6584,40.0023],[36.6464,39.9945],[36.6482,39.9776],[36.6248,39.9894],[36.5923,39.9818],[36.5766,39.9743],[36.5544,39.9669],[36.5422,39.9639],[36.5122,39.9572],[36.5009,39.9588],[36.4814,39.9604],[36.4606,39.9645],[36.44,39.9667],[36.4121,39.9754],[36.3929,39.979],[36.3608,39.9791],[36.3413,39.9776],[36.3136,39.9746],[36.2986,39.9718],[36.2783,39.966],[36.2566,39.9583],[36.2409,39.9555],[36.226,39.9521],[36.2181,39.935],[36.1889,39.9367],[36.1783,39.9334],[36.1548,39.937],[36.1345,39.9302],[36.1522,39.9101],[36.15,39.9028],[36.1508,39.895],[36.124,39.8932],[36.1012,39.894],[36.0808,39.9007],[36.0796,39.909],[36.0796,39.9203],[36.0669,39.9317],[36.0568,39.9301],[36.0283,39.9239],[36.0087,39.9268],[35.9925,39.9404],[35.9918,39.9437],[35.9838,39.9465],[35.978,39.9517],[35.9769,39.9568],[35.96,39.9793],[35.9617,39.9965],[35.942,40.0167],[35.9439,40.0511],[35.9873,40.0759],[36.0273,40.0827],[36.0333,40.0909],[36.0455,40.0997],[36.0375,40.1046],[36.025,40.1093],[36.0192,40.1099],[36.0056,40.1074],[35.9867,40.1075],[35.9438,40.1015],[35.9275,40.1072],[35.9156,40.1065],[35.8913,40.1021],[35.853,40.0973],[35.8367,40.0935],[35.824,40.095],[35.8148,40.101],[35.8016,40.1018],[35.7786,40.0995],[35.7672,40.0963],[35.7596,40.0756],[35.7282,40.0661],[35.6993,40.0688],[35.6774,40.0787],[35.6681,40.0909],[35.6538,40.0957],[35.6496,40.1054],[35.6442,40.1137],[35.5929,40.1218],[35.5701,40.1193],[35.5523,40.124],[35.5371,40.1293],[35.5282,40.1303],[35.5136,40.1305],[35.4891,40.1399],[35.4947,40.1459],[35.4943,40.1542],[35.5061,40.1648],[35.5095,40.1756],[35.5014,40.184],[35.5028,40.1948],[35.4993,40.2005],[35.491,40.2078],[35.4602,40.2192],[35.4326,40.2427]]]}},{"type":"Feature","properties":{"name":"Trabzon","number":61},"geometry":{"type":"Polygon","coordinates":[[[40.4762,40.5285],[40.4635,40.5258],[40.4593,40.517],[40.4541,40.5197],[40.4501,40.518],[40.4399,40.519],[40.4221,40.5197],[40.4136,40.5164],[40.4096,40.5135],[40.4023,40.5165],[40.3923,40.5152],[40.3884,40.5181],[40.3784,40.5218],[40.3685,40.5222],[40.3585,40.5181],[40.3498,40.5202],[40.339,40.5206],[40.3286,40.5194],[40.3255,40.5206],[40.3105,40.5196],[40.2991,40.5183],[40.2773,40.5146],[40.2549,40.5196],[40.2517,40.5478],[40.2443,40.5555],[40.2427,40.5586],[40.2347,40.556],[40.2224,40.554],[40.2141,40.551],[40.2062,40.5506],[40.201,40.5538],[40.1911,40.5626],[40.1879,40.5628],[40.183,40.5684],[40.179,40.5636],[40.1678,40.5575],[40.1576,40.5581],[40.1502,40.5489],[40.1411,40.5474],[40.1385,40.5434],[40.1272,40.5375],[40.1166,40.5382],[40.1033,40.5415],[40.0979,40.5527],[40.0967,40.5566],[40.0912,40.5674],[40.0903,40.5736],[40.085,40.5789],[40.0752,40.5844],[40.0728,40.5937],[40.0766,40.6],[40.0864,40.6047],[40.0902,40.6098],[40.0801,40.6242],[40.0774,40.632],[40.0558,40.6252],[40.0438,40.634],[40.0427,40.6429],[40.0396,40.6512],[40.0358,40.6518],[40.0265,40.6511],[40.0169,40.649],[39.9912,40.6468],[39.9915,40.6271],[39.997,40.6225],[39.9939,40.6172],[39.9961,40.6107],[40.0091,40.5989],[40.0075,40.5921],[40.002,40.5813],[40.0067,40.5797],[40.0158,40.5794],[40.0281,40.5713],[40.0349,40.564],[40.0303,40.5606],[40.0253,40.5551],[40.0188,40.5531],[40.0061,40.5557],[39.9963,40.5532],[39.9847,40.5475],[39.9787,40.5416],[39.9731,40.5324],[39.9671,40.5289],[39.9611,40.5297],[39.9578,40.5343],[39.9469,40.5445],[39.9362,40.5517],[39.9232,40.5552],[39.9195,40.5589],[39.9197,40.5622],[39.9241,40.5762],[39.9196,40.5931],[39.9185,40.606],[39.9135,40.6062],[39.9057,40.6045],[39.8972,40.6072],[39.8921,40.6139],[39.8857,40.6115],[39.8792,40.6053],[39.8689,40.6048],[39.8632,40.6073],[39.8558,40.6085],[39.8518,40.6078],[39.8424,40.6115],[39.8309,40.6387],[39.8348,40.6461],[39.8281,40.6511],[39.824,40.6584],[39.8286,40.6657],[39.8238,40.6731],[39.8391,40.694],[39.837,40.6999],[39.8457,40.7132],[39.8549,40.7175],[39.8534,40.7219],[39.8556,40.7253],[39.8516,40.7298],[39.8422,40.7349],[39.845,40.7399],[39.8415,40.743],[39.8327,40.7452],[39.8229,40.7447],[39.8155,40.7377],[39.8167,40.728],[39.8048,40.7247],[39.7964,40.7234],[39.7868,40.7238],[39.7832,40.7253],[39.7715,40.7254],[39.7693,40.7201],[39.7621,40.7122],[39.7602,40.708],[39.7651,40.7031],[39.7618,40.6983],[39.7612,40.6912],[39.758,40.6858],[39.7555,40.675],[39.7484,40.6603],[39.7488,40.6552],[39.7438,40.6499],[39.7364,40.65],[39.731,40.6448],[39.7276,40.6383],[39.7296,40.6318],[39.7115,40.6216],[39.707,40.6201],[39.6905,40.6267],[39.6789,40.6305],[39.6688,40.6298],[39.6539,40.624],[39.6436,40.6226],[39.6322,40.6272],[39.6145,40.6266],[39.6036,40.6247],[39.5887,40.6167],[39.5841,40.6086],[39.579,40.6049],[39.5681,40.6007],[39.5646,40.6001],[39.5542,40.6059],[39.5485,40.608],[39.5073,40.6085],[39.4984,40.6102],[39.4839,40.6155],[39.477,40.6155],[39.4533,40.6233],[39.434,40.6269],[39.425,40.6335],[39.4226,40.639],[39.4223,40.6506],[39.417,40.6583],[39.4091,40.6633],[39.3986,40.6655],[39.3786,40.6653],[39.3718,40.6701],[39.3693,40.6779],[39.3662,40.6829],[39.3479,40.6895],[39.3408,40.6912],[39.332,40.7008],[39.3325,40.712],[39.3336,40.7167],[39.3294,40.7237],[39.2949,40.7239],[39.2662,40.7199],[39.2601,40.7217],[39.2415,40.722],[39.2319,40.7241],[39.2255,40.7319],[39.2076,40.7333],[39.2021,40.7372],[39.2009,40.7466],[39.1976,40.7518],[39.1926,40.7512],[39.188,40.7488],[39.1779,40.7492],[39.1721,40.7392],[39.1583,40.7275],[39.1536,40.7262],[39.1475,40.7309],[39.1467,40.7355],[39.1501,40.7396],[39.1491,40.7535],[39.1474,40.7593],[39.143,40.765],[39.1423,40.7697],[39.1374,40.7764],[39.1388,40.7844],[39.136,40.7893],[39.1397,40.7918],[39.14,40.7987],[39.1422,40.802],[39.1386,40.8065],[39.1371,40.8123],[39.1305,40.8138],[39.1235,40.8177],[39.1233,40.8271],[39.1275,40.8367],[39.1314,40.8411],[39.1383,40.8428],[39.1446,40.8428],[39.1488,40.8452],[39.1496,40.8516],[39.1458,40.8564],[39.1478,40.8612],[39.1421,40.865],[39.1419,40.8698],[39.1468,40.8793],[39.1544,40.8865],[39.1506,40.8986],[39.1398,40.9045],[39.1348,40.9088],[39.1389,40.9147],[39.1434,40.9287],[39.1409,40.9384],[39.1496,40.9511],[39.1498,40.9547],[39.1454,40.9607],[39.1458,40.9647],[39.1432,40.9686],[39.1405,40.9821],[39.1343,40.9857],[39.1315,40.9898],[39.1417,40.9926],[39.1444,40.9944],[39.1494,41.0063],[39.1545,41.0074],[39.156,41.0197],[39.153,41.0258],[39.155,41.0306],[39.1534,41.0349],[39.1544,41.0386],[39.1643,41.0471],[39.1699,41.0477],[39.1744,41.0499],[39.1754,41.0535],[39.1747,41.0611],[39.1782,41.0621],[39.1822,41.0685],[39.1806,41.0737],[39.1883,41.0744],[39.1953,41.0732],[39.203,41.0744],[39.2142,41.0703],[39.2181,41.0629],[39.2252,41.0571],[39.2384,41.0518],[39.2531,41.048],[39.2634,41.048],[39.266,41.0492],[39.2855,41.051],[39.2971,41.0533],[39.3183,41.0619],[39.3294,41.063],[39.3359,41.067],[39.3424,41.0683],[39.3541,41.0732],[39.3623,41.0785],[39.3694,41.0793],[39.3788,41.0855],[39.3827,41.0865],[39.3937,41.0945],[39.3985,41.0962],[39.4027,41.1003],[39.4082,41.1038],[39.4178,41.1072],[39.4237,41.1061],[39.4305,41.1007],[39.4384,41.1006],[39.4444,41.1016],[39.4507,41.0997],[39.4573,41.0992],[39.4803,41.0923],[39.4875,41.0916],[39.4938,41.085],[39.5041,41.0818],[39.5044,41.0781],[39.5082,41.0738],[39.5183,41.0673],[39.5298,41.0575],[39.5395,41.0506],[39.5474,41.0466],[39.5564,41.0399],[39.5678,41.0248],[39.5869,41.0185],[39.5958,41.0191],[39.6035,41.0166],[39.6053,41.0149],[39.6146,41.013],[39.6251,41.0084],[39.6332,41.0072],[39.6343,41.0048],[39.6484,41.0009],[39.6604,40.9966],[39.6654,41.0002],[39.6684,40.9982],[39.6792,41.0014],[39.6863,41.0019],[39.7148,41.0127],[39.7221,41.0128],[39.7268,41.0099],[39.7359,41.0086],[39.736,41.0043],[39.7425,41.0026],[39.7456,41.0041],[39.7494,41.0022],[39.7607,41.0031],[39.7674,41.0018],[39.7736,41.0028],[39.7807,41.0023],[39.7895,40.997],[39.794,40.9965],[39.8068,40.991],[39.8102,40.9884],[39.8213,40.9857],[39.8295,40.9851],[39.8341,40.9807],[39.8334,40.9759],[39.8348,40.9726],[39.8424,40.9691],[39.8453,40.9655],[39.8514,40.9621],[39.8538,40.959],[39.8659,40.9571],[39.8728,40.9549],[39.884,40.9538],[39.8948,40.9551],[39.9052,40.9537],[39.9334,40.9555],[39.9431,40.958],[39.9503,40.9584],[39.9617,40.9611],[39.968,40.9607],[39.9755,40.9631],[39.9812,40.9619],[39.9923,40.9643],[40.0048,40.9581],[40.0098,40.9567],[40.0227,40.9583],[40.0352,40.9589],[40.0424,40.9574],[40.0491,40.954],[40.0523,40.9475],[40.0513,40.9456],[40.0553,40.9421],[40.0629,40.9396],[40.0662,40.9374],[40.0686,40.9326],[40.0749,40.9266],[40.079,40.924],[40.0921,40.9182],[40.0967,40.9171],[40.109,40.9165],[40.1211,40.9128],[40.1334,40.9132],[40.1442,40.9123],[40.157,40.913],[40.1639,40.9147],[40.1724,40.9138],[40.1834,40.9146],[40.184,40.9169],[40.1982,40.9213],[40.1992,40.923],[40.2067,40.922],[40.2126,40.9246],[40.2254,40.9267],[40.2324,40.9288],[40.246,40.9358],[40.2652,40.9478],[40.2743,40.9525],[40.2833,40.9549],[40.3085,40.9713],[40.3119,40.9725],[40.3298,40.9884],[40.3413,40.9794],[40.3429,40.9755],[40.3478,40.9726],[40.3529,40.967],[40.3646,40.9652],[40.3732,40.9677],[40.3798,40.9675],[40.3916,40.9646],[40.3987,40.9615],[40.398,40.9554],[40.4019,40.9527],[40.4073,40.9432],[40.4076,40.9381],[40.4148,40.9323],[40.4149,40.916],[40.4174,40.9127],[40.4188,40.9047],[40.4362,40.8912],[40.4395,40.8906],[40.4495,40.8835],[40.4516,40.8786],[40.4641,40.8694],[40.4643,40.866],[40.468,40.8634],[40.469,40.8596],[40.4736,40.8576],[40.4768,40.8516],[40.4771,40.847],[40.4711,40.8439],[40.4701,40.8417],[40.4631,40.8461],[40.4512,40.8398],[40.4469,40.8347],[40.4422,40.8315],[40.4406,40.8278],[40.4352,40.8247],[40.4347,40.8209],[40.4317,40.8185],[40.4334,40.8151],[40.4186,40.8051],[40.4194,40.801],[40.4263,40.7959],[40.4302,40.7955],[40.4275,40.785],[40.4326,40.7792],[40.4288,40.7634],[40.4194,40.7631],[40.4168,40.7606],[40.4165,40.7564],[40.4185,40.7511],[40.4223,40.7486],[40.4186,40.7446],[40.4274,40.741],[40.4359,40.7385],[40.442,40.7317],[40.4528,40.7334],[40.4666,40.7322],[40.4778,40.737],[40.482,40.7346],[40.4952,40.7291],[40.4962,40.7253],[40.5075,40.7146],[40.5045,40.704],[40.5045,40.6975],[40.4915,40.6844],[40.4864,40.6756],[40.486,40.6718],[40.4802,40.6632],[40.4721,40.6583],[40.4664,40.6559],[40.4601,40.6483],[40.4545,40.6368],[40.4442,40.6319],[40.4416,40.6255],[40.437,40.622],[40.4379,40.6184],[40.4367,40.6119],[40.4405,40.6053],[40.4411,40.5995],[40.4503,40.5898],[40.4649,40.5831],[40.4639,40.5786],[40.468,40.5755],[40.4699,40.5698],[40.4653,40.5624],[40.467,40.5545],[40.4717,40.5496],[40.4765,40.5426],[40.4789,40.5369],[40.4762,40.5285]]]}},{"type":"Feature","properties":{"name":"Tunceli","number":62},"geometry":{"type":"Polygon","coordinates":[[[40.4038,39.565],[40.3966,39.553],[40.3253,39.5218],[40.3027,39.5102],[40.2882,39.4982],[40.2821,39.4941],[40.2819,39.4835],[40.2921,39.473],[40.2903,39.4451],[40.2771,39.4228],[40.2372,39.3678],[40.2151,39.362],[40.202,39.3569],[40.2003,39.3525],[40.1917,39.3509],[40.1828,39.3565],[40.1692,39.3489],[40.1558,39.3468],[40.1473,39.3399],[40.1476,39.3323],[40.1394,39.3299],[40.1323,39.321],[40.1283,39.3179],[40.1169,39.3047],[40.1152,39.3017],[40.1068,39.3022],[40.1056,39.3039],[40.0989,39.302],[40.0953,39.3057],[40.0885,39.3048],[40.0868,39.3091],[40.08,39.3155],[40.0758,39.3167],[40.073,39.3144],[40.055,39.3171],[40.0422,39.3224],[40.0215,39.3101],[40.0336,39.2775],[40.0303,39.27],[40.0178,39.2558],[40.0008,39.2466],[39.9925,39.2388],[39.9819,39.208],[39.9536,39.1886],[39.9441,39.1898],[39.9468,39.1769],[39.9455,39.1656],[39.947,39.1525],[39.9521,39.1408],[39.9523,39.1217],[39.945,39.1116],[39.9346,39.101],[39.9303,39.103],[39.9264,39.0995],[39.9194,39.0994],[39.9093,39.0972],[39.9063,39.0921],[39.9071,39.0879],[39.9036,39.0848],[39.8974,39.0865],[39.8936,39.0835],[39.8931,39.0756],[39.8899,39.0709],[39.8839,39.0688],[39.8802,39.0658],[39.878,39.0607],[39.8687,39.059],[39.8677,39.0563],[39.8631,39.0537],[39.8628,39.0499],[39.8652,39.0442],[39.8742,39.0427],[39.8791,39.0374],[39.8785,39.0309],[39.8903,39.021],[39.8944,39.0213],[39.8992,39.0163],[39.9002,39.0102],[39.902,39.0086],[39.9016,39.0031],[39.897,38.9989],[39.8909,38.9988],[39.8882,38.9967],[39.8903,38.9875],[39.8852,38.9848],[39.8827,38.9808],[39.8873,38.973],[39.883,38.9702],[39.8803,38.964],[39.8759,38.96],[39.8768,38.9561],[39.8722,38.9508],[39.8768,38.9451],[39.8678,38.9394],[39.8674,38.933],[39.8702,38.9315],[39.8735,38.9258],[39.8743,38.9166],[39.8675,38.9071],[39.8609,38.9045],[39.8599,38.9021],[39.8531,38.9002],[39.8446,38.895],[39.8505,38.8914],[39.8506,38.8864],[39.8487,38.882],[39.8434,38.8784],[39.8399,38.878],[39.8322,38.8796],[39.8272,38.8787],[39.8235,38.8717],[39.8191,38.8695],[39.8181,38.8589],[39.812,38.8576],[39.7979,38.8482],[39.7997,38.8356],[39.7984,38.8211],[39.7838,38.8256],[39.7758,38.8274],[39.7524,38.827],[39.7381,38.8331],[39.7181,38.834],[39.6939,38.82],[39.6916,38.8096],[39.6945,38.8068],[39.7019,38.8037],[39.6984,38.8014],[39.6849,38.7993],[39.6803,38.8018],[39.6654,38.8037],[39.6585,38.808],[39.6532,38.814],[39.6457,38.8176],[39.6361,38.8157],[39.612,38.8174],[39.5968,38.8115],[39.5834,38.8251],[39.578,38.8234],[39.5734,38.8194],[39.5476,38.8086],[39.5435,38.8096],[39.5361,38.8165],[39.5312,38.8175],[39.5199,38.8061],[39.5233,38.7991],[39.5189,38.7944],[39.5096,38.7912],[39.5067,38.7876],[39.5119,38.7739],[39.5086,38.7686],[39.495,38.7673],[39.4837,38.7632],[39.4551,38.7697],[39.4482,38.7709],[39.4368,38.7861],[39.4287,38.7869],[39.4036,38.7721],[39.3936,38.7732],[39.3892,38.7801],[39.3853,38.7901],[39.3708,38.8045],[39.3469,38.8121],[39.3336,38.8134],[39.3108,38.8182],[39.2646,38.8438],[39.2608,38.8584],[39.2486,38.8604],[39.2364,38.8584],[39.2053,38.8568],[39.19,38.8593],[39.1417,38.8709],[39.1253,38.8763],[39.108,38.8726],[39.0808,38.8871],[39.0703,38.8895],[39.0414,38.8829],[39.0297,38.8834],[39.0042,38.8905],[38.9419,38.8951],[38.9157,38.8939],[38.8567,38.8787],[38.8361,38.8757],[38.8128,38.8748],[38.7686,38.8828],[38.7414,38.8864],[38.7435,38.8889],[38.7452,38.8958],[38.7484,38.9004],[38.7483,38.9036],[38.7534,38.9096],[38.7502,38.9171],[38.7527,38.9251],[38.7514,38.9288],[38.7568,38.934],[38.7644,38.9366],[38.7665,38.9356],[38.7757,38.9475],[38.7862,38.9523],[38.7924,38.9577],[38.7919,38.9618],[38.7821,38.9657],[38.7797,38.969],[38.7811,38.9717],[38.7895,38.973],[38.7917,38.9773],[38.7901,38.9924],[38.7889,38.9969],[38.7853,39.0008],[38.7786,39.002],[38.7756,38.9998],[38.7704,38.9997],[38.7668,39.0042],[38.7656,39.0124],[38.75,39.045],[38.7489,39.0606],[38.7477,39.0687],[38.7431,39.0762],[38.7414,39.0934],[38.7458,39.1027],[38.7448,39.1087],[38.7409,39.1122],[38.7336,39.1162],[38.7347,39.1232],[38.7319,39.1286],[38.734,39.1382],[38.749,39.1412],[38.7522,39.1443],[38.7576,39.1448],[38.76,39.149],[38.7628,39.1503],[38.7648,39.1587],[38.7682,39.1689],[38.7735,39.1752],[38.7731,39.1805],[38.7697,39.1855],[38.766,39.1856],[38.7552,39.1836],[38.7518,39.1839],[38.7467,39.1964],[38.7487,39.2041],[38.7576,39.2111],[38.7671,39.2134],[38.803,39.2172],[38.8277,39.2184],[38.8623,39.2217],[38.8847,39.2259],[38.926,39.2394],[38.939,39.2488],[38.9425,39.2579],[38.9394,39.2671],[38.8889,39.2699],[38.8599,39.2849],[38.8039,39.2811],[38.7947,39.2857],[38.7859,39.3012],[38.7893,39.3216],[38.7978,39.3364],[38.8135,39.348],[38.8316,39.3531],[38.8671,39.3479],[38.9062,39.325],[38.9335,39.3242],[38.9554,39.3525],[38.9803,39.3382],[39.0041,39.3504],[39.0436,39.3841],[39.0557,39.4096],[39.0544,39.4205],[39.063,39.4278],[39.075,39.4529],[39.0949,39.4554],[39.1014,39.4613],[39.1228,39.4683],[39.1582,39.4689],[39.1693,39.4703],[39.1785,39.468],[39.197,39.4676],[39.2208,39.4723],[39.2443,39.4799],[39.2541,39.4849],[39.2647,39.4885],[39.2759,39.4893],[39.2845,39.4868],[39.2823,39.4739],[39.2881,39.4605],[39.2985,39.4544],[39.3092,39.4567],[39.3299,39.4583],[39.3393,39.4637],[39.3471,39.4635],[39.3565,39.4667],[39.3684,39.4744],[39.3809,39.4792],[39.3933,39.478],[39.4023,39.4864],[39.4285,39.5016],[39.4408,39.5049],[39.4497,39.5066],[39.469,39.4977],[39.4836,39.4999],[39.4934,39.5],[39.5264,39.51],[39.537,39.5165],[39.5478,39.5179],[39.5568,39.5232],[39.56,39.519],[39.555,39.5115],[39.5451,39.5059],[39.539,39.4993],[39.5364,39.4902],[39.5406,39.4815],[39.5424,39.4735],[39.5501,39.4668],[39.5552,39.459],[39.5714,39.4447],[39.582,39.4412],[39.5913,39.4447],[39.6012,39.4476],[39.6141,39.4468],[39.625,39.4492],[39.6431,39.458],[39.6577,39.4696],[39.6868,39.4842],[39.7209,39.4925],[39.7404,39.5022],[39.782,39.5171],[39.8054,39.5271],[39.808,39.5311],[39.8051,39.5401],[39.7972,39.555],[39.7888,39.5792],[39.7959,39.5894],[39.794,39.6027],[39.8019,39.615],[39.8053,39.6147],[39.8174,39.607],[39.8214,39.607],[39.8283,39.6042],[39.8368,39.6086],[39.8472,39.6069],[39.8493,39.6012],[39.858,39.5993],[39.8612,39.5952],[39.8719,39.5937],[39.8731,39.5891],[39.8793,39.5897],[39.8855,39.5882],[39.8909,39.5887],[39.8992,39.5852],[39.9046,39.5856],[39.9142,39.5828],[39.9209,39.5831],[39.9243,39.5807],[39.942,39.5769],[39.9496,39.5743],[39.9555,39.5743],[39.9637,39.5722],[39.9715,39.5712],[39.9789,39.5672],[39.9885,39.5649],[39.9965,39.5667],[40.0131,39.5681],[40.0324,39.5606],[40.0401,39.5567],[40.045,39.556],[40.049,39.5522],[40.0552,39.5548],[40.0633,39.5506],[40.075,39.5525],[40.0851,39.5561],[40.0936,39.5555],[40.1024,39.5564],[40.1086,39.5607],[40.1153,39.5616],[40.1198,39.5607],[40.1235,39.564],[40.1369,39.5647],[40.1545,39.5775],[40.1593,39.5771],[40.1705,39.5784],[40.1718,39.5802],[40.179,39.5776],[40.2107,39.5707],[40.221,39.569],[40.2411,39.5698],[40.2593,39.5728],[40.2896,39.5754],[40.2973,39.5776],[40.3114,39.5794],[40.3289,39.5845],[40.3503,39.5869],[40.3626,39.5901],[40.3722,39.5889],[40.3854,39.5852],[40.4001,39.5722],[40.4038,39.565]]]}},{"type":"Feature","properties":{"name":"Şanlıurfa","number":63},"geometry":{"type":"Polygon","coordinates":[[[38.081,37.4479],[38.0911,37.4488],[38.0974,37.4469],[38.1178,37.4277],[38.1278,37.4241],[38.1504,37.4179],[38.1641,37.4218],[38.1703,37.4191],[38.1724,37.4168],[38.1702,37.4117],[38.175,37.4097],[38.1811,37.4102],[38.1864,37.4135],[38.1916,37.4194],[38.1934,37.4233],[38.1905,37.4294],[38.1904,37.4366],[38.1946,37.4475],[38.199,37.4511],[38.2121,37.4526],[38.2171,37.4522],[38.2316,37.445],[38.2383,37.4431],[38.2474,37.4435],[38.2541,37.4513],[38.2568,37.4568],[38.2669,37.4721],[38.2712,37.4757],[38.2796,37.4773],[38.2924,37.4756],[38.3055,37.4726],[38.3087,37.4749],[38.3106,37.4815],[38.3102,37.4875],[38.3274,37.4902],[38.3411,37.4875],[38.3525,37.4864],[38.383,37.4811],[38.3928,37.4819],[38.4028,37.4872],[38.4108,37.4897],[38.4208,37.49],[38.4631,37.4883],[38.4764,37.4906],[38.4994,37.4986],[38.5092,37.5044],[38.5175,37.5119],[38.5197,37.515],[38.5419,37.5347],[38.5617,37.5464],[38.5675,37.5508],[38.5722,37.5567],[38.5753,37.5642],[38.5794,37.5705],[38.5925,37.5786],[38.5994,37.5819],[38.615,37.5869],[38.6261,37.5969],[38.6444,37.6208],[38.6514,37.6242],[38.6747,37.6267],[38.6942,37.6275],[38.7214,37.6258],[38.7414,37.6264],[38.7497,37.6272],[38.7579,37.6292],[38.7682,37.635],[38.7831,37.6405],[38.8011,37.6433],[38.8217,37.643],[38.8474,37.6476],[38.8569,37.651],[38.857,37.655],[38.8472,37.6628],[38.8169,37.6696],[38.8058,37.6819],[38.8103,37.6936],[38.8269,37.6978],[38.8495,37.6911],[38.8584,37.6926],[38.8627,37.6946],[38.8801,37.7066],[38.8959,37.7125],[38.9126,37.7129],[38.9148,37.7251],[38.9031,37.732],[38.9053,37.7412],[38.9242,37.7479],[38.9586,37.753],[38.9645,37.7637],[38.9553,37.7727],[38.9542,37.7986],[38.9508,37.805],[38.9413,37.8078],[38.9212,37.8015],[38.9016,37.7917],[38.8968,37.7939],[38.8982,37.8046],[38.9208,37.8264],[38.9414,37.8286],[38.968,37.8222],[38.9767,37.8239],[38.9792,37.8319],[38.9761,37.8453],[38.9739,37.86],[38.9836,37.8698],[38.9924,37.8851],[38.9772,37.8939],[38.9737,37.9001],[38.9961,37.9127],[39.0101,37.9162],[39.0249,37.9166],[39.0314,37.9257],[39.0393,37.9305],[39.0392,37.937],[39.0443,37.9443],[39.0465,37.9525],[39.0572,37.9647],[39.0555,37.9717],[39.0592,37.9844],[39.0672,37.9922],[39.0814,37.9989],[39.0883,38.0074],[39.0971,38.0127],[39.112,38.018],[39.1279,38.0205],[39.1375,38.018],[39.1315,38.0101],[39.1333,38.0021],[39.1456,37.9969],[39.1554,37.9959],[39.1788,38.006],[39.1911,38.0017],[39.2234,37.9972],[39.236,37.9933],[39.2511,37.9865],[39.2605,37.9797],[39.2697,37.9703],[39.3039,37.9603],[39.3212,37.9586],[39.3514,37.9602],[39.3752,37.9491],[39.3798,37.9407],[39.3857,37.9328],[39.4027,37.9338],[39.4189,37.9289],[39.4691,37.9171],[39.4777,37.9117],[39.4891,37.9097],[39.4935,37.9029],[39.5087,37.8973],[39.5161,37.8892],[39.5218,37.8875],[39.5256,37.8822],[39.5221,37.8755],[39.5325,37.8684],[39.5403,37.8593],[39.5429,37.8515],[39.5509,37.8499],[39.5678,37.8559],[39.5867,37.8565],[39.5939,37.8511],[39.6035,37.8456],[39.6143,37.8264],[39.6261,37.8021],[39.6441,37.7964],[39.6629,37.7943],[39.6754,37.7959],[39.6868,37.8053],[39.6907,37.8145],[39.6956,37.8293],[39.7019,37.8367],[39.7094,37.8414],[39.7449,37.8567],[39.7655,37.8632],[39.7739,37.8651],[39.7828,37.8634],[39.799,37.8589],[39.8079,37.8485],[39.8106,37.8319],[39.8101,37.8247],[39.8123,37.802],[39.8292,37.7593],[39.8419,37.7415],[39.8445,37.731],[39.8287,37.7136],[39.831,37.6623],[39.837,37.6337],[39.8332,37.617],[39.8354,37.5806],[39.8559,37.5626],[39.8593,37.5559],[39.8617,37.548],[39.8622,37.5342],[39.8663,37.5296],[39.8731,37.5269],[39.8882,37.5232],[39.894,37.5211],[39.8953,37.5064],[39.8848,37.4908],[39.8861,37.4818],[39.8913,37.4707],[39.9038,37.4552],[39.9295,37.4286],[39.9462,37.4094],[39.9519,37.4035],[39.9493,37.3866],[39.9564,37.378],[39.9589,37.3734],[39.9622,37.3723],[39.9626,37.3679],[39.9664,37.3661],[39.9683,37.3628],[39.9683,37.3569],[39.9668,37.354],[39.9689,37.3517],[39.9659,37.3469],[39.9693,37.3458],[39.9744,37.3353],[39.9793,37.3302],[39.9775,37.3284],[39.9778,37.3229],[39.9844,37.3165],[39.9838,37.3107],[39.987,37.3058],[39.9838,37.3009],[39.9886,37.2953],[39.9941,37.2939],[40.0002,37.2816],[40.0003,37.2786],[40.004,37.2739],[40.0089,37.2706],[40.0077,37.2649],[40.0112,37.2626],[40.0111,37.256],[40.0051,37.2532],[40.0051,37.2502],[40.0103,37.2474],[40.0131,37.2386],[40.0131,37.232],[40.0202,37.2289],[40.018,37.2255],[40.0118,37.2245],[40.0121,37.2211],[40.0159,37.2185],[40.0211,37.218],[40.0238,37.2139],[40.0202,37.2081],[40.019,37.202],[40.022,37.1986],[40.0323,37.1925],[40.0312,37.1871],[40.035,37.1865],[40.043,37.1933],[40.0504,37.1888],[40.0485,37.1797],[40.0551,37.1797],[40.0612,37.1758],[40.0597,37.17],[40.0693,37.1687],[40.0729,37.1621],[40.0816,37.1637],[40.0824,37.1611],[40.0785,37.1577],[40.082,37.1553],[40.0903,37.1586],[40.0914,37.1613],[40.0899,37.1668],[40.095,37.169],[40.1023,37.1657],[40.1001,37.1637],[40.1026,37.1585],[40.1034,37.1507],[40.099,37.1436],[40.0982,37.1392],[40.1007,37.1357],[40.1071,37.1385],[40.1091,37.136],[40.1058,37.1328],[40.1122,37.1281],[40.1176,37.1205],[40.1169,37.1165],[40.125,37.1167],[40.1302,37.1101],[40.1335,37.1129],[40.1368,37.1109],[40.1358,37.1064],[40.1319,37.1031],[40.1321,37.0983],[40.1268,37.0943],[40.1278,37.0883],[40.1341,37.0888],[40.1436,37.0857],[40.1451,37.083],[40.1506,37.0808],[40.1517,37.076],[40.1507,37.0704],[40.1575,37.0709],[40.1611,37.0681],[40.1552,37.0648],[40.1549,37.0606],[40.1633,37.055],[40.1585,37.0488],[40.1596,37.0444],[40.1643,37.0415],[40.166,37.0372],[40.1589,37.0303],[40.1593,37.0234],[40.1624,37.02],[40.16,37.0171],[40.1653,37.0143],[40.1694,37.0077],[40.1747,37.0066],[40.1755,37.002],[40.1782,36.9992],[40.1845,36.9983],[40.1871,36.9928],[40.1804,36.9929],[40.1777,36.9909],[40.1744,36.9848],[40.1786,36.9774],[40.1855,36.9763],[40.2079,36.9706],[40.2143,36.9648],[40.2198,36.9648],[40.2291,36.9598],[40.2365,36.9575],[40.2385,36.9536],[40.2352,36.9507],[40.2345,36.945],[40.2299,36.9436],[40.2229,36.9434],[40.2196,36.942],[40.2136,36.9367],[40.2134,36.9325],[40.2208,36.9203],[40.2254,36.9174],[40.2333,36.9169],[40.2334,36.9114],[40.2206,36.901],[40.1952,36.8874],[40.1849,36.8787],[40.1808,36.8771],[40.1455,36.8698],[40.1107,36.8675],[40.0777,36.8582],[40.0631,36.8563],[40.0594,36.8543],[40.0545,36.8449],[40.0349,36.829],[40.0273,36.8258],[40.0004,36.8228],[39.998,36.8222],[39.9306,36.7974],[39.8742,36.783],[39.8542,36.7764],[39.8478,36.7726],[39.8384,36.7644],[39.8275,36.7602],[39.822,36.7571],[39.8167,36.7561],[39.7165,36.7507],[39.7107,36.75],[39.6837,36.7388],[39.6463,36.7266],[39.6387,36.7246],[39.6262,36.7238],[39.617,36.7239],[39.5961,36.7232],[39.5454,36.7139],[39.4912,36.7003],[39.3924,36.6941],[39.3897,36.6927],[39.3833,36.6935],[39.3612,36.692],[39.2641,36.6751],[39.213,36.6692],[39.2095,36.6693],[39.1504,36.683],[39.1286,36.6868],[39.0738,36.7028],[39.0585,36.7063],[39.0189,36.7108],[38.9589,36.7054],[38.9537,36.7047],[38.9446,36.705],[38.9254,36.7044],[38.8953,36.7009],[38.8907,36.7007],[38.8634,36.7017],[38.8308,36.7033],[38.7476,36.7068],[38.7424,36.7074],[38.7311,36.7112],[38.7243,36.7154],[38.6932,36.7336],[38.689,36.7364],[38.6428,36.7729],[38.6368,36.7788],[38.6104,36.795],[38.606,36.7994],[38.5972,36.8038],[38.5934,36.8077],[38.5907,36.8158],[38.5914,36.8215],[38.5897,36.8253],[38.5858,36.8271],[38.577,36.8246],[38.5706,36.8247],[38.5654,36.8291],[38.5601,36.8395],[38.5557,36.8442],[38.5525,36.8456],[38.484,36.8697],[38.4264,36.8898],[38.4,36.8994],[38.3887,36.9027],[38.3825,36.9027],[38.3636,36.9007],[38.3454,36.8996],[38.3395,36.9001],[38.2955,36.9075],[38.2655,36.9147],[38.2564,36.9196],[38.2431,36.924],[38.2369,36.923],[38.2284,36.9163],[38.2226,36.9138],[38.2142,36.9083],[38.1988,36.9084],[38.192,36.9098],[38.1816,36.9094],[38.1728,36.9118],[38.1652,36.9094],[38.1637,36.9059],[38.1639,36.901],[38.1567,36.898],[38.144,36.8938],[38.1348,36.8953],[38.1295,36.8921],[38.1233,36.8908],[38.1161,36.8851],[38.1128,36.8813],[38.1043,36.8805],[38.0959,36.8759],[38.0901,36.8777],[38.0794,36.8762],[38.0723,36.8714],[38.0692,36.866],[38.0626,36.8636],[38.0564,36.8661],[38.0449,36.8642],[38.0406,36.8615],[38.0364,36.8607],[38.0296,36.8546],[38.0285,36.8521],[38.0291,36.8446],[38.032,36.8382],[38.0292,36.8333],[38.025,36.8303],[38.0214,36.8373],[38.0242,36.8558],[38.0305,36.8674],[38.0371,36.8738],[38.0386,36.8833],[38.0312,36.8911],[38.0214,36.8987],[38.0144,36.9083],[38.0099,36.9169],[38.0072,36.9305],[38.0075,36.9403],[38.0087,36.9477],[38.0074,36.9581],[38.0041,36.9624],[37.9909,36.9663],[37.978,36.9733],[37.9731,36.9783],[37.9664,36.9869],[37.9624,36.9995],[37.9637,37.0062],[37.97,37.0187],[37.9655,37.0219],[37.9624,37.02],[37.9583,37.0225],[37.9583,37.0251],[37.9539,37.0283],[37.9516,37.0336],[37.9535,37.0372],[37.9594,37.0377],[37.9719,37.0352],[37.9763,37.032],[37.9806,37.0401],[37.9813,37.0471],[37.9777,37.0535],[37.9722,37.0568],[37.9624,37.0561],[37.9526,37.0526],[37.9442,37.0445],[37.9336,37.0404],[37.9228,37.0403],[37.9133,37.0419],[37.9078,37.0443],[37.9021,37.049],[37.8949,37.0509],[37.8869,37.0557],[37.8742,37.0643],[37.8695,37.0705],[37.8667,37.0786],[37.8692,37.0961],[37.8743,37.1069],[37.8762,37.1183],[37.8783,37.1264],[37.8778,37.1333],[37.8757,37.1406],[37.8503,37.1693],[37.8442,37.1792],[37.8417,37.1878],[37.8374,37.1978],[37.8352,37.2067],[37.8364,37.2134],[37.8403,37.2239],[37.8484,37.2247],[37.8565,37.2231],[37.8633,37.2172],[37.8697,37.2131],[37.8747,37.2119],[37.8786,37.2135],[37.8824,37.2176],[37.881,37.2251],[37.8745,37.2333],[37.864,37.2441],[37.8488,37.2499],[37.8417,37.2624],[37.8409,37.2678],[37.8431,37.2721],[37.85,37.2803],[37.8533,37.2874],[37.8551,37.296],[37.8591,37.3052],[37.8615,37.3151],[37.8663,37.3184],[37.8792,37.3205],[37.8855,37.3233],[37.888,37.3266],[37.8857,37.3307],[37.8739,37.3369],[37.8742,37.3426],[37.8821,37.348],[37.8928,37.3526],[37.9035,37.3595],[37.9171,37.3733],[37.9215,37.3787],[37.9339,37.3863],[37.9367,37.391],[37.9398,37.3995],[37.9497,37.4078],[37.9634,37.415],[37.9683,37.4212],[37.9698,37.4282],[37.9751,37.435],[37.9851,37.4398],[37.9954,37.4398],[38.005,37.4363],[38.0105,37.4354],[38.0194,37.4394],[38.0283,37.4425],[38.0372,37.4427],[38.045,37.4397],[38.0596,37.43],[38.0669,37.4303],[38.0751,37.4441],[38.081,37.4479]]]}},{"type":"Feature","properties":{"name":"Uşak","number":64},"geometry":{"type":"Polygon","coordinates":[[[30.0341,38.822],[30.007,38.806],[30.007,38.8017],[30.0156,38.7925],[30.0156,38.7874],[30.0094,38.7779],[30.0076,38.7639],[30.0029,38.7551],[30.0026,38.742],[29.9967,38.736],[29.9787,38.7395],[29.9607,38.7362],[29.9509,38.7316],[29.9388,38.7178],[29.9258,38.7125],[29.9119,38.7125],[29.9039,38.7088],[29.9078,38.6848],[29.901,38.6722],[29.8982,38.6606],[29.9021,38.6562],[29.911,38.6513],[29.9277,38.6378],[29.9215,38.6345],[29.9013,38.6354],[29.8939,38.6282],[29.8881,38.6201],[29.8652,38.5836],[29.8413,38.5529],[29.832,38.5404],[29.8282,38.5091],[29.8118,38.4849],[29.8143,38.4741],[29.8044,38.4671],[29.7972,38.4594],[29.7841,38.4599],[29.7571,38.4579],[29.7535,38.4621],[29.7407,38.4656],[29.7297,38.4637],[29.7126,38.4644],[29.6854,38.4601],[29.6763,38.4592],[29.6566,38.4345],[29.669,38.4255],[29.6703,38.4206],[29.6662,38.4181],[29.6545,38.4251],[29.647,38.4226],[29.6269,38.4234],[29.6183,38.4209],[29.6128,38.4096],[29.6167,38.4012],[29.6117,38.396],[29.6137,38.3886],[29.619,38.3837],[29.623,38.384],[29.6368,38.3749],[29.6484,38.3747],[29.6471,38.3647],[29.64,38.3617],[29.6298,38.3552],[29.6229,38.3527],[29.6151,38.3458],[29.6145,38.3423],[29.6265,38.3364],[29.6245,38.3326],[29.625,38.3271],[29.6175,38.3227],[29.6207,38.3133],[29.6245,38.3073],[29.625,38.3004],[29.632,38.2909],[29.6239,38.2896],[29.6186,38.2871],[29.6182,38.2823],[29.6144,38.2756],[29.6079,38.2547],[29.6136,38.2489],[29.6144,38.2441],[29.6061,38.2472],[29.5894,38.2454],[29.5907,38.2547],[29.5899,38.2598],[29.5793,38.2641],[29.5461,38.2718],[29.5404,38.2798],[29.5307,38.2891],[29.5244,38.2883],[29.5098,38.2761],[29.4971,38.2779],[29.4821,38.2728],[29.4788,38.2759],[29.4705,38.2759],[29.4564,38.2831],[29.4449,38.2956],[29.4352,38.2967],[29.4264,38.3027],[29.4202,38.3197],[29.4157,38.3227],[29.3826,38.3265],[29.3699,38.3216],[29.3603,38.3234],[29.3538,38.3222],[29.3455,38.3161],[29.3375,38.3064],[29.3206,38.3058],[29.3111,38.3038],[29.2981,38.2991],[29.2932,38.2963],[29.2862,38.2906],[29.2843,38.2845],[29.2776,38.2804],[29.2742,38.27],[29.2664,38.2666],[29.2598,38.2625],[29.2478,38.2514],[29.2474,38.2458],[29.2426,38.2432],[29.2336,38.241],[29.2309,38.2368],[29.2215,38.2378],[29.2194,38.2401],[29.2149,38.2407],[29.2135,38.2312],[29.2193,38.2268],[29.2138,38.225],[29.2073,38.228],[29.205,38.2236],[29.2082,38.2204],[29.2117,38.2134],[29.2194,38.2114],[29.2211,38.2042],[29.2162,38.1991],[29.2209,38.1931],[29.212,38.1786],[29.2101,38.1672],[29.2068,38.1659],[29.1952,38.1738],[29.1881,38.1772],[29.1826,38.1858],[29.1854,38.1931],[29.1833,38.1965],[29.1839,38.2029],[29.182,38.2148],[29.1728,38.2145],[29.1648,38.223],[29.1598,38.2223],[29.1549,38.2266],[29.1456,38.2275],[29.1366,38.2262],[29.1248,38.2351],[29.1148,38.2346],[29.1038,38.2365],[29.0978,38.2334],[29.0949,38.2303],[29.0821,38.2378],[29.0777,38.234],[29.0621,38.2292],[29.045,38.2193],[29.038,38.2242],[29.0337,38.2286],[29.0357,38.236],[29.0231,38.2342],[29.0184,38.2351],[29.0116,38.2304],[29.0118,38.2373],[29.0086,38.2395],[29.0019,38.24],[28.9948,38.2432],[28.9781,38.2406],[28.9717,38.2427],[28.9725,38.2362],[28.9753,38.2312],[28.9684,38.2324],[28.9609,38.2354],[28.9527,38.2343],[28.95,38.2304],[28.9415,38.2313],[28.9382,38.2353],[28.9309,38.2363],[28.9249,38.2414],[28.9177,38.2435],[28.9104,38.2481],[28.8954,38.2444],[28.8695,38.2326],[28.8612,38.2563],[28.8532,38.2661],[28.8446,38.2795],[28.8388,38.2982],[28.8344,38.309],[28.8207,38.32],[28.8019,38.3279],[28.7973,38.3289],[28.7747,38.3494],[28.7581,38.356],[28.7549,38.3597],[28.7544,38.3678],[28.7574,38.3742],[28.7673,38.3816],[28.7884,38.4073],[28.7996,38.4165],[28.811,38.429],[28.8218,38.4449],[28.8264,38.4585],[28.826,38.4695],[28.8189,38.4849],[28.8157,38.4882],[28.8087,38.5019],[28.8102,38.5229],[28.8048,38.5332],[28.8037,38.5392],[28.8088,38.5436],[28.8081,38.5453],[28.8136,38.5557],[28.8137,38.5613],[28.8157,38.5655],[28.8221,38.5708],[28.8268,38.5792],[28.8223,38.5913],[28.8225,38.5947],[28.8266,38.5983],[28.8242,38.6008],[28.8283,38.6073],[28.8277,38.6135],[28.8365,38.6367],[28.8378,38.6488],[28.8571,38.6851],[28.8643,38.6938],[28.8718,38.6988],[28.9367,38.7048],[28.9656,38.7119],[28.9969,38.7211],[29.0294,38.7371],[29.0429,38.7481],[29.1356,38.8654],[29.1517,38.8597],[29.1649,38.8526],[29.1748,38.8461],[29.187,38.8458],[29.217,38.8123],[29.2471,38.7929],[29.2574,38.7914],[29.2734,38.7921],[29.2941,38.7996],[29.3087,38.8053],[29.3276,38.8161],[29.3378,38.83],[29.3752,38.8625],[29.3971,38.8715],[29.4095,38.8683],[29.4323,38.8586],[29.4445,38.8526],[29.4576,38.85],[29.4779,38.8508],[29.4965,38.8596],[29.5058,38.868],[29.5122,38.883],[29.5046,38.8934],[29.5073,38.8995],[29.5196,38.9047],[29.5568,38.9017],[29.5756,38.9092],[29.602,38.9183],[29.6109,38.9267],[29.6399,38.9354],[29.706,38.9177],[29.7495,38.9154],[29.7657,38.9188],[29.821,38.9078],[29.879,38.916],[29.9047,38.9111],[29.9184,38.8985],[29.9282,38.867],[29.9366,38.8419],[29.9516,38.832],[29.9929,38.8295],[30.0341,38.822]]]}},{"type":"Feature","properties":{"name":"Van","number":65},"geometry":{"type":"Polygon","coordinates":[[[43.0008,39.0188],[42.9966,39.0342],[42.9876,39.0484],[42.994,39.061],[42.9947,39.0701],[42.9989,39.0775],[43.0117,39.0922],[43.0365,39.1008],[43.0434,39.1129],[43.0612,39.1256],[43.0819,39.1338],[43.0808,39.1457],[43.1044,39.1591],[43.1183,39.1647],[43.1384,39.1712],[43.1482,39.1803],[43.1518,39.1879],[43.1528,39.2111],[43.1631,39.2364],[43.1767,39.2649],[43.1864,39.2838],[43.2162,39.3312],[43.2369,39.3373],[43.2468,39.3459],[43.2686,39.3534],[43.311,39.3658],[43.3264,39.3666],[43.3617,39.3606],[43.4032,39.3603],[43.4335,39.3555],[43.4695,39.3397],[43.4898,39.3301],[43.5127,39.3199],[43.5259,39.3037],[43.5559,39.2729],[43.5773,39.2492],[43.5911,39.2409],[43.6088,39.2261],[43.6265,39.2107],[43.6441,39.2003],[43.66,39.1995],[43.6858,39.2052],[43.7109,39.1985],[43.7345,39.2005],[43.7412,39.2156],[43.7557,39.2252],[43.7754,39.25],[43.822,39.2916],[43.8528,39.3199],[43.8806,39.3336],[43.9033,39.3439],[43.9098,39.3492],[43.963,39.369],[43.983,39.371],[44.0377,39.3613],[44.0447,39.3583],[44.0481,39.3584],[44.0565,39.3555],[44.0574,39.3436],[44.0618,39.3435],[44.0654,39.3396],[44.0717,39.3369],[44.0756,39.3318],[44.0777,39.3258],[44.0779,39.3199],[44.0796,39.3154],[44.0767,39.3079],[44.0791,39.3032],[44.0791,39.2976],[44.0822,39.2935],[44.0912,39.29],[44.0936,39.2909],[44.1014,39.2895],[44.1059,39.2827],[44.0998,39.2762],[44.0934,39.2751],[44.091,39.2689],[44.0913,39.2624],[44.0846,39.2565],[44.0864,39.2505],[44.0901,39.2468],[44.0991,39.2456],[44.103,39.2428],[44.1024,39.2314],[44.0987,39.2279],[44.1,39.224],[44.0967,39.2208],[44.0941,39.2155],[44.0977,39.2092],[44.0976,39.2041],[44.1081,39.2012],[44.11,39.1957],[44.1159,39.1887],[44.1212,39.1877],[44.1317,39.1831],[44.1358,39.1825],[44.1436,39.1856],[44.15,39.1821],[44.1664,39.1776],[44.183,39.165],[44.1845,39.1609],[44.1881,39.1599],[44.1904,39.1532],[44.1938,39.1514],[44.2007,39.143],[44.201,39.1402],[44.2069,39.138],[44.2136,39.1303],[44.2115,39.1269],[44.2095,39.1177],[44.2076,39.1141],[44.2098,39.1105],[44.2152,39.1081],[44.218,39.1037],[44.2214,39.1035],[44.226,39.0954],[44.221,39.0907],[44.2152,39.0901],[44.2092,39.0877],[44.2058,39.09],[44.2031,39.0875],[44.1976,39.0864],[44.1947,39.081],[44.1909,39.0766],[44.191,39.0737],[44.1944,39.0669],[44.2055,39.0555],[44.2004,39.0513],[44.1948,39.0439],[44.1954,39.0393],[44.2071,39.0276],[44.2115,39.0205],[44.2005,39.0158],[44.1916,39.0091],[44.1873,39.0114],[44.181,39.0107],[44.1772,39.0061],[44.1719,38.9924],[44.173,38.9883],[44.1808,38.9854],[44.1849,38.9822],[44.189,38.9819],[44.1885,38.9742],[44.1855,38.9664],[44.1813,38.9597],[44.1805,38.9558],[44.1841,38.9556],[44.1895,38.9522],[44.1993,38.9501],[44.1988,38.9442],[44.1927,38.9362],[44.1897,38.934],[44.1958,38.9308],[44.1967,38.926],[44.1995,38.9215],[44.2094,38.9216],[44.2149,38.9204],[44.2188,38.9168],[44.2202,38.9043],[44.2165,38.9035],[44.2101,38.8979],[44.2117,38.8902],[44.2193,38.8851],[44.2309,38.8811],[44.235,38.8764],[44.2415,38.8714],[44.2455,38.8702],[44.2439,38.8614],[44.2411,38.8584],[44.2453,38.8507],[44.2565,38.8475],[44.2707,38.8538],[44.2775,38.8542],[44.281,38.8513],[44.282,38.8478],[44.2897,38.8454],[44.2964,38.8411],[44.301,38.8408],[44.3004,38.8358],[44.295,38.8263],[44.3022,38.8242],[44.3082,38.8151],[44.3148,38.8088],[44.312,38.8053],[44.3045,38.804],[44.3009,38.7981],[44.3002,38.7915],[44.2886,38.7857],[44.2865,38.782],[44.2895,38.7804],[44.2913,38.775],[44.2894,38.7704],[44.2925,38.7642],[44.2877,38.7576],[44.2864,38.7525],[44.2779,38.7469],[44.2766,38.7426],[44.2801,38.7329],[44.2694,38.7222],[44.2645,38.7218],[44.263,38.7192],[44.2572,38.7199],[44.2546,38.7174],[44.2609,38.7147],[44.2608,38.7053],[44.2662,38.705],[44.2714,38.7026],[44.2695,38.6992],[44.2705,38.694],[44.2736,38.6888],[44.2718,38.6848],[44.2826,38.675],[44.2799,38.6689],[44.2815,38.6624],[44.2786,38.6567],[44.2729,38.6554],[44.2693,38.6509],[44.2727,38.6457],[44.2814,38.6415],[44.3015,38.6375],[44.3077,38.6353],[44.312,38.6301],[44.3213,38.6246],[44.3206,38.619],[44.322,38.6159],[44.3222,38.6092],[44.3187,38.6079],[44.3207,38.6006],[44.3179,38.5981],[44.3216,38.5941],[44.3228,38.5893],[44.3219,38.5852],[44.3246,38.5821],[44.3247,38.5771],[44.3172,38.574],[44.3154,38.5654],[44.3128,38.5617],[44.3133,38.5557],[44.3165,38.5519],[44.3136,38.5467],[44.313,38.539],[44.3101,38.5365],[44.3094,38.5308],[44.3129,38.5233],[44.3135,38.5161],[44.3195,38.5126],[44.3224,38.5047],[44.3255,38.5021],[44.3199,38.4967],[44.3195,38.4916],[44.3222,38.4892],[44.3227,38.4832],[44.3141,38.479],[44.3117,38.4762],[44.3133,38.4729],[44.3137,38.4661],[44.3099,38.459],[44.3089,38.4509],[44.3019,38.4472],[44.3053,38.441],[44.3125,38.4367],[44.3169,38.4331],[44.3176,38.4273],[44.3161,38.4189],[44.3183,38.4151],[44.3173,38.4118],[44.3197,38.4089],[44.3149,38.4057],[44.3116,38.4006],[44.311,38.3955],[44.3071,38.3959],[44.3037,38.3926],[44.3087,38.3864],[44.3096,38.3824],[44.3164,38.3743],[44.3289,38.3693],[44.3345,38.3691],[44.3425,38.3719],[44.3512,38.3692],[44.3557,38.3748],[44.3619,38.3753],[44.3646,38.3703],[44.3691,38.3689],[44.3725,38.363],[44.3764,38.3595],[44.3818,38.3586],[44.392,38.3645],[44.3998,38.3673],[44.4022,38.3659],[44.4098,38.367],[44.4161,38.3692],[44.4244,38.3741],[44.4287,38.3754],[44.4396,38.3835],[44.4494,38.3855],[44.4516,38.3786],[44.4577,38.3726],[44.4581,38.3694],[44.4626,38.3653],[44.4623,38.3598],[44.4675,38.3587],[44.4728,38.3556],[44.4771,38.3577],[44.4861,38.3584],[44.499,38.3509],[44.4933,38.3474],[44.4955,38.3437],[44.4989,38.3458],[44.5101,38.3452],[44.5125,38.3413],[44.5104,38.3353],[44.4976,38.3337],[44.4969,38.3301],[44.4992,38.3246],[44.4964,38.3173],[44.4987,38.3123],[44.4983,38.3089],[44.4926,38.3034],[44.4861,38.3022],[44.4779,38.3024],[44.4735,38.2953],[44.4684,38.2946],[44.4662,38.2923],[44.4584,38.2878],[44.4559,38.2844],[44.4505,38.2838],[44.4411,38.2778],[44.4347,38.2697],[44.4225,38.268],[44.4135,38.2611],[44.4132,38.2581],[44.4087,38.2543],[44.4018,38.251],[44.4022,38.2464],[44.399,38.2429],[44.3992,38.2371],[44.4053,38.2336],[44.4116,38.2188],[44.408,38.2159],[44.4066,38.2107],[44.4024,38.202],[44.398,38.1985],[44.4008,38.1937],[44.3969,38.1892],[44.4003,38.1832],[44.4002,38.1797],[44.3972,38.1716],[44.3912,38.1677],[44.3947,38.1601],[44.3917,38.152],[44.3927,38.1464],[44.385,38.1442],[44.3811,38.1394],[44.3738,38.1381],[44.3686,38.1357],[44.3613,38.1347],[44.3512,38.135],[44.3495,38.1317],[44.3596,38.1229],[44.3588,38.1143],[44.3648,38.1056],[44.3639,38.1036],[44.355,38.1051],[44.3485,38.104],[44.3392,38.0994],[44.3294,38.0984],[44.3288,38.096],[44.3314,38.0898],[44.3283,38.0828],[44.3282,38.0783],[44.3216,38.0786],[44.3172,38.0741],[44.3114,38.0729],[44.3124,38.0681],[44.3195,38.069],[44.3211,38.0633],[44.3025,38.0545],[44.3046,38.0484],[44.3089,38.0463],[44.3013,38.0325],[44.292,38.0273],[44.2878,38.022],[44.2818,38.021],[44.2745,38.0161],[44.2735,38.0122],[44.2702,38.0101],[44.2667,37.9991],[44.2684,37.9944],[44.2616,37.9886],[44.2608,37.984],[44.2544,37.9791],[44.2566,37.9767],[44.2509,37.9737],[44.2483,37.9692],[44.2436,37.9651],[44.2413,37.9612],[44.2406,37.9555],[44.2435,37.9519],[44.2487,37.951],[44.2512,37.9434],[44.246,37.9371],[44.2462,37.932],[44.2346,37.927],[44.2343,37.9199],[44.2298,37.9182],[44.2309,37.9124],[44.2265,37.9104],[44.2243,37.907],[44.2325,37.9002],[44.2293,37.8955],[44.2227,37.8882],[44.2247,37.8869],[44.2397,37.883],[44.2397,37.8807],[44.2442,37.8758],[44.2558,37.8728],[44.2579,37.8701],[44.268,37.8672],[44.2707,37.8692],[44.2845,37.8731],[44.2897,37.8709],[44.2916,37.8674],[44.2964,37.8672],[44.3099,37.8703],[44.317,37.8765],[44.3208,37.877],[44.3316,37.8749],[44.3376,37.87],[44.341,37.8698],[44.3516,37.8666],[44.3571,37.8633],[44.3652,37.8625],[44.3776,37.8641],[44.3874,37.8627],[44.3941,37.8573],[44.403,37.8522],[44.405,37.847],[44.4042,37.841],[44.3968,37.8379],[44.3936,37.8326],[44.3922,37.8279],[44.3933,37.8246],[44.3975,37.8206],[44.4066,37.8193],[44.4148,37.8156],[44.4154,37.8106],[44.4187,37.8055],[44.4216,37.8044],[44.3995,37.7974],[44.376,37.7852],[44.3507,37.7787],[44.3111,37.7773],[44.2904,37.7642],[44.2653,37.7576],[44.2504,37.7493],[44.2332,37.7368],[44.2119,37.7299],[44.1803,37.7289],[44.1574,37.7302],[44.1455,37.7337],[44.1321,37.7335],[44.121,37.7297],[44.1127,37.7234],[44.1028,37.7203],[44.0953,37.7201],[44.082,37.7396],[44.082,37.7581],[44.0806,37.7627],[44.0831,37.7698],[44.0865,37.7701],[44.0903,37.7774],[44.0891,37.7807],[44.081,37.7843],[44.0688,37.7927],[44.0683,37.7997],[44.0538,37.8106],[44.0378,37.8093],[44.013,37.8033],[43.9951,37.7941],[43.9677,37.7863],[43.953,37.7833],[43.9395,37.7795],[43.9034,37.7722],[43.8828,37.7653],[43.8739,37.7637],[43.8627,37.7601],[43.8531,37.7541],[43.8454,37.7517],[43.823,37.7519],[43.776,37.7616],[43.7185,37.7703],[43.6782,37.7728],[43.6247,37.7668],[43.5822,37.7551],[43.5345,37.7423],[43.4992,37.7418],[43.4387,37.7478],[43.361,37.755],[43.3073,37.7496],[43.2559,37.7404],[43.2382,37.739],[43.2111,37.7353],[43.1752,37.7376],[43.128,37.7425],[43.0778,37.7526],[43.0248,37.7547],[42.9677,37.7553],[42.9536,37.7568],[42.9355,37.7603],[42.9085,37.7698],[42.8845,37.7669],[42.8654,37.7994],[42.8393,37.8242],[42.8246,37.8501],[42.8179,37.8672],[42.8045,37.8917],[42.7883,37.903],[42.7888,37.9096],[42.787,37.9132],[42.781,37.9168],[42.7784,37.9203],[42.7796,37.9232],[42.7702,37.936],[42.764,37.9371],[42.756,37.9364],[42.7488,37.938],[42.7439,37.9442],[42.7453,37.9534],[42.7422,37.961],[42.736,37.9991],[42.7099,38.0194],[42.6833,38.0305],[42.6786,38.0387],[42.6767,38.0464],[42.68,38.0596],[42.6887,38.0768],[42.6904,38.0869],[42.6832,38.0945],[42.6721,38.0974],[42.6695,38.1027],[42.6636,38.1097],[42.67,38.1179],[42.6685,38.131],[42.6721,38.1439],[42.6857,38.1504],[42.6891,38.1568],[42.6967,38.166],[42.7007,38.173],[42.702,38.1806],[42.7217,38.1844],[42.7325,38.1893],[42.733,38.2012],[42.7404,38.2152],[42.7357,38.2243],[42.723,38.231],[42.7186,38.2379],[42.7089,38.2453],[42.7081,38.2501],[42.7037,38.2566],[42.685,38.2566],[42.6702,38.2675],[42.6685,38.2812],[42.6631,38.2913],[42.6622,38.3131],[42.6722,38.3155],[42.6843,38.3115],[42.6916,38.3153],[42.6958,38.3197],[42.7086,38.3228],[42.7139,38.3285],[42.7256,38.3221],[42.7354,38.3246],[42.7469,38.3229],[42.7562,38.3223],[42.7678,38.3196],[42.7744,38.3194],[42.7825,38.3225],[42.7846,38.3265],[42.79,38.3302],[42.79,38.3375],[42.7953,38.3482],[42.7946,38.3552],[42.7918,38.3596],[42.7851,38.3658],[42.7886,38.3767],[42.779,38.3953],[42.7771,38.4045],[42.7776,38.4115],[42.7624,38.4299],[42.7562,38.4403],[42.753,38.4676],[42.7899,38.4958],[42.8112,38.5052],[42.8573,38.5313],[42.8787,38.5466],[42.8835,38.5525],[42.8919,38.5652],[42.9064,38.5933],[42.927,38.6202],[42.9288,38.6238],[42.9439,38.64],[42.9524,38.6472],[42.9762,38.6761],[42.9846,38.683],[42.9992,38.7],[43.0021,38.7025],[43.0121,38.7166],[43.0264,38.7339],[43.0411,38.7452],[43.071,38.7608],[43.1039,38.7704],[43.1163,38.7744],[43.1346,38.7827],[43.1614,38.808],[43.1839,38.8291],[43.1877,38.8455],[43.1871,38.8535],[43.1882,38.8623],[43.1966,38.8815],[43.1991,38.8955],[43.1869,38.904],[43.1598,38.9159],[43.1149,38.918],[43.0836,38.9204],[43.0711,38.9383],[43.0604,38.9633],[43.0353,39.0016],[43.0191,39.0129],[43.0008,39.0188]]]}},{"type":"Feature","properties":{"name":"Yozgat","number":66},"geometry":{"type":"Polygon","coordinates":[[[35.34,40.2551],[35.3472,40.2366],[35.3624,40.233],[35.3694,40.2341],[35.3754,40.2399],[35.3915,40.2423],[35.4053,40.2407],[35.4087,40.2375],[35.4326,40.2427],[35.4602,40.2192],[35.491,40.2078],[35.4993,40.2005],[35.5028,40.1948],[35.5014,40.184],[35.5095,40.1756],[35.5061,40.1648],[35.4943,40.1542],[35.4947,40.1459],[35.4891,40.1399],[35.5136,40.1305],[35.5282,40.1303],[35.5371,40.1293],[35.5523,40.124],[35.5701,40.1193],[35.5929,40.1218],[35.6442,40.1137],[35.6496,40.1054],[35.6538,40.0957],[35.6681,40.0909],[35.6774,40.0787],[35.6993,40.0688],[35.7282,40.0661],[35.7596,40.0756],[35.7672,40.0963],[35.7786,40.0995],[35.8016,40.1018],[35.8148,40.101],[35.824,40.095],[35.8367,40.0935],[35.853,40.0973],[35.8913,40.1021],[35.9156,40.1065],[35.9275,40.1072],[35.9438,40.1015],[35.9867,40.1075],[36.0056,40.1074],[36.0192,40.1099],[36.025,40.1093],[36.0375,40.1046],[36.0455,40.0997],[36.0333,40.0909],[36.0273,40.0827],[35.9873,40.0759],[35.9439,40.0511],[35.942,40.0167],[35.9617,39.9965],[35.96,39.9793],[35.9769,39.9568],[35.978,39.9517],[35.9754,39.9478],[35.9778,39.9463],[35.9792,39.9407],[35.9835,39.9364],[35.9829,39.9299],[35.9863,39.9131],[36.0007,39.8915],[36.0305,39.8793],[36.0732,39.8657],[36.0767,39.8585],[36.0739,39.8529],[36.0752,39.8359],[36.0719,39.8284],[36.0613,39.8204],[36.0568,39.8112],[36.0495,39.7938],[36.0463,39.7821],[36.0499,39.7742],[36.0496,39.7671],[36.0626,39.7609],[36.0935,39.729],[36.1034,39.7226],[36.1188,39.7152],[36.1546,39.7114],[36.1683,39.6956],[36.1548,39.6747],[36.1432,39.6546],[36.1512,39.6261],[36.1548,39.603],[36.1392,39.5823],[36.1468,39.5676],[36.1435,39.555],[36.1294,39.5388],[36.1045,39.5221],[36.0852,39.5142],[36.0611,39.5083],[36.0197,39.5073],[35.9652,39.5359],[35.9419,39.5434],[35.9062,39.5414],[35.8825,39.5298],[35.868,39.513],[35.8628,39.4912],[35.8609,39.4801],[35.8676,39.4664],[35.8596,39.4592],[35.8697,39.4118],[35.8864,39.3931],[35.875,39.3847],[35.873,39.3658],[35.8565,39.3223],[35.8452,39.3154],[35.8262,39.3188],[35.8085,39.3062],[35.8004,39.3057],[35.7828,39.3002],[35.7801,39.3125],[35.7667,39.3073],[35.7739,39.3027],[35.7726,39.2968],[35.7743,39.289],[35.763,39.2796],[35.7589,39.2784],[35.7522,39.279],[35.7426,39.2738],[35.7394,39.2611],[35.7469,39.2556],[35.7453,39.2532],[35.7476,39.2462],[35.7482,39.2336],[35.7409,39.2304],[35.7304,39.2221],[35.7143,39.2227],[35.709,39.2202],[35.683,39.2217],[35.68,39.2209],[35.6707,39.2239],[35.6638,39.2288],[35.6564,39.2231],[35.6401,39.2193],[35.6363,39.2178],[35.6367,39.2128],[35.6335,39.2093],[35.6329,39.2033],[35.6276,39.202],[35.6209,39.1939],[35.6101,39.1883],[35.6024,39.1931],[35.5959,39.1926],[35.5937,39.1893],[35.5882,39.1875],[35.5786,39.1892],[35.5754,39.1907],[35.5711,39.189],[35.567,39.1902],[35.5593,39.189],[35.5559,39.1901],[35.5487,39.1888],[35.5433,39.1913],[35.5345,39.1875],[35.5303,39.1841],[35.5214,39.1885],[35.5136,39.1935],[35.5136,39.1955],[35.506,39.1964],[35.5038,39.1933],[35.505,39.1901],[35.5014,39.1851],[35.4928,39.1834],[35.4893,39.1877],[35.4849,39.1818],[35.4805,39.1841],[35.4743,39.1817],[35.4729,39.1779],[35.4672,39.1757],[35.4624,39.1646],[35.4535,39.1579],[35.4506,39.1536],[35.4507,39.1506],[35.4432,39.1523],[35.4403,39.1508],[35.4348,39.1417],[35.4328,39.1398],[35.4345,39.1307],[35.4317,39.1257],[35.4349,39.1196],[35.4348,39.1103],[35.4404,39.1107],[35.4498,39.1094],[35.4512,39.1077],[35.4581,39.1103],[35.4609,39.1073],[35.4588,39.1008],[35.4564,39.1],[35.4531,39.0914],[35.4575,39.0895],[35.4689,39.0901],[35.4673,39.0846],[35.4706,39.0833],[35.473,39.0777],[35.4735,39.0732],[35.4764,39.0682],[35.4778,39.0617],[35.4739,39.0597],[35.4746,39.0556],[35.471,39.0528],[35.4607,39.0543],[35.4564,39.056],[35.451,39.0492],[35.4495,39.0562],[35.4464,39.0542],[35.4411,39.0546],[35.4388,39.0584],[35.4261,39.0585],[35.4191,39.0574],[35.4158,39.0602],[35.4104,39.0577],[35.4075,39.0514],[35.3982,39.05],[35.3921,39.0455],[35.3862,39.0441],[35.3856,39.0404],[35.3774,39.0363],[35.3698,39.0277],[35.3691,39.0246],[35.3746,39.02],[35.3984,39.0137],[35.4025,39.014],[35.4137,39.0071],[35.4164,39.0019],[35.4366,38.9904],[35.4247,38.9893],[35.4213,38.9905],[35.4107,38.9917],[35.4037,38.995],[35.4016,38.9943],[35.3993,38.9884],[35.3925,38.986],[35.3751,38.9901],[35.37,38.9942],[35.369,39.0065],[35.3561,39.015],[35.3521,39.0156],[35.3407,39.0083],[35.3278,39.0053],[35.3253,39.0056],[35.3102,38.9988],[35.3061,38.9993],[35.296,38.9964],[35.2927,38.9914],[35.2855,38.9891],[35.2832,38.9872],[35.2769,38.9923],[35.2765,38.9957],[35.2713,38.9967],[35.2658,38.9952],[35.261,38.9975],[35.255,38.9979],[35.2431,39.0005],[35.2369,38.9959],[35.2295,38.9958],[35.2232,38.9945],[35.2217,38.999],[35.2255,39.0021],[35.2155,39.0055],[35.209,39.0044],[35.2093,39.0073],[35.2038,39.0108],[35.196,39.0105],[35.1959,39.0154],[35.1848,39.013],[35.1766,39.0198],[35.1727,39.0177],[35.1689,39.0221],[35.1606,39.0127],[35.1575,39.0159],[35.1526,39.0147],[35.1534,39.0121],[35.1485,39.0097],[35.1465,39.0146],[35.1419,39.0174],[35.1381,39.0162],[35.1316,39.0192],[35.1238,39.0191],[35.1204,39.0219],[35.1195,39.0257],[35.1118,39.0272],[35.1102,39.03],[35.0974,39.031],[35.0915,39.0291],[35.0915,39.0351],[35.0859,39.0354],[35.0804,39.041],[35.0782,39.0409],[35.0721,39.0458],[35.0716,39.0484],[35.0657,39.0476],[35.0692,39.0423],[35.0649,39.039],[35.0582,39.0375],[35.051,39.0327],[35.0441,39.0337],[35.0446,39.0451],[35.0439,39.0489],[35.04,39.0577],[35.0373,39.0595],[35.0335,39.0584],[35.0276,39.0514],[35.0238,39.0535],[35.0236,39.0607],[35.0208,39.0608],[35.0163,39.0656],[35.0161,39.0755],[35.004,39.0852],[35.007,39.0931],[35.0085,39.1006],[35.0085,39.1064],[35.0067,39.1094],[35.0061,39.1153],[35.01,39.117],[35.0143,39.1234],[35.0086,39.1279],[35.0115,39.1306],[35.0085,39.1405],[35.0032,39.138],[34.9907,39.1412],[34.9848,39.1407],[34.9813,39.139],[34.9709,39.1443],[34.9655,39.1436],[34.9607,39.1462],[34.9509,39.1397],[34.9533,39.1473],[34.9442,39.1464],[34.9496,39.1532],[34.9461,39.1587],[34.9467,39.164],[34.9366,39.1711],[34.9294,39.1724],[34.933,39.1775],[34.939,39.1775],[34.9438,39.1821],[34.9506,39.184],[34.9534,39.1951],[34.9562,39.1981],[34.954,39.2077],[34.9681,39.2146],[34.9636,39.2252],[34.9657,39.2341],[34.9653,39.2456],[34.9605,39.2491],[34.9393,39.2472],[34.9231,39.2482],[34.9183,39.2587],[34.9228,39.271],[34.9278,39.2781],[34.9344,39.2853],[34.9415,39.2982],[34.9416,39.3026],[34.952,39.3084],[34.9518,39.3133],[34.9467,39.3141],[34.9404,39.3098],[34.9351,39.3087],[34.9203,39.3233],[34.9148,39.3321],[34.9118,39.3386],[34.913,39.3488],[34.921,39.3533],[34.924,39.3601],[34.9225,39.3725],[34.9107,39.374],[34.9039,39.3726],[34.9019,39.3677],[34.8968,39.3634],[34.897,39.3557],[34.8929,39.3546],[34.8916,39.3513],[34.8772,39.357],[34.8743,39.3548],[34.8693,39.356],[34.8684,39.3517],[34.8631,39.3491],[34.8595,39.3426],[34.8628,39.3389],[34.8581,39.3356],[34.8517,39.3345],[34.8508,39.33],[34.8529,39.3241],[34.8564,39.3203],[34.8073,39.3153],[34.7978,39.315],[34.7899,39.3074],[34.7846,39.3058],[34.7746,39.3045],[34.77,39.3068],[34.7705,39.3116],[34.7653,39.3133],[34.7625,39.3187],[34.7558,39.3215],[34.7509,39.33],[34.7425,39.3379],[34.735,39.3388],[34.7092,39.3586],[34.7059,39.3651],[34.6929,39.3668],[34.682,39.372],[34.6818,39.3757],[34.6715,39.3836],[34.671,39.388],[34.6626,39.3915],[34.6623,39.4036],[34.6367,39.4146],[34.6067,39.4081],[34.5981,39.4183],[34.5969,39.4272],[34.5629,39.4401],[34.4977,39.4674],[34.4943,39.4963],[34.4967,39.5139],[34.4948,39.5213],[34.4958,39.53],[34.4941,39.5371],[34.4981,39.5428],[34.4996,39.5531],[34.4992,39.5638],[34.4979,39.5687],[34.4954,39.5697],[34.4833,39.5677],[34.477,39.5738],[34.4792,39.5772],[34.4775,39.5805],[34.4773,39.6011],[34.4664,39.6044],[34.4555,39.6144],[34.4536,39.6175],[34.4269,39.6377],[34.4261,39.6452],[34.4359,39.6468],[34.4478,39.6473],[34.4662,39.654],[34.4689,39.6566],[34.4664,39.6604],[34.4682,39.6652],[34.4683,39.6755],[34.4639,39.6785],[34.4556,39.6783],[34.4506,39.6798],[34.4469,39.6784],[34.4448,39.6735],[34.4386,39.6802],[34.4308,39.6826],[34.4255,39.6821],[34.4225,39.6856],[34.4133,39.688],[34.406,39.6886],[34.4069,39.6924],[34.3954,39.6923],[34.3886,39.6988],[34.3834,39.6977],[34.3814,39.7011],[34.3768,39.7028],[34.3759,39.6991],[34.3726,39.6972],[34.3641,39.6976],[34.3595,39.6948],[34.3566,39.6985],[34.3388,39.698],[34.3362,39.6949],[34.3328,39.6965],[34.3279,39.6961],[34.3161,39.6975],[34.3137,39.699],[34.3057,39.7002],[34.3023,39.6976],[34.2966,39.6984],[34.2924,39.6952],[34.289,39.7004],[34.2858,39.7026],[34.283,39.7078],[34.278,39.7077],[34.2709,39.7129],[34.2654,39.7121],[34.2583,39.7134],[34.2547,39.7162],[34.2511,39.7162],[34.2449,39.7226],[34.2451,39.7259],[34.2389,39.7298],[34.2409,39.7322],[34.2377,39.7358],[34.2333,39.7353],[34.2288,39.7384],[34.2298,39.7409],[34.2261,39.7466],[34.2286,39.7497],[34.2228,39.7507],[34.216,39.7544],[34.2098,39.7512],[34.2059,39.7555],[34.207,39.763],[34.2009,39.7652],[34.199,39.7686],[34.2057,39.7729],[34.2017,39.7751],[34.2,39.7804],[34.1844,39.7879],[34.1855,39.793],[34.1815,39.7976],[34.1762,39.7965],[34.1701,39.7975],[34.1696,39.7936],[34.1579,39.7988],[34.1559,39.7977],[34.1559,39.792],[34.1439,39.79],[34.1326,39.7917],[34.1302,39.7935],[34.1252,39.7933],[34.1244,39.7897],[34.1178,39.793],[34.1144,39.7924],[34.1108,39.7976],[34.1047,39.7965],[34.1033,39.803],[34.0975,39.8038],[34.0973,39.8069],[34.0908,39.8128],[34.0607,39.8352],[34.0642,39.8455],[34.0708,39.8458],[34.0693,39.8565],[34.0642,39.8586],[34.0859,39.8675],[34.0946,39.8764],[34.0948,39.886],[34.1005,39.9017],[34.0952,39.9088],[34.1187,39.9204],[34.1668,39.9379],[34.1847,39.9512],[34.19,39.9657],[34.1971,39.973],[34.2081,39.9776],[34.2178,39.9732],[34.2369,39.9583],[34.2498,39.9452],[34.279,39.9421],[34.2861,39.9449],[34.3207,39.9394],[34.3588,39.9433],[34.36,39.9507],[34.3687,39.9544],[34.3804,39.955],[34.3911,39.9656],[34.4046,39.983],[34.413,39.9952],[34.4261,39.9955],[34.4635,39.9923],[34.4697,39.9868],[34.4881,39.9796],[34.5097,39.9835],[34.5298,39.9784],[34.5414,39.9596],[34.5417,39.9518],[34.549,39.9498],[34.5599,39.9485],[34.5844,39.9436],[34.5995,39.9476],[34.6036,39.9506],[34.6199,39.9538],[34.6344,39.9628],[34.6382,39.988],[34.6448,40.0004],[34.6582,40.0109],[34.683,40.0176],[34.7073,40.0067],[34.7548,40.0068],[34.7765,39.998],[34.7965,39.9938],[34.8092,39.9963],[34.834,40.0042],[34.8445,40.0181],[34.855,40.0335],[34.87,40.0453],[34.8768,40.0491],[34.8948,40.0383],[34.8987,40.0308],[34.8909,40.0166],[34.8884,40.0057],[34.8886,39.9971],[34.8976,39.9885],[34.9183,39.9872],[34.9444,40.0013],[34.968,40.0028],[35.0054,40.0003],[35.0188,40.0019],[35.03,40.0057],[35.0414,40.0062],[35.0584,40.0032],[35.0698,40.0045],[35.0806,40.0185],[35.1058,40.0261],[35.153,40.0199],[35.1661,40.0283],[35.1895,40.0554],[35.1951,40.069],[35.1955,40.0816],[35.1855,40.0877],[35.1727,40.0889],[35.1517,40.092],[35.143,40.0986],[35.1465,40.1073],[35.1587,40.1127],[35.1753,40.1235],[35.1771,40.1343],[35.1847,40.1396],[35.2027,40.1432],[35.2013,40.152],[35.1956,40.1529],[35.1773,40.1469],[35.1633,40.1482],[35.1559,40.151],[35.1553,40.1633],[35.1578,40.1703],[35.157,40.1834],[35.1447,40.1947],[35.1367,40.2057],[35.1361,40.2117],[35.1395,40.2186],[35.1482,40.2309],[35.1573,40.2395],[35.1722,40.2391],[35.1791,40.235],[35.1807,40.2316],[35.1806,40.2254],[35.1875,40.2156],[35.1922,40.2043],[35.2053,40.1984],[35.2306,40.1977],[35.2427,40.1931],[35.2498,40.1982],[35.2683,40.2141],[35.2846,40.2267],[35.34,40.2551]]]}},{"type":"Feature","properties":{"name":"Zonguldak","number":67},"geometry":{"type":"Polygon","coordinates":[[[32.0951,41.5896],[32.1096,41.5762],[32.1191,41.5626],[32.131,41.554],[32.1505,41.5495],[32.1562,41.5459],[32.1589,41.5386],[32.1576,41.5295],[32.1589,41.5232],[32.1618,41.5199],[32.1684,41.5157],[32.1745,41.5158],[32.1798,41.5225],[32.1806,41.5271],[32.1902,41.5346],[32.2047,41.5404],[32.2151,41.5421],[32.2216,41.5396],[32.2255,41.5291],[32.2238,41.5163],[32.2344,41.4987],[32.2338,41.4817],[32.2364,41.4723],[32.2473,41.4553],[32.2508,41.4523],[32.2597,41.4477],[32.2693,41.4378],[32.2884,41.4253],[32.2832,41.4198],[32.2767,41.4165],[32.2743,41.4108],[32.2742,41.4053],[32.2799,41.3932],[32.2947,41.3842],[32.2898,41.3682],[32.2843,41.352],[32.2796,41.3426],[32.2811,41.3392],[32.2797,41.3324],[32.2841,41.3203],[32.2791,41.3081],[32.2729,41.3025],[32.2579,41.2923],[32.2419,41.2863],[32.2401,41.2798],[32.2459,41.2711],[32.249,41.2557],[32.2419,41.2512],[32.2162,41.2538],[32.1936,41.251],[32.1744,41.2474],[32.1599,41.2394],[32.1453,41.2292],[32.1285,41.2186],[32.1204,41.2088],[32.1023,41.1808],[32.0986,41.1722],[32.0964,41.1639],[32.0897,41.1603],[32.0665,41.1618],[32.0611,41.1617],[32.0573,41.1573],[32.0533,41.1411],[32.0459,41.1274],[32.0332,41.1185],[32.0241,41.1079],[31.9919,41.0846],[31.9801,41.0727],[31.9738,41.0574],[31.9809,41.0463],[31.9625,41.0443],[31.9436,41.0355],[31.927,41.0119],[31.9013,41.0118],[31.8937,41.007],[31.885,41.0083],[31.8536,41.0083],[31.8337,41.0123],[31.8075,41.0187],[31.8001,41.0243],[31.7903,41.0296],[31.7814,41.0293],[31.7544,41.0329],[31.7044,41.0418],[31.6554,41.0488],[31.6323,41.051],[31.614,41.0499],[31.5987,41.0478],[31.5707,41.0463],[31.5387,41.0399],[31.5135,41.0374],[31.4663,41.0307],[31.4406,41.0286],[31.4222,41.0258],[31.3926,41.0201],[31.3794,41.0235],[31.3613,41.0218],[31.3362,41.024],[31.3231,41.0228],[31.3275,41.0467],[31.32,41.0613],[31.3123,41.0738],[31.3074,41.087],[31.307,41.0949],[31.3087,41.1019],[31.3013,41.1053],[31.2957,41.1142],[31.293,41.1158],[31.3089,41.1213],[31.3253,41.1292],[31.3399,41.137],[31.3425,41.1393],[31.3457,41.1455],[31.3451,41.1534],[31.3606,41.1643],[31.367,41.1701],[31.3764,41.1754],[31.3825,41.1802],[31.3832,41.1879],[31.394,41.1983],[31.3982,41.201],[31.4061,41.2085],[31.4095,41.2131],[31.4098,41.2199],[31.4034,41.2232],[31.3988,41.2341],[31.4035,41.2365],[31.4027,41.2459],[31.4058,41.248],[31.4025,41.2516],[31.4043,41.2616],[31.4065,41.2637],[31.4137,41.2654],[31.4179,41.2625],[31.4209,41.2693],[31.4206,41.2756],[31.4188,41.2799],[31.4064,41.2896],[31.3996,41.287],[31.3966,41.2872],[31.3928,41.2931],[31.3928,41.3024],[31.3981,41.3099],[31.3985,41.3139],[31.4039,41.3173],[31.4105,41.3148],[31.4223,41.3161],[31.4279,41.3189],[31.4275,41.3215],[31.432,41.3251],[31.4391,41.3266],[31.4466,41.3262],[31.4564,41.3284],[31.4597,41.3265],[31.467,41.3279],[31.4687,41.3334],[31.4723,41.3379],[31.4786,41.3399],[31.48,41.3422],[31.4874,41.3475],[31.4876,41.3493],[31.4949,41.3507],[31.5026,41.3552],[31.5118,41.3563],[31.5314,41.3643],[31.5368,41.3651],[31.5428,41.3629],[31.5512,41.3655],[31.5596,41.372],[31.5631,41.371],[31.5705,41.3724],[31.5756,41.3719],[31.5854,41.3732],[31.5878,41.3717],[31.5938,41.375],[31.5932,41.378],[31.6053,41.3764],[31.6113,41.3798],[31.6206,41.3823],[31.6235,41.3865],[31.6289,41.3902],[31.6402,41.3952],[31.6406,41.3976],[31.6528,41.4004],[31.6623,41.4053],[31.6726,41.4079],[31.674,41.4099],[31.6831,41.4092],[31.6919,41.4153],[31.6983,41.4185],[31.7031,41.4189],[31.7051,41.4222],[31.7205,41.4244],[31.7221,41.4306],[31.7335,41.4364],[31.7445,41.4385],[31.7515,41.4417],[31.7523,41.4515],[31.7558,41.4547],[31.7656,41.4561],[31.7767,41.4539],[31.7808,41.4558],[31.7869,41.4528],[31.7878,41.4559],[31.7869,41.4645],[31.7968,41.4658],[31.8031,41.4715],[31.8016,41.4736],[31.8141,41.4761],[31.8301,41.4858],[31.8307,41.4908],[31.8424,41.4956],[31.8444,41.4995],[31.8615,41.5048],[31.8769,41.5126],[31.8827,41.514],[31.8869,41.5165],[31.8973,41.5191],[31.9039,41.5227],[31.9098,41.5241],[31.9095,41.5277],[31.9212,41.5284],[31.9435,41.5342],[31.9577,41.5369],[31.9655,41.5417],[31.9882,41.5454],[32.0022,41.5492],[32.0228,41.5639],[32.0282,41.5696],[32.029,41.5743],[32.0447,41.5784],[32.0464,41.5804],[32.0653,41.585],[32.0951,41.5896]]]}},{"type":"Feature","properties":{"name":"Aksaray","number":68},"geometry":{"type":"Polygon","coordinates":[[[33.3237,38.6619],[33.4422,38.6659],[33.5552,38.6757],[33.6169,38.6908],[33.6239,38.6947],[33.6436,38.6888],[33.6532,38.6924],[33.6541,38.7033],[33.66,38.7053],[33.6631,38.7078],[33.6683,38.7071],[33.6703,38.7111],[33.6862,38.7167],[33.6891,38.7191],[33.6967,38.7223],[33.7017,38.7225],[33.7076,38.7295],[33.7144,38.7349],[33.7189,38.7373],[33.7252,38.7371],[33.7293,38.7414],[33.7346,38.7405],[33.7323,38.7456],[33.7397,38.7499],[33.738,38.7553],[33.7398,38.7592],[33.7467,38.7609],[33.7517,38.7641],[33.7491,38.7691],[33.7543,38.7715],[33.755,38.7756],[33.7592,38.7794],[33.765,38.7875],[33.7695,38.7876],[33.7706,38.7906],[33.7773,38.7968],[33.7766,38.7995],[33.7709,38.8048],[33.7725,38.8065],[33.7668,38.8097],[33.7671,38.8215],[33.7689,38.8235],[33.7752,38.8243],[33.7773,38.8275],[33.7822,38.8288],[33.7854,38.8352],[33.7818,38.8359],[33.7779,38.841],[33.7827,38.8457],[33.7826,38.8477],[33.7987,38.8576],[33.7995,38.8737],[33.8029,38.882],[33.7995,38.8861],[33.7959,38.8857],[33.7886,38.8939],[33.7856,38.8999],[33.7872,38.9077],[33.7864,38.9101],[33.7758,38.914],[33.7703,38.9143],[33.7597,38.9233],[33.7521,38.9223],[33.7481,38.9198],[33.7429,38.9215],[33.7378,38.9266],[33.7436,38.9332],[33.7444,38.936],[33.7367,38.944],[33.7329,38.9513],[33.7388,38.9557],[33.7368,38.9612],[33.7328,38.9623],[33.7291,38.9601],[33.7243,38.9614],[33.724,38.9653],[33.7274,38.9663],[33.728,38.9713],[33.7261,38.9756],[33.7205,38.9777],[33.7214,38.9814],[33.7284,38.9841],[33.7301,38.9864],[33.7403,38.9875],[33.7488,38.9838],[33.7538,38.9828],[33.7591,38.9864],[33.7667,38.9854],[33.7788,38.9812],[33.7842,38.975],[33.7915,38.9778],[33.7954,38.978],[33.811,38.9832],[33.8116,38.9858],[33.8193,38.9932],[33.8211,39.0005],[33.8286,39.0021],[33.8287,39.0069],[33.8342,39.0086],[33.8347,39.0135],[33.8387,39.0125],[33.8416,39.0153],[33.8429,39.0221],[33.8478,39.0248],[33.8574,39.0247],[33.8654,39.0256],[33.8696,39.0295],[33.8852,39.0279],[33.898,39.0382],[33.9479,39.0509],[33.9605,39.0467],[33.9598,39.0341],[33.9698,39.0314],[34.0082,39.0392],[34.0049,39.0274],[33.9779,38.9976],[33.9804,38.9937],[33.981,38.9895],[33.972,38.979],[33.9692,38.9745],[33.9878,38.967],[34.0069,38.968],[34.0355,38.9609],[34.0441,38.954],[34.0514,38.946],[34.0572,38.9353],[34.0612,38.9234],[34.0706,38.903],[34.0716,38.895],[34.0746,38.8816],[34.0804,38.8756],[34.1179,38.8574],[34.1304,38.8483],[34.1527,38.8312],[34.1675,38.823],[34.1791,38.8199],[34.199,38.8215],[34.2243,38.825],[34.2412,38.8325],[34.2475,38.8208],[34.2537,38.8247],[34.2577,38.8184],[34.2632,38.8165],[34.2659,38.8192],[34.2827,38.8127],[34.2932,38.8143],[34.2924,38.807],[34.2895,38.8018],[34.2929,38.799],[34.2889,38.7946],[34.2921,38.7907],[34.2903,38.7863],[34.2795,38.781],[34.2772,38.7738],[34.271,38.7694],[34.2646,38.752],[34.2665,38.7489],[34.2808,38.747],[34.2775,38.7426],[34.2868,38.7159],[34.2896,38.7125],[34.2879,38.705],[34.2886,38.6994],[34.282,38.6765],[34.2667,38.6654],[34.2612,38.6672],[34.2511,38.6571],[34.2528,38.6545],[34.2469,38.651],[34.2441,38.6513],[34.2441,38.6459],[34.2476,38.6447],[34.2398,38.6393],[34.2414,38.6366],[34.2403,38.6263],[34.2501,38.622],[34.2552,38.6234],[34.2743,38.621],[34.2791,38.6158],[34.286,38.6165],[34.295,38.6119],[34.2946,38.609],[34.2978,38.5992],[34.3119,38.598],[34.3206,38.5939],[34.3436,38.5937],[34.3454,38.5915],[34.3506,38.5947],[34.3569,38.5936],[34.3667,38.5879],[34.3725,38.583],[34.39,38.5724],[34.408,38.5585],[34.4182,38.5498],[34.4249,38.5418],[34.4285,38.5422],[34.4286,38.5374],[34.4204,38.5313],[34.4222,38.5257],[34.4196,38.5227],[34.4223,38.5206],[34.4167,38.5172],[34.4237,38.5083],[34.4263,38.4923],[34.4382,38.4891],[34.4403,38.4812],[34.4344,38.4786],[34.4317,38.4651],[34.4358,38.4633],[34.4416,38.455],[34.4425,38.4494],[34.4392,38.4457],[34.4466,38.4438],[34.447,38.4408],[34.4604,38.4385],[34.4595,38.4339],[34.4622,38.4284],[34.4576,38.4272],[34.4653,38.4203],[34.4645,38.4165],[34.4717,38.413],[34.4715,38.4084],[34.4742,38.4039],[34.4815,38.4044],[34.4842,38.3988],[34.4929,38.3946],[34.5006,38.3866],[34.4852,38.3736],[34.4696,38.3666],[34.4693,38.3515],[34.4476,38.3432],[34.4466,38.341],[34.439,38.3395],[34.4388,38.3332],[34.4337,38.3255],[34.4262,38.3187],[34.4216,38.3131],[34.4217,38.3046],[34.4207,38.2988],[34.4321,38.2937],[34.4354,38.2852],[34.4347,38.277],[34.4374,38.2625],[34.4348,38.2498],[34.4369,38.2339],[34.4279,38.2246],[34.3804,38.2267],[34.3633,38.2267],[34.3439,38.2161],[34.3297,38.2045],[34.3202,38.1946],[34.3118,38.179],[34.2892,38.1469],[34.2833,38.1305],[34.275,38.1135],[34.2395,38.1131],[34.2065,38.1187],[34.1891,38.1222],[34.1763,38.1257],[34.166,38.1266],[34.1607,38.1233],[34.1576,38.118],[34.1549,38.1078],[34.1487,38.0922],[34.1398,38.0849],[34.1269,38.0786],[34.1122,38.0798],[34.1042,38.0758],[34.1004,38.0695],[34.09,38.0635],[34.0607,38.0614],[34.0387,38.069],[34.018,38.0728],[33.9975,38.0815],[33.9881,38.1041],[33.9811,38.1145],[33.9699,38.1217],[33.9521,38.1253],[33.9135,38.1236],[33.87,38.1202],[33.8493,38.1151],[33.8418,38.1075],[33.8337,38.0915],[33.8158,38.0794],[33.794,38.0733],[33.779,38.0708],[33.7629,38.0762],[33.7435,38.0868],[33.729,38.0984],[33.7025,38.1035],[33.6826,38.1018],[33.6014,38.0875],[33.57,38.0754],[33.5527,38.0635],[33.5468,38.0552],[33.5568,38.032],[33.5747,38.0162],[33.58,38.0045],[33.5729,37.9933],[33.5377,37.9881],[33.5007,37.9812],[33.4518,37.9799],[33.4314,37.9846],[33.4227,37.9828],[33.4102,37.9941],[33.3974,38.0292],[33.3832,38.0357],[33.3698,38.0433],[33.3518,38.0458],[33.3364,38.0491],[33.3217,38.0387],[33.3156,38.0239],[33.3051,38.0105],[33.2962,38.0093],[33.2892,38.0203],[33.2892,38.0329],[33.3096,38.0621],[33.3161,38.0788],[33.3143,38.094],[33.3051,38.1031],[33.2881,38.1259],[33.2871,38.1384],[33.2909,38.1601],[33.2915,38.1721],[33.2869,38.1886],[33.2716,38.2081],[33.2677,38.2219],[33.2688,38.2437],[33.2628,38.2527],[33.2466,38.2556],[33.2104,38.2455],[33.2021,38.2437],[33.1939,38.2481],[33.1827,38.2555],[33.1712,38.2729],[33.1719,38.284],[33.1788,38.2973],[33.2032,38.3125],[33.2089,38.3199],[33.2106,38.345],[33.2177,38.3586],[33.2248,38.3746],[33.2324,38.3848],[33.2401,38.4249],[33.2528,38.448],[33.2762,38.4691],[33.2922,38.4865],[33.3093,38.5078],[33.3173,38.5329],[33.3208,38.56],[33.3241,38.606],[33.3237,38.6619]]]}},{"type":"Feature","properties":{"name":"Bayburt","number":69},"geometry":{"type":"Polygon","coordinates":[[[40.1033,40.5415],[40.1166,40.5382],[40.1272,40.5375],[40.1385,40.5434],[40.1411,40.5474],[40.1502,40.5489],[40.1576,40.5581],[40.1678,40.5575],[40.179,40.5636],[40.183,40.5684],[40.1879,40.5628],[40.1911,40.5626],[40.201,40.5538],[40.2062,40.5506],[40.2141,40.551],[40.2224,40.554],[40.2347,40.556],[40.2427,40.5586],[40.2443,40.5555],[40.2517,40.5478],[40.2549,40.5196],[40.2773,40.5146],[40.2991,40.5183],[40.3105,40.5196],[40.3255,40.5206],[40.3286,40.5194],[40.339,40.5206],[40.3498,40.5202],[40.3585,40.5181],[40.3685,40.5222],[40.3784,40.5218],[40.3884,40.5181],[40.3923,40.5152],[40.4023,40.5165],[40.4096,40.5135],[40.4136,40.5164],[40.4221,40.5197],[40.4399,40.519],[40.4501,40.518],[40.4541,40.5197],[40.4593,40.517],[40.4635,40.5258],[40.4762,40.5285],[40.4782,40.5252],[40.4834,40.5213],[40.4956,40.5199],[40.5046,40.516],[40.5165,40.5185],[40.5174,40.5259],[40.52,40.5289],[40.5286,40.5319],[40.535,40.5318],[40.5462,40.5409],[40.5493,40.5479],[40.555,40.5499],[40.5626,40.5548],[40.5739,40.5555],[40.5747,40.5435],[40.5768,40.5365],[40.5858,40.5268],[40.5865,40.5203],[40.5948,40.5137],[40.5841,40.5061],[40.5775,40.4967],[40.5704,40.497],[40.569,40.4928],[40.565,40.489],[40.5619,40.4757],[40.5546,40.4535],[40.5468,40.4376],[40.5551,40.4271],[40.555,40.4195],[40.5442,40.4114],[40.5397,40.4072],[40.54,40.4017],[40.5756,40.4047],[40.5832,40.3968],[40.5787,40.3915],[40.5915,40.3832],[40.5995,40.3821],[40.6053,40.3759],[40.6003,40.369],[40.5989,40.363],[40.5918,40.3609],[40.5776,40.3547],[40.5621,40.3539],[40.5448,40.3649],[40.5352,40.3667],[40.5232,40.3649],[40.5127,40.3668],[40.5038,40.3741],[40.4839,40.3621],[40.4906,40.3561],[40.4884,40.3508],[40.5015,40.3464],[40.4946,40.3391],[40.5091,40.3339],[40.5109,40.3262],[40.5264,40.3152],[40.5376,40.2995],[40.5182,40.2802],[40.4997,40.272],[40.5261,40.2663],[40.5306,40.2599],[40.5433,40.2525],[40.5587,40.2587],[40.5835,40.259],[40.5912,40.2505],[40.5975,40.2363],[40.621,40.2199],[40.6398,40.2125],[40.6781,40.2275],[40.6937,40.2269],[40.6935,40.2163],[40.6967,40.2135],[40.6896,40.2081],[40.6935,40.2023],[40.6893,40.1982],[40.6827,40.1974],[40.6773,40.1909],[40.6717,40.1916],[40.6675,40.1879],[40.6749,40.1781],[40.6827,40.1763],[40.6893,40.1716],[40.7043,40.1632],[40.7111,40.1527],[40.6943,40.1473],[40.6892,40.1481],[40.6693,40.141],[40.6639,40.1366],[40.6637,40.1293],[40.6571,40.1284],[40.6494,40.1236],[40.6491,40.1113],[40.6446,40.1109],[40.6392,40.1142],[40.636,40.1138],[40.6338,40.1096],[40.6275,40.1094],[40.622,40.1062],[40.5933,40.105],[40.5778,40.0997],[40.5703,40.1008],[40.5421,40.0953],[40.5193,40.0849],[40.5075,40.0756],[40.5067,40.0537],[40.5074,40.0504],[40.503,40.0486],[40.4999,40.0445],[40.4894,40.0342],[40.4766,40.029],[40.4526,40.0251],[40.4284,40.0258],[40.3971,40.0322],[40.3713,40.0447],[40.3507,40.0476],[40.3008,40.0387],[40.3011,40.0323],[40.244,40.0257],[40.2183,40.0318],[40.1741,40.0378],[40.1406,40.0289],[40.1175,40.0466],[40.1125,40.0761],[40.096,40.083],[40.0614,40.0831],[40.0416,40.0759],[40.0208,40.0634],[39.9666,40.0509],[39.9494,40.041],[39.9179,40.0364],[39.8942,40.0201],[39.8836,40.0108],[39.8762,39.9993],[39.8644,39.9862],[39.8516,39.9755],[39.8476,39.962],[39.8385,39.9616],[39.8289,39.9555],[39.8103,39.9417],[39.8047,39.9307],[39.7539,39.9688],[39.7393,39.9754],[39.7136,39.9861],[39.6908,40.0024],[39.6827,40.0516],[39.6702,40.0634],[39.663,40.0968],[39.6849,40.1125],[39.6974,40.1166],[39.721,40.1381],[39.7361,40.1431],[39.75,40.1545],[39.7689,40.1558],[39.7762,40.1641],[39.8141,40.1795],[39.8364,40.1932],[39.8537,40.2171],[39.8526,40.2449],[39.8492,40.2766],[39.8277,40.2928],[39.802,40.3064],[39.8172,40.3127],[39.8265,40.3463],[39.8557,40.3801],[39.8659,40.4133],[39.8873,40.445],[39.9209,40.4761],[39.9623,40.4894],[40.013,40.501],[40.0686,40.5025],[40.0771,40.5125],[40.0841,40.5184],[40.0906,40.5215],[40.0967,40.5281],[40.0983,40.5355],[40.1033,40.5415]]]}},{"type":"Feature","properties":{"name":"Karaman","number":70},"geometry":{"type":"Polygon","coordinates":[[[32.5585,36.5167],[32.5508,36.5227],[32.5388,36.5287],[32.5188,36.5284],[32.5161,36.5299],[32.5144,36.5347],[32.5103,36.5381],[32.5087,36.5473],[32.5135,36.5601],[32.5113,36.5687],[32.5113,36.5747],[32.5013,36.5822],[32.4982,36.5915],[32.5037,36.5982],[32.5106,36.6004],[32.5137,36.6119],[32.5137,36.618],[32.5188,36.6271],[32.4843,36.6524],[32.4876,36.657],[32.4991,36.6596],[32.4751,36.7226],[32.4698,36.7532],[32.4867,36.7562],[32.5084,36.7514],[32.5342,36.771],[32.5522,36.7893],[32.5533,36.798],[32.5444,36.8045],[32.5165,36.8195],[32.5109,36.8309],[32.5144,36.8457],[32.5127,36.8678],[32.5283,36.8746],[32.5717,36.847],[32.5853,36.8465],[32.5971,36.8569],[32.6043,36.8597],[32.6198,36.8574],[32.6293,36.8474],[32.6475,36.8424],[32.6748,36.8463],[32.6937,36.8466],[32.7164,36.8369],[32.7402,36.8275],[32.7529,36.8162],[32.7697,36.8269],[32.783,36.8345],[32.783,36.8475],[32.7837,36.859],[32.7913,36.8751],[32.8041,36.8918],[32.8007,36.9142],[32.8045,36.9534],[32.8084,36.9655],[32.8113,36.9783],[32.8058,36.9838],[32.795,37.0057],[32.7646,37.0398],[32.7503,37.0508],[32.7619,37.0514],[32.7667,37.0485],[32.7759,37.0456],[32.7785,37.0586],[32.7854,37.0627],[32.8005,37.0745],[32.7971,37.1057],[32.8068,37.1358],[32.7797,37.159],[32.7742,37.1809],[32.7793,37.2017],[32.8133,37.255],[32.8096,37.3122],[32.8265,37.328],[32.9232,37.3928],[32.9699,37.4143],[32.9993,37.4506],[33.0146,37.4641],[33.0971,37.4927],[33.123,37.5022],[33.1644,37.5352],[33.1843,37.5384],[33.2108,37.5365],[33.2582,37.5038],[33.287,37.4954],[33.3126,37.4728],[33.3324,37.4619],[33.3683,37.4668],[33.4333,37.4769],[33.5349,37.5007],[33.5752,37.5153],[33.626,37.5291],[33.6696,37.5431],[33.6993,37.5451],[33.7555,37.561],[33.7586,37.5617],[33.7528,37.5436],[33.7496,37.4903],[33.7525,37.4883],[33.7648,37.487],[33.779,37.4835],[33.786,37.4809],[33.7914,37.4771],[33.7958,37.4754],[33.8099,37.4745],[33.8141,37.4732],[33.8206,37.4738],[33.823,37.4762],[33.8285,37.4738],[33.8388,37.4735],[33.8599,37.4704],[33.8796,37.4663],[33.8831,37.4681],[33.8855,37.4652],[33.8901,37.4661],[33.896,37.4649],[33.904,37.4657],[33.9078,37.4637],[33.9091,37.4604],[33.8972,37.4579],[33.8863,37.4577],[33.8883,37.4538],[33.9036,37.4475],[33.9055,37.4474],[33.9046,37.4369],[33.9244,37.4172],[33.9341,37.4117],[33.9343,37.4005],[33.9422,37.3996],[33.9469,37.403],[33.9462,37.4119],[33.9468,37.4166],[33.9496,37.4184],[33.9504,37.4251],[33.9491,37.4296],[33.9663,37.4271],[33.9851,37.4216],[33.9907,37.419],[34,37.419],[34.009,37.4219],[34.0143,37.4246],[34.0176,37.4226],[33.9992,37.387],[34.0297,37.3534],[34.0636,37.349],[34.1239,37.3523],[34.1724,37.3336],[34.1802,37.3254],[34.2122,37.2923],[34.2265,37.2781],[34.2592,37.2467],[34.2575,37.1786],[34.1719,37.1211],[34.1325,37.1075],[34.0828,37.1252],[34.063,37.1317],[34.0583,37.1311],[34.0356,37.1328],[34.0114,37.1305],[34.0028,37.1289],[33.9822,37.1231],[33.9478,37.11],[33.9344,37.1025],[33.9225,37.0939],[33.9042,37.0758],[33.8922,37.0669],[33.8667,37.0561],[33.8542,37.0528],[33.8408,37.0514],[33.8147,37.0511],[33.7975,37.0472],[33.7722,37.0364],[33.76,37.0269],[33.7522,37.0244],[33.7414,37.0247],[33.728,37.0283],[33.7114,37.0347],[33.6755,37.0447],[33.6655,37.0464],[33.65,37.0461],[33.6411,37.0444],[33.6333,37.0417],[33.5939,37.0239],[33.5905,37.0217],[33.5719,37.0139],[33.538,36.9528],[33.5274,36.9519],[33.5144,36.94],[33.4981,36.9465],[33.4882,36.9433],[33.4667,36.9353],[33.4526,36.9355],[33.4424,36.9305],[33.4156,36.9362],[33.3986,36.9326],[33.3818,36.9334],[33.371,36.9258],[33.3636,36.9184],[33.3398,36.9273],[33.3242,36.9266],[33.3137,36.9159],[33.3007,36.9119],[33.2887,36.9102],[33.2379,36.9199],[33.2171,36.9227],[33.2004,36.9216],[33.185,36.9172],[33.1723,36.9184],[33.1539,36.8996],[33.1484,36.8931],[33.1513,36.8839],[33.1528,36.8665],[33.1431,36.8567],[33.1279,36.8422],[33.1227,36.8405],[33.123,36.8477],[33.1148,36.8498],[33.1147,36.8543],[33.1092,36.8587],[33.1111,36.8634],[33.1032,36.865],[33.1039,36.8688],[33.1024,36.8725],[33.0989,36.8732],[33.0989,36.8772],[33.0963,36.8812],[33.0635,36.8794],[33.0332,36.8622],[33.0186,36.8642],[32.9903,36.8627],[32.9745,36.8554],[32.962,36.8551],[32.958,36.8455],[32.9504,36.8364],[32.9478,36.8305],[32.9539,36.8282],[32.9766,36.8286],[32.9956,36.8221],[32.9843,36.8061],[33.0069,36.7865],[33.0053,36.7801],[33.0123,36.7647],[32.9973,36.746],[32.9972,36.7308],[32.9998,36.7254],[33.0044,36.7097],[33.0141,36.7033],[33.038,36.7013],[33.04,36.6917],[33.0372,36.6767],[33.0417,36.6711],[33.0628,36.6289],[33.0771,36.6142],[33.1038,36.6152],[33.1282,36.612],[33.1354,36.6088],[33.1457,36.5961],[33.1563,36.5909],[33.1643,36.5876],[33.17,36.5753],[33.181,36.57],[33.1939,36.5605],[33.2114,36.5374],[33.2202,36.5283],[33.2136,36.5257],[33.2026,36.5264],[33.1997,36.5293],[33.1942,36.5284],[33.1863,36.5304],[33.1813,36.5343],[33.1671,36.5419],[33.161,36.5503],[33.1527,36.5533],[33.1458,36.5628],[33.141,36.5629],[33.1357,36.5724],[33.1257,36.5827],[33.1153,36.5818],[33.1102,36.5769],[33.0952,36.5715],[33.0824,36.5742],[33.0725,36.5726],[33.071,36.5651],[33.0714,36.5558],[33.0646,36.5389],[33.0561,36.5293],[33.054,36.5193],[33.0427,36.5079],[33.0349,36.5028],[33.0272,36.5007],[33.0246,36.4964],[33.0172,36.492],[33.016,36.4797],[33.0143,36.4782],[33.0156,36.4678],[33.0125,36.4611],[32.9975,36.4561],[32.9636,36.4534],[32.9401,36.4519],[32.9148,36.4649],[32.8833,36.4815],[32.8606,36.4898],[32.8363,36.4897],[32.8078,36.4886],[32.7796,36.4871],[32.752,36.4945],[32.7277,36.5062],[32.7095,36.5121],[32.6903,36.5173],[32.6616,36.5191],[32.6265,36.5202],[32.5888,36.5235],[32.5585,36.5167]]]}},{"type":"Feature","properties":{"name":"Kırıkkale","number":71},"geometry":{"type":"Polygon","coordinates":[[[33.4218,39.3965],[33.4215,39.4],[33.4177,39.3999],[33.4094,39.3955],[33.4057,39.3952],[33.4011,39.3974],[33.3984,39.4019],[33.3935,39.404],[33.3905,39.4072],[33.3846,39.4102],[33.3827,39.4131],[33.3832,39.4181],[33.3891,39.4232],[33.3917,39.4214],[33.3966,39.4258],[33.3951,39.4298],[33.3883,39.434],[33.3875,39.4375],[33.3899,39.4414],[33.3937,39.4564],[33.3718,39.4554],[33.3662,39.4559],[33.3668,39.4646],[33.354,39.4669],[33.3478,39.4634],[33.3453,39.4668],[33.348,39.4742],[33.3475,39.4817],[33.3541,39.4872],[33.3468,39.4995],[33.3432,39.5035],[33.3451,39.5081],[33.3411,39.5113],[33.3366,39.5114],[33.3284,39.5146],[33.3242,39.5129],[33.3151,39.5226],[33.3178,39.5277],[33.3228,39.5323],[33.3172,39.5333],[33.315,39.539],[33.3097,39.5384],[33.3054,39.5423],[33.296,39.5428],[33.2894,39.5508],[33.3014,39.5501],[33.3055,39.5478],[33.3146,39.5465],[33.3191,39.5481],[33.322,39.5565],[33.3163,39.5617],[33.3191,39.5648],[33.3192,39.5768],[33.3279,39.5742],[33.3286,39.5769],[33.3207,39.5813],[33.3149,39.5884],[33.3181,39.594],[33.3168,39.6017],[33.3207,39.6061],[33.3234,39.6136],[33.3267,39.6161],[33.328,39.627],[33.3174,39.6319],[33.318,39.6362],[33.3156,39.6376],[33.315,39.6443],[33.3098,39.6475],[33.3098,39.6504],[33.3063,39.6537],[33.2933,39.6569],[33.2851,39.6693],[33.2777,39.6754],[33.2734,39.6753],[33.2618,39.6775],[33.2566,39.6769],[33.2551,39.6748],[33.2559,39.6646],[33.2528,39.6594],[33.2483,39.656],[33.2486,39.6487],[33.2381,39.6444],[33.2312,39.6432],[33.2058,39.6456],[33.1997,39.6477],[33.1883,39.6532],[33.1861,39.6597],[33.1922,39.6647],[33.1926,39.675],[33.2003,39.6777],[33.2079,39.6847],[33.2099,39.688],[33.2292,39.6952],[33.2305,39.7052],[33.2263,39.7095],[33.2243,39.7176],[33.2269,39.7226],[33.2302,39.725],[33.2353,39.7238],[33.2371,39.7171],[33.2403,39.7105],[33.2431,39.714],[33.256,39.7123],[33.2553,39.7161],[33.2585,39.721],[33.2632,39.7208],[33.2655,39.725],[33.2617,39.7315],[33.2642,39.7385],[33.2683,39.7399],[33.2702,39.7367],[33.2788,39.7363],[33.284,39.7385],[33.2859,39.746],[33.2837,39.7479],[33.2859,39.7604],[33.2826,39.7615],[33.2774,39.7531],[33.2651,39.7475],[33.2672,39.763],[33.2765,39.7666],[33.2766,39.773],[33.2794,39.7747],[33.2783,39.7798],[33.2792,39.7831],[33.2771,39.7856],[33.277,39.7919],[33.2842,39.8029],[33.2852,39.809],[33.2939,39.8151],[33.2949,39.8189],[33.2983,39.8218],[33.2863,39.8251],[33.2812,39.8297],[33.2712,39.8298],[33.2633,39.8329],[33.2615,39.8353],[33.2603,39.8421],[33.2572,39.844],[33.2581,39.8539],[33.2673,39.8507],[33.2682,39.848],[33.2814,39.8448],[33.2808,39.849],[33.2879,39.8494],[33.2985,39.845],[33.3047,39.8526],[33.3023,39.8568],[33.2935,39.862],[33.3002,39.8648],[33.3061,39.8696],[33.3117,39.8756],[33.3113,39.8819],[33.307,39.8836],[33.3037,39.8884],[33.306,39.9001],[33.3147,39.9006],[33.3221,39.905],[33.3223,39.9068],[33.3284,39.9091],[33.3315,39.9138],[33.34,39.913],[33.3391,39.9168],[33.3457,39.9186],[33.3557,39.9175],[33.3667,39.9237],[33.3766,39.9261],[33.3829,39.9517],[33.3861,39.9582],[33.3945,39.9694],[33.3994,39.973],[33.4025,39.9712],[33.4008,39.967],[33.4041,39.9657],[33.4068,39.9586],[33.4115,39.9561],[33.4152,39.949],[33.42,39.9488],[33.4212,39.9525],[33.4301,39.9561],[33.4347,39.9623],[33.4357,39.9656],[33.4305,39.9719],[33.4311,39.9765],[33.4439,39.9766],[33.447,39.9813],[33.4463,39.9863],[33.4597,39.9836],[33.4623,39.985],[33.4699,39.9767],[33.475,39.9739],[33.482,39.9746],[33.4864,39.9718],[33.5058,39.9753],[33.5044,39.978],[33.508,39.9809],[33.5139,39.9824],[33.5174,39.9874],[33.515,40.0281],[33.508,40.0365],[33.4981,40.0444],[33.4665,40.0449],[33.462,40.041],[33.4592,40.0434],[33.4629,40.0488],[33.4693,40.0545],[33.4768,40.0545],[33.4777,40.0516],[33.4859,40.0521],[33.4925,40.054],[33.5001,40.0617],[33.5026,40.0661],[33.51,40.0739],[33.5165,40.0743],[33.5223,40.0767],[33.5218,40.0791],[33.5264,40.0821],[33.533,40.0828],[33.5356,40.0813],[33.5405,40.0832],[33.5498,40.0805],[33.5571,40.0841],[33.5669,40.0844],[33.5755,40.0863],[33.5838,40.0843],[33.5887,40.0875],[33.5959,40.0897],[33.5956,40.093],[33.5922,40.0946],[33.5874,40.1005],[33.5962,40.101],[33.6029,40.105],[33.612,40.1046],[33.6178,40.1083],[33.6179,40.1205],[33.6163,40.1207],[33.6109,40.1293],[33.6167,40.1318],[33.6322,40.1358],[33.6306,40.1467],[33.631,40.1554],[33.6368,40.1605],[33.6341,40.1659],[33.6124,40.1733],[33.5931,40.1781],[33.5933,40.1874],[33.5952,40.1959],[33.6005,40.2003],[33.6077,40.2083],[33.6056,40.2318],[33.6183,40.242],[33.6183,40.2463],[33.6101,40.2484],[33.611,40.258],[33.617,40.2589],[33.6209,40.2696],[33.6262,40.2736],[33.626,40.2772],[33.6291,40.2834],[33.6388,40.277],[33.6422,40.278],[33.6461,40.2833],[33.6444,40.2876],[33.6479,40.2925],[33.6468,40.2956],[33.6575,40.3207],[33.6599,40.3241],[33.6707,40.3234],[33.6737,40.3285],[33.6791,40.3314],[33.6906,40.3277],[33.6934,40.3328],[33.697,40.3337],[33.7001,40.33],[33.7069,40.3268],[33.7137,40.3248],[33.7178,40.3254],[33.7235,40.324],[33.7262,40.3275],[33.7339,40.3255],[33.7377,40.3265],[33.7448,40.3256],[33.7581,40.3192],[33.7685,40.3211],[33.7744,40.321],[33.7808,40.323],[33.7835,40.3208],[33.7879,40.3212],[33.7931,40.3259],[33.7941,40.3332],[33.8018,40.3349],[33.8014,40.3164],[33.8104,40.2807],[33.8288,40.2761],[33.8543,40.277],[33.8759,40.2731],[33.8954,40.2708],[33.916,40.2715],[33.9311,40.2656],[33.9482,40.2685],[33.9613,40.2548],[33.9664,40.2491],[33.9727,40.2395],[33.9785,40.2138],[33.9947,40.1901],[34.0086,40.1909],[34.0347,40.1967],[34.0517,40.1983],[34.0616,40.1971],[34.0684,40.1887],[34.0735,40.1774],[34.0714,40.1617],[34.0811,40.1456],[34.0767,40.1294],[34.0757,40.1159],[34.0831,40.0982],[34.08,40.0891],[34.0899,40.0806],[34.0889,40.0736],[34.0914,40.0697],[34.1039,40.0664],[34.1042,40.0629],[34.111,40.0614],[34.1228,40.052],[34.143,40.0427],[34.1531,40.0324],[34.1608,40.023],[34.1645,40.0131],[34.1762,40.0043],[34.1888,39.9982],[34.1976,39.9856],[34.2081,39.9776],[34.1971,39.973],[34.19,39.9657],[34.1847,39.9512],[34.1668,39.9379],[34.1187,39.9204],[34.0952,39.9088],[34.1005,39.9017],[34.0948,39.886],[34.0946,39.8764],[34.0859,39.8675],[34.0642,39.8586],[34.0693,39.8565],[34.0708,39.8458],[34.0642,39.8455],[34.0607,39.8352],[34.0908,39.8128],[34.0973,39.8069],[34.0975,39.8038],[34.1033,39.803],[34.1047,39.7965],[34.1108,39.7976],[34.1144,39.7924],[34.1034,39.7923],[34.095,39.7898],[34.0778,39.7892],[34.0627,39.7881],[34.0554,39.7735],[34.0441,39.7713],[34.0401,39.7672],[34.0264,39.7618],[34.0212,39.7565],[34.017,39.755],[34.0084,39.748],[33.9985,39.7422],[33.9949,39.7387],[33.9893,39.7296],[33.9769,39.7238],[33.9759,39.7175],[33.9683,39.7156],[33.9624,39.7123],[33.9579,39.7054],[33.9595,39.7003],[33.9625,39.6819],[33.9603,39.6762],[33.9544,39.6736],[33.9539,39.6714],[33.9434,39.6663],[33.9387,39.6627],[33.9207,39.6619],[33.9125,39.6606],[33.9067,39.6579],[33.8933,39.642],[33.882,39.6308],[33.8721,39.6167],[33.863,39.6053],[33.8527,39.6002],[33.8413,39.5958],[33.8431,39.5892],[33.8487,39.5827],[33.8551,39.5782],[33.8484,39.5746],[33.8426,39.5701],[33.8382,39.5705],[33.8328,39.5688],[33.8282,39.5656],[33.8265,39.5622],[33.8186,39.5601],[33.8141,39.5603],[33.8144,39.5568],[33.8012,39.5493],[33.7945,39.5505],[33.7868,39.5425],[33.7817,39.5433],[33.7721,39.5364],[33.7663,39.5363],[33.7597,39.5347],[33.7537,39.5357],[33.7482,39.5323],[33.7431,39.5277],[33.7381,39.5291],[33.7321,39.5282],[33.7299,39.5139],[33.735,39.5121],[33.7608,39.5106],[33.7747,39.5068],[33.7597,39.4859],[33.7563,39.4782],[33.7453,39.4713],[33.7311,39.4659],[33.7243,39.4688],[33.703,39.4888],[33.6875,39.5115],[33.6797,39.5105],[33.6715,39.5036],[33.6661,39.4946],[33.6608,39.4914],[33.6465,39.4849],[33.6218,39.4799],[33.6055,39.4732],[33.5865,39.4622],[33.5739,39.4459],[33.5592,39.4362],[33.5369,39.4255],[33.5155,39.4181],[33.5066,39.4175],[33.4867,39.4265],[33.466,39.4301],[33.4478,39.4308],[33.4368,39.4159],[33.4218,39.3965]]]}},{"type":"Feature","properties":{"name":"Batman","number":72},"geometry":{"type":"Polygon","coordinates":[[[41.3666,38.4833],[41.3703,38.4836],[41.3762,38.4886],[41.3851,38.4924],[41.4,38.4928],[41.4155,38.4886],[41.4406,38.4998],[41.4471,38.5038],[41.4637,38.5083],[41.4751,38.5223],[41.4792,38.5241],[41.4806,38.5403],[41.4902,38.5469],[41.4937,38.5509],[41.5223,38.5315],[41.5365,38.5216],[41.5631,38.5243],[41.5867,38.5103],[41.6047,38.5067],[41.6295,38.5039],[41.6462,38.5028],[41.6609,38.4977],[41.6641,38.496],[41.6678,38.4882],[41.6671,38.4824],[41.6393,38.4727],[41.6421,38.4552],[41.6263,38.4552],[41.6096,38.4414],[41.6135,38.4273],[41.6114,38.4112],[41.5935,38.3722],[41.589,38.3542],[41.6413,38.3297],[41.6446,38.3214],[41.642,38.3168],[41.6383,38.2973],[41.6443,38.2868],[41.6607,38.2673],[41.6473,38.2536],[41.6413,38.2397],[41.631,38.2273],[41.6288,38.2151],[41.6366,38.1999],[41.6436,38.1872],[41.6433,38.1577],[41.6408,38.1452],[41.6308,38.1323],[41.617,38.1231],[41.6074,38.1108],[41.6109,38.097],[41.6097,38.0839],[41.5924,38.0798],[41.574,38.0789],[41.5592,38.0701],[41.5469,38.0611],[41.5405,38.0497],[41.5391,38.0341],[41.537,38.0202],[41.5319,38.0142],[41.5222,38.0098],[41.5107,38.018],[41.5067,38.0258],[41.495,38.0401],[41.4817,38.0397],[41.4777,38.0373],[41.4755,38.0337],[41.4761,38.0286],[41.4676,38.0288],[41.4619,38.0217],[41.4612,38.019],[41.457,38.0163],[41.4456,38.0163],[41.4466,38.0114],[41.4438,38.0087],[41.4361,38.0089],[41.4361,38.0041],[41.4258,38.002],[41.4238,37.997],[41.4185,37.997],[41.4176,37.9946],[41.4072,37.99],[41.4038,37.9898],[41.4004,37.9853],[41.3932,37.9832],[41.3836,37.9825],[41.3821,37.9791],[41.3718,37.9779],[41.3634,37.9733],[41.3617,37.9669],[41.363,37.959],[41.3692,37.9476],[41.4006,37.9324],[41.4216,37.9141],[41.4399,37.8972],[41.4578,37.8899],[41.4884,37.875],[41.5226,37.8623],[41.5539,37.8759],[41.5901,37.8806],[41.6063,37.8713],[41.6212,37.8738],[41.6448,37.8804],[41.6562,37.8773],[41.6567,37.8686],[41.6806,37.8616],[41.6924,37.8424],[41.7028,37.831],[41.6973,37.8199],[41.6975,37.8143],[41.695,37.8031],[41.6916,37.7978],[41.6851,37.7923],[41.6824,37.7876],[41.6816,37.7777],[41.6789,37.7695],[41.6801,37.7628],[41.677,37.7593],[41.6743,37.7534],[41.6732,37.7468],[41.6647,37.7428],[41.6674,37.7395],[41.6757,37.7351],[41.6741,37.7302],[41.6761,37.7267],[41.6827,37.7294],[41.6959,37.7281],[41.7005,37.7237],[41.7024,37.7156],[41.7099,37.7135],[41.7118,37.7097],[41.7157,37.708],[41.7211,37.7109],[41.7212,37.7173],[41.7186,37.7215],[41.7184,37.7255],[41.7213,37.7271],[41.7274,37.7268],[41.7359,37.7309],[41.7407,37.7318],[41.7484,37.7314],[41.7597,37.7293],[41.7665,37.7319],[41.7746,37.7328],[41.7774,37.7319],[41.7742,37.7234],[41.7731,37.718],[41.7748,37.7155],[41.7904,37.712],[41.7991,37.7123],[41.8049,37.7142],[41.8174,37.7146],[41.8219,37.7095],[41.8197,37.703],[41.8131,37.6996],[41.8125,37.6953],[41.8084,37.6718],[41.7722,37.668],[41.7482,37.6738],[41.7286,37.6828],[41.7133,37.6571],[41.7117,37.6482],[41.704,37.6349],[41.6901,37.6226],[41.6856,37.6163],[41.6831,37.6206],[41.6637,37.6208],[41.6688,37.625],[41.6703,37.6303],[41.6671,37.633],[41.6607,37.6335],[41.656,37.6302],[41.651,37.6197],[41.6481,37.6091],[41.6484,37.6033],[41.6416,37.6037],[41.6313,37.6005],[41.6283,37.5967],[41.6263,37.5909],[41.6236,37.5894],[41.6209,37.5834],[41.6178,37.5801],[41.6178,37.5757],[41.6098,37.5747],[41.5988,37.5694],[41.6016,37.5603],[41.5981,37.5599],[41.5958,37.556],[41.5839,37.5565],[41.5772,37.5442],[41.5768,37.5394],[41.5744,37.5368],[41.5691,37.5345],[41.5686,37.5264],[41.5654,37.5261],[41.5491,37.5295],[41.5345,37.5286],[41.52,37.5128],[41.4915,37.5042],[41.457,37.5041],[41.4345,37.505],[41.4,37.4983],[41.3597,37.5002],[41.3171,37.5138],[41.2472,37.5099],[41.2212,37.4936],[41.1868,37.4959],[41.1721,37.5065],[41.1284,37.5414],[41.1174,37.5596],[41.1104,37.5767],[41.1083,37.5848],[41.1109,37.5865],[41.1143,37.5955],[41.1089,37.6024],[41.1055,37.6086],[41.1027,37.6078],[41.0983,37.6127],[41.0966,37.6166],[41.095,37.6251],[41.0891,37.6326],[41.0854,37.6349],[41.0845,37.6386],[41.0776,37.6426],[41.0791,37.6525],[41.0757,37.6599],[41.0555,37.7129],[41.0549,37.7226],[41.0432,37.7364],[41.0452,37.745],[41.059,37.759],[41.0633,37.7686],[41.0565,37.7707],[41.0506,37.7747],[41.0504,37.7814],[41.0446,37.7824],[41.0382,37.7818],[41.028,37.7735],[41.018,37.7759],[41.0181,37.7793],[41.0281,37.7855],[41.0309,37.792],[41.026,37.7973],[41.0203,37.7971],[41.018,37.7905],[41.0128,37.7878],[41.0034,37.7952],[40.9967,37.7979],[40.9921,37.8022],[40.9877,37.8039],[40.9867,37.8082],[40.992,37.8126],[40.9987,37.8219],[40.9957,37.8254],[40.9965,37.8281],[41.0024,37.8318],[41.002,37.836],[40.9974,37.838],[40.9983,37.8438],[41.0028,37.8453],[41.0055,37.849],[41.0041,37.8542],[41.0113,37.8636],[41.0183,37.8693],[41.0234,37.8695],[41.03,37.8768],[41.0205,37.8807],[41.017,37.8852],[41.0294,37.9047],[41.0406,37.9167],[41.0449,37.9295],[41.0364,37.9292],[41.0307,37.931],[41.0335,37.9344],[41.0316,37.9433],[41.0138,37.9539],[41.0147,37.9625],[41.0103,37.9674],[41.0103,37.979],[41.0577,37.9854],[41.0859,37.9809],[41.1004,37.9762],[41.1226,37.9751],[41.1268,37.9802],[41.1374,37.9859],[41.1439,37.9839],[41.147,37.985],[41.155,37.9914],[41.1538,37.9978],[41.1497,37.998],[41.1468,38.002],[41.1482,38.0067],[41.1509,38.0097],[41.1528,38.016],[41.1567,38.0182],[41.1625,38.0185],[41.1623,38.0236],[41.1648,38.0284],[41.1647,38.0323],[41.1733,38.0356],[41.1724,38.0464],[41.1789,38.0517],[41.1768,38.0634],[41.1823,38.0691],[41.1857,38.07],[41.1919,38.0672],[41.1964,38.0688],[41.2088,38.0816],[41.2059,38.0856],[41.2065,38.0903],[41.218,38.1242],[41.2183,38.1283],[41.216,38.1464],[41.2143,38.1502],[41.2172,38.1542],[41.2208,38.1619],[41.2219,38.1705],[41.2192,38.185],[41.2194,38.1892],[41.2261,38.1967],[41.2205,38.2025],[41.2186,38.2077],[41.2072,38.2119],[41.2023,38.2328],[41.1902,38.2404],[41.1751,38.2441],[41.1783,38.2656],[41.1837,38.2759],[41.1835,38.2842],[41.1872,38.2891],[41.1838,38.2952],[41.1818,38.2959],[41.1816,38.3034],[41.1774,38.3084],[41.1783,38.3115],[41.1833,38.313],[41.1858,38.3155],[41.1935,38.3164],[41.1971,38.3193],[41.1993,38.3247],[41.2078,38.3404],[41.2152,38.3498],[41.2153,38.356],[41.2191,38.3638],[41.2315,38.3671],[41.2323,38.3721],[41.2376,38.3707],[41.2402,38.3735],[41.2354,38.3791],[41.2312,38.3904],[41.2378,38.4011],[41.2401,38.4101],[41.2495,38.4131],[41.2499,38.4154],[41.2555,38.4155],[41.257,38.4172],[41.2639,38.4161],[41.2654,38.4185],[41.2666,38.4282],[41.2738,38.4322],[41.2806,38.4328],[41.2772,38.4377],[41.2806,38.4394],[41.2816,38.4438],[41.2861,38.4436],[41.2933,38.4464],[41.3025,38.4531],[41.3093,38.4516],[41.3154,38.452],[41.3194,38.4556],[41.3219,38.462],[41.3337,38.4659],[41.3379,38.4654],[41.346,38.4594],[41.3504,38.4589],[41.3558,38.4616],[41.3545,38.467],[41.3591,38.4762],[41.3655,38.4794],[41.3666,38.4833]]]}},{"type":"Feature","properties":{"name":"Şırnak","number":73},"geometry":{"type":"Polygon","coordinates":[[[43.4992,37.7418],[43.487,37.6959],[43.4755,37.632],[43.4325,37.5909],[43.3959,37.5438],[43.3548,37.5414],[43.316,37.5422],[43.3079,37.536],[43.3065,37.4902],[43.3156,37.4636],[43.3324,37.4255],[43.3419,37.4018],[43.333,37.3675],[43.3329,37.3501],[43.3314,37.3445],[43.3304,37.3333],[43.3314,37.3271],[43.3241,37.3241],[43.3234,37.3212],[43.3183,37.318],[43.3165,37.3144],[43.3177,37.3062],[43.311,37.3037],[43.3015,37.3037],[43.2944,37.3073],[43.2884,37.3122],[43.2738,37.313],[43.2692,37.3144],[43.27,37.3256],[43.2692,37.3289],[43.2644,37.3295],[43.2563,37.329],[43.2503,37.3302],[43.2477,37.3335],[43.2472,37.3379],[43.2418,37.3433],[43.2348,37.3481],[43.2231,37.3475],[43.22,37.3459],[43.2076,37.3475],[43.2007,37.3501],[43.1948,37.3574],[43.1872,37.3595],[43.1793,37.3575],[43.1693,37.3571],[43.1682,37.3599],[43.1631,37.3578],[43.1611,37.3624],[43.1531,37.3655],[43.1511,37.3709],[43.1433,37.3729],[43.137,37.3701],[43.1316,37.3728],[43.1252,37.3723],[43.1215,37.3706],[43.116,37.3725],[43.1096,37.3717],[43.1039,37.3675],[43.099,37.3668],[43.0815,37.3677],[43.0793,37.3661],[43.0721,37.3665],[43.0648,37.3592],[43.0606,37.357],[43.0492,37.3555],[43.0427,37.3558],[43.0344,37.354],[43.0295,37.357],[43.0227,37.3559],[43.0222,37.3467],[43.021,37.3441],[43.0148,37.3387],[43.0093,37.332],[42.9929,37.3285],[42.9884,37.3262],[42.9829,37.3255],[42.9734,37.3261],[42.9692,37.3233],[42.9635,37.3156],[42.9597,37.3124],[42.956,37.3126],[42.9498,37.3183],[42.9284,37.3222],[42.9226,37.3271],[42.9151,37.3286],[42.9046,37.3295],[42.8976,37.3287],[42.8878,37.3333],[42.8812,37.3387],[42.872,37.3377],[42.864,37.3446],[42.856,37.3461],[42.8514,37.3481],[42.8472,37.3476],[42.8406,37.3432],[42.8347,37.3445],[42.8268,37.3491],[42.8271,37.3539],[42.8221,37.3601],[42.8252,37.3612],[42.8265,37.3646],[42.8244,37.3711],[42.8173,37.3749],[42.8094,37.3753],[42.7974,37.3788],[42.7937,37.3807],[42.7883,37.3795],[42.784,37.3751],[42.7802,37.3757],[42.7735,37.3651],[42.7693,37.361],[42.7603,37.3545],[42.7536,37.3477],[42.7462,37.3476],[42.7427,37.3412],[42.7392,37.3377],[42.7334,37.3362],[42.736,37.3302],[42.733,37.3238],[42.7353,37.3185],[42.73,37.3177],[42.7241,37.3133],[42.7162,37.3117],[42.7132,37.3084],[42.7066,37.3071],[42.7008,37.3099],[42.6951,37.31],[42.6879,37.3083],[42.6888,37.3043],[42.6933,37.3017],[42.6929,37.298],[42.6965,37.2953],[42.6976,37.2917],[42.6928,37.2907],[42.6909,37.2872],[42.6878,37.2874],[42.6814,37.2805],[42.6852,37.2786],[42.6824,37.2744],[42.6829,37.271],[42.6777,37.2697],[42.6772,37.2733],[42.6708,37.2714],[42.661,37.272],[42.6581,37.2634],[42.6503,37.2565],[42.6507,37.2532],[42.6551,37.2466],[42.6513,37.2428],[42.6475,37.2423],[42.6421,37.2325],[42.6368,37.2328],[42.6339,37.2261],[42.6288,37.2236],[42.6304,37.2198],[42.6173,37.2183],[42.6133,37.215],[42.6132,37.212],[42.6186,37.2067],[42.6155,37.2004],[42.6103,37.2004],[42.609,37.1961],[42.6011,37.1898],[42.6011,37.1809],[42.594,37.1764],[42.5859,37.1699],[42.5808,37.1617],[42.5788,37.1459],[42.571,37.1436],[42.5628,37.1477],[42.549,37.1488],[42.5415,37.1465],[42.5336,37.1419],[42.526,37.1439],[42.5081,37.1412],[42.5041,37.1387],[42.4949,37.1366],[42.4879,37.138],[42.4839,37.1348],[42.4778,37.1356],[42.4641,37.1422],[42.4604,37.1334],[42.4481,37.1369],[42.4364,37.1302],[42.4352,37.1264],[42.4259,37.1248],[42.4124,37.1214],[42.4064,37.117],[42.4036,37.1131],[42.3843,37.1108],[42.3807,37.1149],[42.371,37.1124],[42.3631,37.1153],[42.3607,37.1085],[42.3555,37.1053],[42.3515,37.1053],[42.353,37.1195],[42.3551,37.1236],[42.3525,37.1303],[42.3382,37.1449],[42.3298,37.1575],[42.331,37.1643],[42.3287,37.1689],[42.323,37.1767],[42.3206,37.1854],[42.3282,37.1996],[42.3377,37.2098],[42.3474,37.2133],[42.3475,37.2167],[42.3399,37.2214],[42.3433,37.2298],[42.3427,37.2324],[42.3385,37.2371],[42.328,37.2398],[42.3159,37.247],[42.3112,37.2564],[42.3055,37.2603],[42.2979,37.2614],[42.2925,37.2611],[42.2895,37.2646],[42.2884,37.2749],[42.2841,37.2815],[42.2811,37.2824],[42.2693,37.2733],[42.2608,37.2713],[42.2559,37.2719],[42.249,37.277],[42.2406,37.2816],[42.2343,37.2832],[42.2219,37.278],[42.2116,37.2773],[42.2048,37.2805],[42.209,37.286],[42.207,37.2911],[42.2124,37.2979],[42.2249,37.3095],[42.2251,37.3161],[42.2221,37.3181],[42.207,37.3185],[42.1965,37.3119],[42.1946,37.3061],[42.1912,37.3037],[42.1902,37.2946],[42.1837,37.2864],[42.1632,37.2722],[42.1527,37.2644],[42.1292,37.2463],[42.1237,37.2438],[42.1107,37.2349],[42.094,37.2205],[42.0902,37.2091],[42.0872,37.2074],[42.0792,37.2078],[42.0552,37.1977],[42.0443,37.1877],[42.0349,37.182],[42.0299,37.1814],[42.0238,37.1828],[42.0045,37.1816],[42.0009,37.1809],[41.9937,37.175],[41.9889,37.1727],[41.9819,37.1713],[41.9667,37.1664],[41.9654,37.1615],[41.9484,37.1573],[41.9299,37.1587],[41.9128,37.1552],[41.8902,37.1497],[41.8742,37.1449],[41.8573,37.1417],[41.8247,37.1383],[41.8154,37.1348],[41.8071,37.1345],[41.7942,37.1284],[41.75,37.1225],[41.7004,37.1152],[41.6904,37.1144],[41.6777,37.116],[41.6646,37.1183],[41.668,37.1594],[41.6797,37.1771],[41.6779,37.1933],[41.673,37.2115],[41.6662,37.2225],[41.6525,37.2367],[41.6474,37.2469],[41.658,37.2601],[41.6579,37.2627],[41.65,37.2643],[41.6383,37.2726],[41.631,37.2676],[41.6267,37.2685],[41.6153,37.2636],[41.6098,37.2588],[41.6054,37.2578],[41.6014,37.2498],[41.5942,37.25],[41.5851,37.248],[41.5776,37.2416],[41.5678,37.2381],[41.5642,37.241],[41.5643,37.2467],[41.5666,37.2497],[41.5635,37.2657],[41.5557,37.2681],[41.5455,37.2758],[41.5501,37.2844],[41.5563,37.2878],[41.5642,37.2895],[41.5672,37.292],[41.5765,37.2943],[41.5746,37.303],[41.5781,37.3085],[41.5787,37.3161],[41.5759,37.315],[41.5768,37.3231],[41.5747,37.3229],[41.5726,37.3283],[41.5692,37.3314],[41.5644,37.3325],[41.5631,37.3371],[41.5707,37.3425],[41.5712,37.3471],[41.5686,37.352],[41.5635,37.3567],[41.5663,37.3627],[41.5704,37.3647],[41.5698,37.3682],[41.5755,37.3762],[41.5752,37.3834],[41.5807,37.3877],[41.5879,37.3848],[41.5913,37.3808],[41.5986,37.3812],[41.5904,37.3916],[41.5904,37.3951],[41.5872,37.3987],[41.5904,37.402],[41.6003,37.4036],[41.6037,37.402],[41.6088,37.4036],[41.611,37.4067],[41.6063,37.4112],[41.6009,37.4118],[41.6027,37.4225],[41.6071,37.426],[41.6022,37.4274],[41.5991,37.4302],[41.5892,37.4301],[41.5895,37.4397],[41.5947,37.4423],[41.6003,37.4407],[41.6006,37.4442],[41.6057,37.4462],[41.6012,37.4503],[41.6038,37.453],[41.5995,37.4563],[41.6047,37.4583],[41.6105,37.4581],[41.6118,37.4533],[41.6162,37.4513],[41.62,37.4475],[41.6209,37.4436],[41.6174,37.4403],[41.6196,37.435],[41.6264,37.4292],[41.6303,37.4292],[41.6342,37.4217],[41.6324,37.4148],[41.6361,37.4101],[41.6404,37.407],[41.652,37.4045],[41.6555,37.4094],[41.6612,37.4071],[41.6613,37.4119],[41.6657,37.415],[41.6727,37.4121],[41.6827,37.4101],[41.6895,37.4107],[41.6929,37.4162],[41.6982,37.4182],[41.6909,37.4273],[41.7016,37.4338],[41.6964,37.4403],[41.7067,37.4369],[41.7092,37.4347],[41.7185,37.4312],[41.7313,37.4244],[41.736,37.4213],[41.752,37.4183],[41.7588,37.4102],[41.7613,37.4125],[41.7666,37.4124],[41.769,37.4153],[41.7686,37.4186],[41.7738,37.4207],[41.78,37.4202],[41.7845,37.4172],[41.7932,37.4155],[41.8013,37.4121],[41.8055,37.4118],[41.8204,37.4032],[41.8206,37.4096],[41.8224,37.4128],[41.8303,37.4083],[41.8337,37.4078],[41.8427,37.414],[41.8388,37.4014],[41.8421,37.3991],[41.8521,37.4033],[41.8562,37.3986],[41.8591,37.3973],[41.8632,37.4002],[41.8595,37.4053],[41.8617,37.407],[41.8683,37.4042],[41.8681,37.3989],[41.8756,37.404],[41.872,37.4075],[41.8745,37.4118],[41.8636,37.4196],[41.8581,37.4309],[41.8483,37.4389],[41.8463,37.4443],[41.8577,37.4511],[41.8603,37.4576],[41.8519,37.4632],[41.8486,37.4671],[41.8499,37.4708],[41.8548,37.4751],[41.856,37.4782],[41.8535,37.4852],[41.8547,37.4935],[41.8512,37.5021],[41.8445,37.5082],[41.8382,37.5171],[41.8379,37.5205],[41.8426,37.5209],[41.8471,37.5253],[41.8551,37.5304],[41.8553,37.538],[41.8511,37.5485],[41.8529,37.5514],[41.8572,37.5507],[41.8636,37.5466],[41.8679,37.5458],[41.8729,37.5492],[41.8821,37.5514],[41.8919,37.5559],[41.8916,37.5612],[41.8929,37.5695],[41.8971,37.5738],[41.8967,37.5797],[41.8929,37.5821],[41.8904,37.587],[41.8808,37.59],[41.8757,37.5942],[41.8766,37.6006],[41.8739,37.6056],[41.8643,37.6115],[41.8547,37.6137],[41.8517,37.6184],[41.8451,37.6205],[41.838,37.6201],[41.8308,37.6244],[41.83,37.628],[41.8351,37.6347],[41.836,37.6388],[41.8238,37.6459],[41.8253,37.6567],[41.8244,37.6621],[41.8196,37.6682],[41.8201,37.678],[41.8141,37.6855],[41.8148,37.6926],[41.8125,37.6953],[41.8246,37.6934],[41.8387,37.6939],[41.8579,37.6841],[41.874,37.6828],[41.9108,37.6656],[41.9306,37.6533],[41.9484,37.6451],[41.9607,37.6437],[41.9736,37.6398],[41.9959,37.6257],[42.0153,37.6248],[42.0387,37.6271],[42.0614,37.6204],[42.0771,37.6278],[42.0951,37.6213],[42.1194,37.6298],[42.1475,37.6302],[42.1537,37.6067],[42.1703,37.6049],[42.1995,37.6012],[42.2479,37.5818],[42.2564,37.5893],[42.2629,37.5975],[42.2794,37.6026],[42.2827,37.6056],[42.2788,37.6102],[42.2793,37.6141],[42.2758,37.6197],[42.2696,37.624],[42.2639,37.642],[42.2525,37.6494],[42.2572,37.6559],[42.2682,37.6554],[42.283,37.6482],[42.3022,37.6348],[42.3159,37.6398],[42.3146,37.6501],[42.324,37.6604],[42.3529,37.6669],[42.3626,37.6738],[42.3573,37.6829],[42.3606,37.6983],[42.3625,37.7098],[42.3765,37.7073],[42.3906,37.7118],[42.4042,37.6984],[42.4219,37.6922],[42.4434,37.7002],[42.463,37.7167],[42.492,37.7257],[42.5293,37.7267],[42.5849,37.7192],[42.6777,37.6982],[42.7782,37.6787],[42.8243,37.6602],[42.8407,37.6597],[42.8845,37.7669],[42.9085,37.7698],[42.9355,37.7603],[42.9536,37.7568],[42.9677,37.7553],[43.0248,37.7547],[43.0778,37.7526],[43.128,37.7425],[43.1752,37.7376],[43.2111,37.7353],[43.2382,37.739],[43.2559,37.7404],[43.3073,37.7496],[43.361,37.755],[43.4387,37.7478],[43.4992,37.7418]]]}},{"type":"Feature","properties":{"name":"Bartın","number":74},"geometry":{"type":"Polygon","coordinates":[[[32.2841,41.3203],[32.2797,41.3324],[32.2811,41.3392],[32.2796,41.3426],[32.2843,41.352],[32.2898,41.3682],[32.2947,41.3842],[32.2799,41.3932],[32.2742,41.4053],[32.2743,41.4108],[32.2767,41.4165],[32.2832,41.4198],[32.2884,41.4253],[32.2693,41.4378],[32.2597,41.4477],[32.2508,41.4523],[32.2473,41.4553],[32.2364,41.4723],[32.2338,41.4817],[32.2344,41.4987],[32.2238,41.5163],[32.2255,41.5291],[32.2216,41.5396],[32.2151,41.5421],[32.2047,41.5404],[32.1902,41.5346],[32.1806,41.5271],[32.1798,41.5225],[32.1745,41.5158],[32.1684,41.5157],[32.1618,41.5199],[32.1589,41.5232],[32.1576,41.5295],[32.1589,41.5386],[32.1562,41.5459],[32.1505,41.5495],[32.131,41.554],[32.1191,41.5626],[32.1096,41.5762],[32.0951,41.5896],[32.1019,41.5908],[32.1091,41.5938],[32.1271,41.5974],[32.139,41.6008],[32.1459,41.6063],[32.1536,41.6087],[32.1574,41.6152],[32.163,41.6211],[32.1713,41.6237],[32.1795,41.6313],[32.1815,41.6365],[32.1777,41.6417],[32.1915,41.6462],[32.195,41.6507],[32.1952,41.654],[32.2013,41.6538],[32.2085,41.6581],[32.2125,41.6587],[32.2194,41.6634],[32.2266,41.6697],[32.23,41.6749],[32.2281,41.6781],[32.2237,41.6802],[32.2263,41.6862],[32.2396,41.6919],[32.2474,41.693],[32.2515,41.695],[32.2532,41.6986],[32.259,41.7036],[32.2644,41.7051],[32.2656,41.7089],[32.2693,41.709],[32.2716,41.7126],[32.2802,41.7161],[32.2852,41.7203],[32.292,41.7209],[32.2956,41.7231],[32.3013,41.7226],[32.306,41.724],[32.3111,41.7227],[32.327,41.7236],[32.3314,41.7203],[32.3406,41.723],[32.3432,41.726],[32.3396,41.7316],[32.347,41.7328],[32.3499,41.7361],[32.3537,41.7337],[32.3623,41.7359],[32.365,41.7441],[32.3699,41.7457],[32.3732,41.7435],[32.3794,41.748],[32.3877,41.7475],[32.3918,41.7422],[32.3997,41.7416],[32.4043,41.7385],[32.4159,41.7392],[32.4243,41.7561],[32.4294,41.7607],[32.4463,41.7706],[32.4539,41.7758],[32.463,41.7732],[32.4689,41.7751],[32.4723,41.778],[32.4789,41.7792],[32.4854,41.7817],[32.4858,41.7849],[32.4997,41.7929],[32.5024,41.8004],[32.5068,41.801],[32.5104,41.8056],[32.5225,41.8068],[32.5283,41.8067],[32.5336,41.8091],[32.5408,41.8092],[32.5414,41.8066],[32.5464,41.8069],[32.5501,41.811],[32.5605,41.8103],[32.5724,41.8112],[32.5773,41.8148],[32.5768,41.8209],[32.5784,41.8254],[32.5845,41.8275],[32.5895,41.8268],[32.5995,41.8301],[32.6101,41.8298],[32.6166,41.8314],[32.6198,41.8282],[32.6228,41.8308],[32.6319,41.8305],[32.6436,41.8316],[32.6543,41.8297],[32.6627,41.8295],[32.6666,41.8308],[32.6746,41.83],[32.6813,41.8319],[32.6847,41.8369],[32.7018,41.8386],[32.7091,41.8383],[32.7139,41.8468],[32.7166,41.8482],[32.7252,41.8448],[32.7334,41.8485],[32.7441,41.8483],[32.7482,41.8491],[32.752,41.8475],[32.7578,41.8486],[32.7528,41.8421],[32.7552,41.8386],[32.7511,41.8331],[32.7468,41.8299],[32.752,41.8271],[32.7518,41.8237],[32.7583,41.8194],[32.7623,41.8121],[32.7609,41.8091],[32.7632,41.8051],[32.7771,41.8038],[32.7673,41.7926],[32.7743,41.7773],[32.7876,41.7725],[32.7858,41.7653],[32.7861,41.7541],[32.7846,41.7482],[32.787,41.7458],[32.8032,41.7412],[32.814,41.7343],[32.832,41.7255],[32.8424,41.7247],[32.8645,41.7308],[32.8835,41.735],[32.9034,41.7406],[32.9153,41.7405],[32.9258,41.7349],[32.9311,41.728],[32.939,41.715],[32.937,41.7077],[32.9304,41.703],[32.9188,41.6989],[32.9205,41.6899],[32.9142,41.6817],[32.916,41.6718],[32.9028,41.6525],[32.9032,41.6392],[32.9066,41.6281],[32.9017,41.6209],[32.8875,41.6109],[32.8722,41.5984],[32.8699,41.5892],[32.877,41.5788],[32.8748,41.5756],[32.853,41.5664],[32.8475,41.5612],[32.8321,41.5558],[32.8128,41.5543],[32.7938,41.5497],[32.7771,41.5543],[32.7711,41.5543],[32.7682,41.5514],[32.7678,41.5463],[32.7879,41.5382],[32.7963,41.5314],[32.8039,41.5205],[32.8058,41.5164],[32.8021,41.513],[32.794,41.51],[32.7743,41.5046],[32.7615,41.5033],[32.7344,41.5051],[32.7233,41.5238],[32.7189,41.5263],[32.6964,41.5295],[32.6839,41.5137],[32.6642,41.5064],[32.648,41.4962],[32.6423,41.4893],[32.6483,41.4789],[32.6572,41.4697],[32.6448,41.4548],[32.6508,41.4421],[32.6653,41.4223],[32.675,41.3981],[32.6936,41.3729],[32.6965,41.3594],[32.6965,41.338],[32.6807,41.3266],[32.6655,41.3263],[32.6474,41.3241],[32.6322,41.3286],[32.6158,41.3303],[32.5906,41.3257],[32.5672,41.3308],[32.5372,41.343],[32.5215,41.3468],[32.5028,41.3524],[32.4786,41.3601],[32.4758,41.3532],[32.466,41.3399],[32.4646,41.3085],[32.4328,41.3029],[32.4199,41.3133],[32.4062,41.3129],[32.3908,41.3139],[32.3829,41.3123],[32.3641,41.3112],[32.3408,41.3153],[32.3173,41.3086],[32.3024,41.3074],[32.2916,41.3133],[32.2841,41.3203]]]}},{"type":"Feature","properties":{"name":"Ardahan","number":75},"geometry":{"type":"Polygon","coordinates":[[[42.3389,40.9321],[42.3397,40.9379],[42.3518,40.945],[42.3626,40.9553],[42.3763,40.995],[42.3724,41.015],[42.3669,41.0361],[42.3594,41.0631],[42.3579,41.0787],[42.3696,41.0896],[42.3844,41.1014],[42.4142,41.12],[42.4554,41.1446],[42.4833,41.1607],[42.5016,41.1722],[42.5129,41.1826],[42.5702,41.2601],[42.5748,41.2745],[42.5811,41.2966],[42.5879,41.3168],[42.5916,41.3363],[42.5911,41.3492],[42.5823,41.3615],[42.5692,41.372],[42.533,41.3946],[42.52,41.4075],[42.5202,41.4367],[42.5245,41.4441],[42.5207,41.4472],[42.5213,41.4533],[42.5177,41.4558],[42.5163,41.4609],[42.5133,41.4659],[42.5128,41.4721],[42.518,41.4764],[42.5264,41.4797],[42.5323,41.4906],[42.5449,41.493],[42.5491,41.4977],[42.5552,41.4987],[42.5578,41.5045],[42.563,41.5076],[42.5713,41.5081],[42.5729,41.5099],[42.568,41.5173],[42.5648,41.5253],[42.5684,41.5288],[42.5699,41.5334],[42.5739,41.535],[42.5808,41.5432],[42.5763,41.5552],[42.5737,41.558],[42.5771,41.566],[42.5913,41.5737],[42.6009,41.5849],[42.6603,41.5927],[42.6841,41.5998],[42.6872,41.5991],[42.6975,41.6003],[42.7137,41.5955],[42.722,41.5952],[42.7401,41.5961],[42.7483,41.5883],[42.7534,41.5853],[42.7705,41.5845],[42.7746,41.5785],[42.7824,41.5777],[42.7833,41.5832],[42.7932,41.5867],[42.7944,41.5885],[42.8158,41.5886],[42.822,41.5875],[42.8271,41.5907],[42.8404,41.5893],[42.8366,41.5848],[42.8333,41.5744],[42.835,41.5723],[42.8293,41.5578],[42.8216,41.5559],[42.819,41.5526],[42.8187,41.5448],[42.8169,41.5396],[42.8067,41.5309],[42.8054,41.527],[42.7992,41.5209],[42.798,41.514],[42.8023,41.5115],[42.8041,41.5076],[42.8014,41.5032],[42.8016,41.4969],[42.824,41.4866],[42.8287,41.4799],[42.8371,41.4779],[42.851,41.4708],[42.8561,41.4712],[42.8584,41.4733],[42.8577,41.4772],[42.8612,41.4821],[42.8627,41.4919],[42.8685,41.4978],[42.8772,41.503],[42.891,41.5025],[42.9009,41.5003],[42.8995,41.4967],[42.8991,41.4882],[42.897,41.4858],[42.8994,41.479],[42.9048,41.4773],[42.9137,41.4763],[42.9247,41.4733],[42.9303,41.4707],[42.9296,41.4672],[42.9318,41.4644],[42.9361,41.4645],[42.9433,41.4576],[42.959,41.4524],[42.967,41.4515],[42.9714,41.4415],[42.9674,41.4344],[42.9714,41.4309],[42.9776,41.4281],[42.9891,41.4245],[42.9906,41.411],[43.0036,41.4067],[43.0059,41.3988],[43.0121,41.3949],[43.014,41.3894],[43.0183,41.3846],[43.0215,41.3787],[43.0187,41.3757],[43.0325,41.3708],[43.0391,41.3761],[43.0427,41.3768],[43.0554,41.3723],[43.0606,41.3663],[43.0674,41.3647],[43.0722,41.3651],[43.086,41.3586],[43.0962,41.3571],[43.1088,41.3495],[43.1146,41.3414],[43.1322,41.3211],[43.1405,41.3174],[43.1552,41.3158],[43.1594,41.3161],[43.1659,41.3091],[43.1811,41.3062],[43.1884,41.3041],[43.1987,41.3086],[43.2072,41.3052],[43.2133,41.3055],[43.2148,41.2984],[43.2123,41.2977],[43.2126,41.2903],[43.1996,41.2846],[43.1975,41.2859],[43.1864,41.2813],[43.1853,41.2781],[43.1804,41.2764],[43.1806,41.2738],[43.1742,41.272],[43.1693,41.2725],[43.1625,41.2707],[43.1555,41.2668],[43.151,41.2619],[43.1469,41.2623],[43.1322,41.2558],[43.1343,41.2528],[43.1383,41.2516],[43.1471,41.2463],[43.1559,41.2462],[43.1621,41.2491],[43.1677,41.2497],[43.1767,41.2546],[43.1926,41.2532],[43.1944,41.254],[43.1994,41.2449],[43.2011,41.235],[43.2082,41.224],[43.217,41.212],[43.231,41.192],[43.2373,41.1848],[43.2333,41.1782],[43.2343,41.1757],[43.242,41.1746],[43.2469,41.1771],[43.254,41.1772],[43.256,41.1789],[43.2645,41.1797],[43.2708,41.1831],[43.2817,41.1867],[43.2894,41.1872],[43.2929,41.1893],[43.3058,41.1898],[43.3178,41.1945],[43.3223,41.1954],[43.3292,41.2005],[43.3373,41.2006],[43.3483,41.2027],[43.3563,41.2012],[43.3674,41.2034],[43.3701,41.202],[43.3751,41.203],[43.3828,41.2007],[43.4057,41.1904],[43.4116,41.187],[43.4295,41.1822],[43.4485,41.1764],[43.4594,41.1569],[43.4635,41.1486],[43.4741,41.123],[43.4661,41.1219],[43.4586,41.1197],[43.4563,41.1091],[43.4519,41.1058],[43.4471,41.0988],[43.4472,41.0948],[43.4499,41.087],[43.4565,41.0843],[43.4602,41.0731],[43.4678,41.0704],[43.4715,41.0675],[43.4693,41.0494],[43.4683,41.0333],[43.4621,41.0332],[43.4506,41.0418],[43.4247,41.0698],[43.3617,41.0965],[43.3436,41.0952],[43.3142,41.0795],[43.2307,41.0022],[43.2055,40.9846],[43.174,40.9717],[43.1501,40.9685],[43.1049,40.9757],[43.0783,40.9751],[43.0528,40.9628],[43.0366,40.9572],[43.0144,40.9476],[43.0021,40.9337],[42.9726,40.9133],[42.9504,40.8773],[42.9064,40.8833],[42.8985,40.8408],[42.8938,40.8181],[42.8614,40.81],[42.8578,40.7908],[42.8514,40.7313],[42.828,40.7215],[42.7956,40.7068],[42.7479,40.6933],[42.6707,40.6538],[42.6182,40.6447],[42.6024,40.6292],[42.5922,40.6311],[42.6112,40.653],[42.6202,40.6801],[42.5992,40.6935],[42.598,40.7121],[42.5808,40.7317],[42.5937,40.7464],[42.5736,40.753],[42.5638,40.7771],[42.5511,40.78],[42.5448,40.7785],[42.5371,40.7817],[42.5274,40.7823],[42.5256,40.7873],[42.5106,40.7926],[42.5053,40.7874],[42.4941,40.7885],[42.4922,40.7916],[42.4982,40.7919],[42.5001,40.8037],[42.4922,40.8059],[42.4884,40.813],[42.4872,40.8178],[42.4775,40.8217],[42.4688,40.8196],[42.4641,40.8209],[42.4403,40.8196],[42.4343,40.8159],[42.4247,40.8166],[42.4208,40.8114],[42.4213,40.8075],[42.4162,40.8066],[42.4138,40.8033],[42.3984,40.7946],[42.3936,40.7882],[42.3721,40.7917],[42.3673,40.7938],[42.3603,40.7924],[42.3589,40.7985],[42.359,40.8072],[42.3414,40.8065],[42.3387,40.8104],[42.3407,40.817],[42.3354,40.8215],[42.3567,40.826],[42.3418,40.828],[42.3294,40.8261],[42.3324,40.8293],[42.3409,40.8537],[42.3502,40.8535],[42.3571,40.8567],[42.3587,40.8695],[42.3641,40.8954],[42.3595,40.8937],[42.334,40.8989],[42.3285,40.897],[42.3159,40.8826],[42.3181,40.8906],[42.3237,40.8988],[42.3313,40.9123],[42.35,40.9211],[42.3479,40.9282],[42.3389,40.9321]]]}},{"type":"Feature","properties":{"name":"Iğdır","number":76},"geometry":{"type":"Polygon","coordinates":[[[44.4672,39.6841],[44.4593,39.6709],[44.4491,39.665],[44.4413,39.6625],[44.4263,39.6609],[44.3827,39.6629],[44.3573,39.6689],[44.3425,39.6706],[44.32,39.6672],[44.3047,39.6711],[44.295,39.675],[44.2667,39.6924],[44.2546,39.6985],[44.2308,39.7062],[44.2231,39.7064],[44.1952,39.706],[44.1778,39.7129],[44.1686,39.7196],[44.1518,39.7347],[44.1451,39.7401],[44.1291,39.744],[44.1242,39.744],[44.1116,39.7373],[44.1044,39.7347],[44.0939,39.7326],[44.0852,39.7326],[44.0729,39.7338],[44.045,39.7401],[44.033,39.7348],[43.9988,39.7278],[43.9764,39.7476],[43.9533,39.7482],[43.881,39.7578],[43.8632,39.7633],[43.838,39.7774],[43.8258,39.7803],[43.8054,39.7815],[43.7903,39.7785],[43.7773,39.7679],[43.7709,39.7635],[43.7607,39.7662],[43.7455,39.7668],[43.7274,39.7708],[43.6865,39.7848],[43.6698,39.7892],[43.6293,39.7938],[43.6172,39.7973],[43.6089,39.8008],[43.5845,39.8219],[43.5682,39.835],[43.5595,39.8387],[43.5492,39.8409],[43.53,39.8412],[43.5161,39.8349],[43.5076,39.8282],[43.5016,39.8205],[43.4976,39.8107],[43.4949,39.7945],[43.4925,39.7884],[43.4855,39.7819],[43.4761,39.7754],[43.4649,39.7712],[43.4537,39.771],[43.4434,39.774],[43.4337,39.7789],[43.4246,39.7872],[43.418,39.7989],[43.4159,39.814],[43.4125,39.8226],[43.4062,39.8338],[43.4031,39.841],[43.4028,39.8491],[43.405,39.8638],[43.4047,39.871],[43.3929,39.8877],[43.3859,39.8921],[43.3704,39.9139],[43.3663,39.925],[43.3663,39.9369],[43.3685,39.9488],[43.3794,39.9709],[43.3799,39.9765],[43.3785,39.9817],[43.368,39.9892],[43.3576,39.992],[43.3243,39.9961],[43.2858,39.9968],[43.2843,40.0023],[43.291,40.0122],[43.3036,40.028],[43.3213,40.043],[43.3316,40.0461],[43.3481,40.0438],[43.358,40.0439],[43.3662,40.066],[43.3604,40.0803],[43.3425,40.093],[43.3437,40.099],[43.3467,40.1024],[43.3464,40.1177],[43.3598,40.1231],[43.3617,40.1216],[43.3672,40.1268],[43.3755,40.1306],[43.38,40.1256],[43.3848,40.1228],[43.3899,40.125],[43.3989,40.1248],[43.4021,40.1228],[43.412,40.1224],[43.4189,40.1154],[43.4251,40.1127],[43.4308,40.1126],[43.4364,40.1094],[43.4397,40.1121],[43.4447,40.1102],[43.4552,40.1109],[43.4705,40.1062],[43.4831,40.1061],[43.4957,40.1105],[43.5089,40.1138],[43.5124,40.1162],[43.5196,40.1174],[43.5235,40.1169],[43.5303,40.1182],[43.5398,40.1166],[43.544,40.1172],[43.5663,40.1159],[43.5831,40.1185],[43.5956,40.1167],[43.6125,40.1197],[43.6199,40.1218],[43.6269,40.1253],[43.6332,40.1258],[43.6378,40.1315],[43.6487,40.1312],[43.6542,40.1237],[43.6565,40.1125],[43.6628,40.1094],[43.67,40.1092],[43.6758,40.107],[43.6783,40.0961],[43.6858,40.0967],[43.6957,40.0956],[43.6995,40.091],[43.6995,40.0886],[43.7052,40.0865],[43.7154,40.0804],[43.7221,40.0817],[43.7277,40.0781],[43.7382,40.0797],[43.7427,40.0833],[43.7518,40.0786],[43.7608,40.0838],[43.7683,40.0831],[43.7692,40.0794],[43.7805,40.0723],[43.7871,40.0693],[43.7902,40.0702],[43.7982,40.0691],[43.807,40.0624],[43.8235,40.06],[43.825,40.0584],[43.8237,40.0524],[43.8247,40.0485],[43.8324,40.0484],[43.8468,40.0434],[43.854,40.0439],[43.8598,40.0421],[43.8632,40.0367],[43.8759,40.035],[43.878,40.0306],[43.8898,40.0264],[43.8967,40.0214],[43.9018,40.0214],[43.9061,40.0238],[43.9156,40.0226],[43.9234,40.0225],[43.9277,40.0247],[43.9403,40.0217],[43.9461,40.0214],[43.9569,40.0163],[43.9655,40.0183],[43.977,40.0222],[43.9794,40.0249],[43.9871,40.0281],[43.9868,40.0311],[43.9941,40.0318],[43.9984,40.0298],[44.0036,40.025],[44.0091,40.0242],[44.0167,40.0276],[44.0226,40.0287],[44.0262,40.0271],[44.0374,40.0275],[44.0428,40.0291],[44.0502,40.0271],[44.0565,40.0275],[44.0641,40.0296],[44.0665,40.0316],[44.0734,40.0324],[44.078,40.0317],[44.0858,40.0344],[44.099,40.0323],[44.1055,40.0301],[44.1139,40.0321],[44.117,40.0348],[44.123,40.0341],[44.1296,40.0292],[44.1355,40.0282],[44.1389,40.0328],[44.1482,40.0331],[44.1565,40.0304],[44.1663,40.0319],[44.1704,40.0273],[44.1773,40.0296],[44.188,40.0306],[44.1896,40.0328],[44.1893,40.0386],[44.1939,40.0396],[44.2052,40.0393],[44.2094,40.0351],[44.2137,40.0336],[44.2185,40.0375],[44.2199,40.042],[44.2318,40.043],[44.2344,40.0468],[44.2426,40.0462],[44.2484,40.0491],[44.264,40.0466],[44.2744,40.0494],[44.2806,40.0476],[44.2851,40.0435],[44.2946,40.0434],[44.2961,40.037],[44.3016,40.036],[44.314,40.0393],[44.3187,40.0376],[44.3206,40.0343],[44.3267,40.0309],[44.3365,40.0325],[44.3396,40.0279],[44.3452,40.0267],[44.3511,40.0275],[44.3545,40.0251],[44.3561,40.021],[44.364,40.0155],[44.3706,40.0093],[44.3802,40.0035],[44.392,40.0051],[44.4009,40.0022],[44.409,40.003],[44.4196,40],[44.4234,39.9938],[44.4283,39.9895],[44.4468,39.9823],[44.4516,39.9774],[44.4511,39.9731],[44.4563,39.9702],[44.4658,39.9727],[44.4714,39.9695],[44.4806,39.9668],[44.4838,39.963],[44.4911,39.9578],[44.4937,39.9496],[44.5006,39.9453],[44.5021,39.9369],[44.5096,39.9307],[44.5157,39.9297],[44.52,39.9209],[44.5223,39.9201],[44.5292,39.9223],[44.5364,39.9209],[44.5404,39.912],[44.5442,39.9078],[44.5517,39.9041],[44.5542,39.9007],[44.55,39.8871],[44.552,39.8827],[44.5629,39.8751],[44.5651,39.8698],[44.5749,39.8658],[44.5788,39.862],[44.5821,39.8641],[44.5856,39.8632],[44.592,39.8591],[44.5928,39.8503],[44.5956,39.8433],[44.589,39.8362],[44.5882,39.8333],[44.5955,39.8238],[44.6034,39.8217],[44.6108,39.8283],[44.6144,39.8294],[44.6192,39.8263],[44.6186,39.8202],[44.6127,39.8175],[44.6119,39.8146],[44.616,39.8131],[44.6229,39.815],[44.629,39.8133],[44.6328,39.8066],[44.6411,39.8055],[44.6499,39.8003],[44.6521,39.7953],[44.6564,39.7923],[44.661,39.7912],[44.6694,39.7925],[44.6758,39.7883],[44.6816,39.7958],[44.6861,39.7967],[44.6933,39.7941],[44.6963,39.7913],[44.6959,39.788],[44.6863,39.7823],[44.6858,39.7744],[44.6902,39.7701],[44.7022,39.7721],[44.7108,39.77],[44.7143,39.7616],[44.7166,39.7518],[44.7227,39.742],[44.7275,39.7407],[44.7311,39.7418],[44.7353,39.746],[44.7384,39.7459],[44.7449,39.7421],[44.7426,39.7336],[44.7488,39.7236],[44.7476,39.7164],[44.753,39.7139],[44.7664,39.7144],[44.7701,39.7118],[44.7634,39.7048],[44.7658,39.7021],[44.7753,39.7028],[44.7803,39.7009],[44.7801,39.695],[44.7864,39.6925],[44.7884,39.6898],[44.7845,39.6857],[44.7936,39.6837],[44.7977,39.6846],[44.8023,39.6834],[44.7981,39.6747],[44.794,39.6703],[44.7961,39.6684],[44.8007,39.6702],[44.8058,39.6701],[44.8001,39.6628],[44.7991,39.6579],[44.806,39.655],[44.812,39.6567],[44.8156,39.6563],[44.8177,39.6517],[44.815,39.6427],[44.8082,39.6394],[44.8088,39.6317],[44.8047,39.6296],[44.8035,39.6337],[44.8034,39.642],[44.7985,39.6489],[44.7876,39.6511],[44.7847,39.6547],[44.7751,39.661],[44.7701,39.6611],[44.7679,39.6654],[44.7646,39.6651],[44.758,39.67],[44.7582,39.6766],[44.7542,39.6784],[44.7537,39.6817],[44.7492,39.6876],[44.7439,39.69],[44.7418,39.6937],[44.7343,39.6938],[44.7274,39.6997],[44.7283,39.7025],[44.7224,39.7071],[44.717,39.7091],[44.7136,39.7146],[44.7052,39.7126],[44.7016,39.7102],[44.6933,39.7135],[44.6893,39.7176],[44.6848,39.7152],[44.6689,39.7144],[44.6524,39.7277],[44.6485,39.7275],[44.6389,39.741],[44.6359,39.7416],[44.6293,39.7466],[44.6324,39.7559],[44.6241,39.7636],[44.6195,39.7745],[44.6147,39.7825],[44.5914,39.7671],[44.585,39.7655],[44.5768,39.7575],[44.5658,39.7504],[44.5508,39.7396],[44.5306,39.7258],[44.5143,39.7157],[44.4933,39.7018],[44.4855,39.6947],[44.4672,39.6841]]]}},{"type":"Feature","properties":{"name":"Yalova","number":77},"geometry":{"type":"Polygon","coordinates":[[[29.4818,40.564],[29.47,40.5679],[29.4572,40.5643],[29.4568,40.5555],[29.4472,40.5529],[29.4505,40.5487],[29.4469,40.5419],[29.4424,40.5444],[29.438,40.5428],[29.4277,40.5452],[29.423,40.5438],[29.4143,40.5484],[29.4102,40.5488],[29.4045,40.5517],[29.3971,40.5513],[29.3882,40.5552],[29.3832,40.5606],[29.3711,40.5639],[29.3475,40.5691],[29.3415,40.5656],[29.3393,40.5622],[29.333,40.5584],[29.3292,40.5511],[29.329,40.5483],[29.3248,40.5402],[29.3189,40.5328],[29.3171,40.5277],[29.3097,40.5282],[29.3044,40.5263],[29.3015,40.53],[29.2886,40.5353],[29.2787,40.5361],[29.2741,40.5333],[29.2701,40.5365],[29.2565,40.536],[29.2537,40.5324],[29.246,40.533],[29.2417,40.5321],[29.2374,40.529],[29.2342,40.522],[29.2291,40.5206],[29.2209,40.5243],[29.2135,40.5242],[29.2057,40.5293],[29.2051,40.5345],[29.1972,40.5369],[29.1854,40.5379],[29.1765,40.5368],[29.1668,40.5429],[29.1669,40.5476],[29.1626,40.548],[29.1529,40.5543],[29.158,40.5628],[29.1577,40.5666],[29.1487,40.576],[29.1324,40.5773],[29.1268,40.5686],[29.1226,40.5682],[29.1168,40.5711],[29.1064,40.5709],[29.1001,40.5677],[29.0998,40.5761],[29.0969,40.5779],[29.085,40.5764],[29.0767,40.5724],[29.0716,40.5645],[29.0666,40.5645],[29.0619,40.5616],[29.0507,40.5667],[29.0399,40.5762],[29.0319,40.5797],[29.0305,40.5769],[29.019,40.5703],[29.0159,40.5639],[29.0158,40.5596],[29.0079,40.5448],[29.004,40.5216],[29.0007,40.5142],[28.9999,40.4999],[28.995,40.4865],[29.0004,40.4802],[29.0056,40.4793],[29.0085,40.4762],[29.0112,40.4703],[29.0021,40.4699],[28.9916,40.4669],[28.9885,40.4644],[28.9821,40.4641],[28.9771,40.4567],[28.9727,40.4574],[28.9708,40.46],[28.9655,40.4618],[28.9469,40.464],[28.9455,40.463],[28.9355,40.4635],[28.9298,40.4656],[28.9218,40.4665],[28.9198,40.4685],[28.9092,40.4724],[28.8998,40.4729],[28.8962,40.4766],[28.8865,40.4786],[28.8828,40.4811],[28.8735,40.4913],[28.8618,40.4985],[28.8545,40.5061],[28.8493,40.5059],[28.8402,40.5093],[28.8345,40.5086],[28.8247,40.5094],[28.8198,40.5121],[28.8163,40.5116],[28.808,40.5136],[28.7974,40.514],[28.7902,40.5177],[28.7812,40.5182],[28.7797,40.5258],[28.7805,40.5345],[28.7827,40.5375],[28.7886,40.5402],[28.7897,40.5448],[28.7936,40.5518],[28.8032,40.5571],[28.81,40.5591],[28.8185,40.5653],[28.8336,40.5659],[28.8391,40.5689],[28.8489,40.572],[28.8665,40.5757],[28.8917,40.583],[28.9022,40.5883],[28.9056,40.5914],[28.921,40.5956],[28.9354,40.6029],[28.941,40.6078],[28.9509,40.6124],[28.9534,40.6147],[28.9569,40.623],[28.9601,40.6281],[28.966,40.6336],[28.9857,40.6408],[28.9908,40.6441],[28.9963,40.6452],[29.0037,40.6446],[29.0068,40.6464],[29.0118,40.6442],[29.0243,40.6465],[29.0354,40.6458],[29.0428,40.6467],[29.0469,40.6483],[29.0669,40.6441],[29.0707,40.6441],[29.0789,40.6463],[29.0909,40.6453],[29.097,40.6435],[29.1067,40.6434],[29.114,40.6448],[29.117,40.6467],[29.1286,40.649],[29.1346,40.6482],[29.1386,40.6499],[29.1454,40.6569],[29.1436,40.6607],[29.151,40.66],[29.1542,40.6574],[29.1612,40.6556],[29.1712,40.6552],[29.1899,40.6575],[29.1955,40.6562],[29.2058,40.6559],[29.2279,40.6573],[29.2396,40.659],[29.2525,40.6587],[29.2614,40.6575],[29.2706,40.6603],[29.2808,40.66],[29.2902,40.6637],[29.2984,40.6647],[29.3121,40.6692],[29.3158,40.6691],[29.3272,40.6712],[29.3371,40.672],[29.3444,40.6743],[29.3535,40.6819],[29.355,40.682],[29.3668,40.6936],[29.3777,40.7002],[29.382,40.7015],[29.3875,40.7003],[29.3935,40.7021],[29.4006,40.699],[29.4141,40.6917],[29.4234,40.6888],[29.429,40.6885],[29.4328,40.6915],[29.4361,40.6896],[29.4462,40.6937],[29.4565,40.6959],[29.4666,40.7034],[29.4696,40.7106],[29.4807,40.7211],[29.4865,40.7237],[29.4941,40.7257],[29.499,40.7281],[29.5022,40.7325],[29.5086,40.7322],[29.516,40.7403],[29.517,40.7326],[29.5208,40.7211],[29.5337,40.7126],[29.5389,40.7044],[29.5418,40.7029],[29.5507,40.6916],[29.5583,40.6866],[29.5505,40.6786],[29.5506,40.6756],[29.5391,40.6689],[29.5303,40.6662],[29.5358,40.6625],[29.539,40.6563],[29.5322,40.656],[29.5188,40.651],[29.5108,40.6499],[29.5069,40.6472],[29.4989,40.6457],[29.5002,40.6415],[29.4977,40.64],[29.4997,40.6351],[29.4998,40.627],[29.4981,40.6225],[29.5023,40.6173],[29.5018,40.6065],[29.498,40.6042],[29.4952,40.5951],[29.4945,40.5899],[29.4995,40.5899],[29.5015,40.5841],[29.4981,40.5801],[29.4989,40.5758],[29.4943,40.5722],[29.4942,40.5692],[29.4891,40.5698],[29.4839,40.5674],[29.4818,40.564]]]}},{"type":"Feature","properties":{"name":"Karabük","number":78},"geometry":{"type":"Polygon","coordinates":[[[32.2841,41.3203],[32.2916,41.3133],[32.3024,41.3074],[32.3173,41.3086],[32.3408,41.3153],[32.3641,41.3112],[32.3829,41.3123],[32.3908,41.3139],[32.4062,41.3129],[32.4199,41.3133],[32.4328,41.3029],[32.4646,41.3085],[32.466,41.3399],[32.4758,41.3532],[32.4786,41.3601],[32.5028,41.3524],[32.5215,41.3468],[32.5372,41.343],[32.5672,41.3308],[32.5906,41.3257],[32.6158,41.3303],[32.6322,41.3286],[32.6474,41.3241],[32.6655,41.3263],[32.6807,41.3266],[32.6965,41.338],[32.6965,41.3594],[32.6936,41.3729],[32.675,41.3981],[32.6653,41.4223],[32.6508,41.4421],[32.6448,41.4548],[32.6572,41.4697],[32.6483,41.4789],[32.6423,41.4893],[32.648,41.4962],[32.6642,41.5064],[32.6839,41.5137],[32.6964,41.5295],[32.7189,41.5263],[32.7233,41.5238],[32.7344,41.5051],[32.7615,41.5033],[32.7743,41.5046],[32.794,41.51],[32.8021,41.513],[32.8058,41.5164],[32.8039,41.5205],[32.7963,41.5314],[32.7879,41.5382],[32.7678,41.5463],[32.7682,41.5514],[32.7711,41.5543],[32.7771,41.5543],[32.7938,41.5497],[32.8128,41.5543],[32.8321,41.5558],[32.8475,41.5612],[32.853,41.5664],[32.8748,41.5756],[32.8895,41.5774],[32.8984,41.571],[32.8984,41.5637],[32.9033,41.5611],[32.9124,41.5598],[32.9226,41.5605],[32.9318,41.5653],[32.9349,41.5687],[32.938,41.5748],[32.9527,41.5847],[32.9568,41.5862],[32.9734,41.5848],[32.9795,41.5874],[32.991,41.5879],[32.9963,41.5855],[32.9919,41.5794],[32.9873,41.5754],[32.9894,41.5705],[32.9954,41.5706],[33.0027,41.5684],[33.0067,41.5696],[33.0077,41.5739],[33.0158,41.5787],[33.0255,41.5789],[33.0394,41.5817],[33.0439,41.5853],[33.0491,41.582],[33.0541,41.5619],[33.0509,41.5548],[33.0553,41.5499],[33.0585,41.5416],[33.0589,41.5369],[33.0533,41.5228],[33.0393,41.5128],[33.0526,41.5062],[33.0594,41.4926],[33.0592,41.488],[33.0649,41.484],[33.0832,41.4808],[33.1046,41.4779],[33.1077,41.4754],[33.0997,41.4631],[33.0991,41.4579],[33.1084,41.4525],[33.1134,41.444],[33.1204,41.4378],[33.1253,41.4349],[33.1246,41.4263],[33.1284,41.4175],[33.1302,41.3977],[33.124,41.3883],[33.1341,41.3787],[33.1373,41.3723],[33.1256,41.3559],[33.123,41.3495],[33.0947,41.3396],[33.0833,41.3319],[33.0749,41.3231],[33.0684,41.3189],[33.055,41.3171],[33.0257,41.3152],[33.011,41.3174],[33.0063,41.3148],[33.0026,41.3069],[32.9916,41.2982],[32.9762,41.2928],[32.9707,41.2892],[32.9708,41.2816],[32.9676,41.2771],[32.956,41.2686],[32.9387,41.2546],[32.9352,41.2484],[32.9351,41.2443],[32.9406,41.2374],[32.94,41.235],[32.9335,41.2288],[32.9315,41.2219],[32.9305,41.2091],[32.9253,41.1985],[32.9266,41.1872],[32.947,41.1778],[32.9581,41.1718],[32.9662,41.1642],[32.9636,41.1595],[32.9566,41.1571],[32.9604,41.1524],[32.9669,41.1513],[32.9785,41.1544],[32.9912,41.1486],[32.9969,41.1479],[33.0101,41.1495],[33.016,41.1456],[33.0206,41.1394],[33.0306,41.1337],[33.0388,41.1266],[33.0474,41.1175],[33.0501,41.1121],[33.0596,41.1095],[33.0615,41.1027],[33.0603,41.0959],[33.057,41.0931],[33.0582,41.0904],[33.0553,41.0853],[33.0597,41.0798],[33.0587,41.0742],[33.0739,41.0627],[33.0708,41.0599],[33.0702,41.0514],[33.0635,41.045],[33.0455,41.04],[33.0404,41.0339],[33.0401,41.0269],[33.0457,41.0172],[33.0447,41.0092],[33.0448,40.9976],[33.0469,40.9939],[33.0528,40.9921],[33.0369,40.9908],[33.0225,40.9923],[32.9991,40.984],[32.9981,40.9707],[32.9723,40.9634],[32.9328,40.9568],[32.8928,40.9482],[32.8614,40.9504],[32.8489,40.9532],[32.8339,40.9644],[32.8244,40.9543],[32.8184,40.9532],[32.8118,40.9544],[32.8059,40.9542],[32.799,40.9523],[32.7965,40.9565],[32.7862,40.9531],[32.7839,40.9462],[32.7825,40.9311],[32.7783,40.9263],[32.7735,40.9156],[32.7569,40.9004],[32.7501,40.8771],[32.7334,40.8733],[32.6761,40.8557],[32.6605,40.8523],[32.6219,40.842],[32.5908,40.8307],[32.572,40.8254],[32.5523,40.8387],[32.5349,40.8466],[32.5225,40.8657],[32.5221,40.8734],[32.5197,40.8792],[32.5135,40.8818],[32.505,40.8813],[32.4925,40.8827],[32.4758,40.877],[32.4541,40.8665],[32.4351,40.8584],[32.4194,40.8537],[32.4058,40.8539],[32.3869,40.8552],[32.3757,40.859],[32.331,40.8686],[32.3261,40.88],[32.3533,40.8986],[32.3828,40.9104],[32.3905,40.9216],[32.4029,40.9267],[32.4043,40.9353],[32.4009,40.9624],[32.3666,40.9485],[32.3519,40.95],[32.3499,40.957],[32.3447,40.967],[32.3551,40.9822],[32.3567,40.9953],[32.3719,41.0084],[32.3277,41.0266],[32.2755,41.0325],[32.2359,41.0303],[32.1713,41.0487],[32.157,41.0304],[32.1188,41.0293],[32.1137,41.0106],[32.101,41.0076],[32.0839,41.0078],[32.059,41.0126],[32.0437,41.0227],[32.0373,41.0192],[32.0279,41.0201],[32.0067,41.0287],[31.9809,41.0463],[31.9738,41.0574],[31.9801,41.0727],[31.9919,41.0846],[32.0241,41.1079],[32.0332,41.1185],[32.0459,41.1274],[32.0533,41.1411],[32.0573,41.1573],[32.0611,41.1617],[32.0665,41.1618],[32.0897,41.1603],[32.0964,41.1639],[32.0986,41.1722],[32.1023,41.1808],[32.1204,41.2088],[32.1285,41.2186],[32.1453,41.2292],[32.1599,41.2394],[32.1744,41.2474],[32.1936,41.251],[32.2162,41.2538],[32.2419,41.2512],[32.249,41.2557],[32.2459,41.2711],[32.2401,41.2798],[32.2419,41.2863],[32.2579,41.2923],[32.2729,41.3025],[32.2791,41.3081],[32.2841,41.3203]]]}},{"type":"Feature","properties":{"name":"Kilis","number":79},"geometry":{"type":"Polygon","coordinates":[[[36.7124,36.8268],[36.7205,36.8573],[36.7474,36.8706],[36.7555,36.8758],[36.7682,36.8885],[36.7851,36.9071],[36.7962,36.9122],[36.8149,36.9199],[36.8232,36.9131],[36.8345,36.906],[36.8619,36.8918],[36.8723,36.8917],[36.8826,36.8959],[36.8804,36.9001],[36.8846,36.9026],[36.8846,36.9082],[36.8888,36.9124],[36.8866,36.9161],[36.8869,36.9206],[36.8836,36.9215],[36.8805,36.9267],[36.8898,36.9321],[36.895,36.9383],[36.9046,36.9444],[36.9191,36.9497],[36.9269,36.956],[36.9286,36.9621],[36.9321,36.9698],[36.934,36.9769],[36.94,36.9841],[36.9522,37.0002],[36.9509,37.0138],[36.9769,37.0245],[36.9937,37.0346],[37.0042,37.0314],[37.0015,37.0301],[37,37.0225],[37.0059,37.0147],[37.0052,37.01],[37.0175,37.0003],[37.017,36.996],[37.0255,36.9969],[37.0342,36.9964],[37.0373,36.9938],[37.0411,36.9999],[37.0484,36.9963],[37.0533,36.9971],[37.064,36.996],[37.0664,36.9879],[37.0571,36.9817],[37.0491,36.9721],[37.0527,36.9684],[37.0648,36.9669],[37.0666,36.9613],[37.0723,36.964],[37.075,36.9535],[37.0618,36.9472],[37.0639,36.9413],[37.0715,36.9383],[37.068,36.9336],[37.0795,36.9166],[37.0892,36.9043],[37.102,36.898],[37.1135,36.8951],[37.1252,36.8951],[37.1527,36.8909],[37.1648,36.8834],[37.1891,36.8808],[37.2211,36.8806],[37.2569,36.8773],[37.278,36.8717],[37.2981,36.8597],[37.3084,36.8465],[37.3094,36.8355],[37.3028,36.8197],[37.3029,36.7825],[37.3059,36.7694],[37.3157,36.7603],[37.3519,36.7427],[37.3596,36.7307],[37.3648,36.7327],[37.3691,36.7238],[37.3832,36.7276],[37.3927,36.7285],[37.3858,36.7419],[37.3844,36.7488],[37.3975,36.7595],[37.401,36.7688],[37.391,36.771],[37.3826,36.7758],[37.3863,36.7839],[37.3818,36.7941],[37.3807,36.8041],[37.4047,36.807],[37.4031,36.8105],[37.4056,36.8144],[37.4094,36.8265],[37.4151,36.8258],[37.4224,36.8195],[37.4338,36.8151],[37.4436,36.8146],[37.4493,36.8135],[37.4474,36.8084],[37.4468,36.7946],[37.4527,36.7931],[37.4533,36.7885],[37.458,36.7857],[37.4631,36.7859],[37.477,36.7814],[37.4763,36.7837],[37.4893,36.7821],[37.493,36.7841],[37.4928,36.7759],[37.4988,36.7708],[37.4957,36.7676],[37.4875,36.7651],[37.4909,36.7572],[37.4914,36.752],[37.5017,36.7526],[37.5072,36.7505],[37.5086,36.7425],[37.5114,36.7388],[37.5312,36.7442],[37.5393,36.7427],[37.5441,36.7309],[37.5417,36.7288],[37.5442,36.7225],[37.5508,36.7264],[37.5545,36.7252],[37.5579,36.7202],[37.5651,36.7158],[37.5727,36.7058],[37.5616,36.701],[37.5247,36.6876],[37.4989,36.6757],[37.4901,36.6696],[37.4884,36.6663],[37.4879,36.6519],[37.4863,36.6486],[37.4741,36.633],[37.4712,36.6348],[37.4441,36.6327],[37.4252,36.644],[37.4062,36.6439],[37.3965,36.6482],[37.3759,36.6534],[37.3716,36.6537],[37.3554,36.6573],[37.3403,36.6601],[37.3154,36.6653],[37.2838,36.6701],[37.2782,36.6699],[37.2779,36.6644],[37.2751,36.6638],[37.2699,36.6665],[37.2463,36.6708],[37.2404,36.6704],[37.2381,36.6719],[37.2241,36.6721],[37.2168,36.6753],[37.2083,36.6728],[37.2031,36.6703],[37.1928,36.6677],[37.1843,36.6628],[37.1798,36.6621],[37.1626,36.6569],[37.1582,36.6615],[37.1549,36.6612],[37.1526,36.6647],[37.1455,36.6715],[37.1421,36.6773],[37.1352,36.672],[37.1247,36.6656],[37.1211,36.6665],[37.1144,36.6721],[37.1062,36.6715],[37.0989,36.6487],[37.0903,36.6386],[37.0857,36.6344],[37.0571,36.6454],[37.0575,36.6549],[37.0518,36.6565],[37.0349,36.6647],[37.0207,36.6662],[37.0206,36.6799],[37.0197,36.684],[37.0162,36.6852],[37.0175,36.6912],[37.0162,36.6959],[37.0214,36.6988],[37.0308,36.6988],[37.0402,36.7032],[37.041,36.7105],[37.0468,36.7157],[37.0477,36.7198],[37.0454,36.7285],[37.0429,36.7334],[37.037,36.7363],[37.0219,36.7375],[37.0121,36.7374],[36.9966,36.7405],[36.9931,36.7437],[36.9989,36.7477],[36.9996,36.7506],[36.9962,36.7529],[36.9975,36.7656],[36.985,36.7618],[36.9708,36.7643],[36.965,36.7673],[36.9552,36.77],[36.9459,36.7769],[36.9415,36.774],[36.9386,36.7754],[36.9348,36.7738],[36.9308,36.78],[36.9253,36.7834],[36.9239,36.7863],[36.9174,36.7859],[36.9067,36.7787],[36.9006,36.7771],[36.8891,36.7785],[36.8845,36.7771],[36.8756,36.7806],[36.8713,36.7808],[36.8371,36.7901],[36.8289,36.7919],[36.8249,36.7916],[36.8119,36.7934],[36.7934,36.7968],[36.7807,36.8013],[36.7639,36.8104],[36.7532,36.8187],[36.7467,36.8208],[36.7402,36.8188],[36.7281,36.8211],[36.7242,36.8252],[36.7166,36.8275],[36.7124,36.8268]]]}},{"type":"Feature","properties":{"name":"Osmaniye","number":80},"geometry":{"type":"Polygon","coordinates":[[[36.0576,37.0082],[36.0554,37.0185],[36.0571,37.0459],[36.0629,37.0528],[36.0646,37.0569],[36.0718,37.0572],[36.0825,37.0607],[36.0865,37.0573],[36.0923,37.0581],[36.0951,37.061],[36.0905,37.0737],[36.0895,37.0809],[36.0992,37.0845],[36.0947,37.0938],[36.0881,37.1002],[36.078,37.1055],[36.0773,37.1155],[36.0872,37.1279],[36.0941,37.1347],[36.0965,37.1435],[36.0962,37.155],[36.0856,37.1584],[36.0832,37.1617],[36.0768,37.1655],[36.0729,37.1753],[36.0724,37.179],[36.0737,37.1999],[36.0525,37.2071],[36.0476,37.2075],[36.0354,37.2118],[36.0272,37.2109],[36.0218,37.2129],[36.006,37.2141],[35.9928,37.2184],[35.9845,37.2165],[35.9764,37.2198],[35.9724,37.2201],[35.968,37.2181],[35.9636,37.211],[35.9581,37.2062],[35.9533,37.2066],[35.9471,37.2102],[35.9448,37.2041],[35.9353,37.2046],[35.931,37.2013],[35.9311,37.1949],[35.9238,37.1909],[35.9098,37.1877],[35.9031,37.1838],[35.8955,37.1827],[35.9002,37.1762],[35.8888,37.1775],[35.8842,37.1746],[35.8806,37.1757],[35.8827,37.1796],[35.8819,37.1824],[35.8765,37.185],[35.8803,37.1871],[35.8798,37.1914],[35.8841,37.1948],[35.8845,37.1991],[35.8874,37.2084],[35.8926,37.2115],[35.893,37.2173],[35.9036,37.2323],[35.9101,37.2344],[35.9139,37.2343],[35.9127,37.2429],[35.9169,37.245],[35.9154,37.2501],[35.9173,37.2534],[35.9128,37.2584],[35.912,37.2701],[35.9046,37.2811],[35.9034,37.2846],[35.905,37.2875],[35.9055,37.2972],[35.9092,37.3171],[35.9109,37.3179],[35.9102,37.3259],[35.9128,37.3345],[35.9166,37.3381],[35.9203,37.3457],[35.916,37.3499],[35.9168,37.3526],[35.9167,37.3621],[35.9157,37.3637],[35.917,37.3735],[35.9141,37.384],[35.9175,37.3922],[35.9196,37.3948],[35.92,37.402],[35.9219,37.4109],[35.9225,37.4236],[35.9196,37.444],[35.9173,37.4487],[35.9144,37.4617],[35.9157,37.4664],[35.9211,37.4725],[35.9219,37.4755],[35.9294,37.4839],[35.9377,37.4873],[35.9472,37.4886],[35.9517,37.5069],[35.9568,37.5098],[35.9622,37.5169],[35.9651,37.5286],[35.9616,37.5347],[35.9644,37.5494],[35.9716,37.5663],[35.9839,37.5791],[35.9935,37.5875],[36.0259,37.6083],[36.0372,37.6132],[36.0523,37.6273],[36.0694,37.6409],[36.0872,37.6625],[36.1034,37.6861],[36.1278,37.7096],[36.1372,37.7232],[36.1466,37.7327],[36.1547,37.7374],[36.174,37.7387],[36.1911,37.7465],[36.2036,37.749],[36.2607,37.7498],[36.2588,37.744],[36.2529,37.7437],[36.2429,37.7348],[36.2419,37.7325],[36.2336,37.7316],[36.2318,37.7287],[36.2238,37.7263],[36.2187,37.7221],[36.2186,37.7197],[36.2135,37.718],[36.2134,37.7148],[36.2461,37.685],[36.266,37.6685],[36.2663,37.6584],[36.2623,37.6441],[36.2563,37.6286],[36.2568,37.6229],[36.2604,37.6178],[36.2607,37.6116],[36.2581,37.6094],[36.2608,37.6017],[36.2494,37.5922],[36.2469,37.5799],[36.2543,37.5679],[36.2512,37.5663],[36.2495,37.5621],[36.2514,37.5592],[36.2464,37.5508],[36.246,37.5438],[36.2435,37.5391],[36.2404,37.5372],[36.2366,37.5203],[36.2409,37.5106],[36.2408,37.5057],[36.2466,37.5017],[36.2452,37.4967],[36.2515,37.4975],[36.2516,37.4952],[36.2457,37.4868],[36.2498,37.481],[36.2457,37.4769],[36.2533,37.4728],[36.2535,37.469],[36.2565,37.4627],[36.259,37.4614],[36.2578,37.4561],[36.2543,37.4548],[36.2522,37.4502],[36.2548,37.4465],[36.256,37.4413],[36.2522,37.4365],[36.2569,37.4365],[36.2606,37.4319],[36.2577,37.4288],[36.2532,37.4154],[36.2624,37.4187],[36.2635,37.4151],[36.2617,37.4103],[36.2667,37.4077],[36.2571,37.3968],[36.2627,37.3933],[36.2734,37.3588],[36.2851,37.3526],[36.3023,37.3614],[36.3097,37.364],[36.3193,37.3656],[36.3357,37.3644],[36.3422,37.3578],[36.3466,37.3592],[36.3525,37.3645],[36.3576,37.3636],[36.3617,37.3592],[36.3672,37.3511],[36.3759,37.3477],[36.3882,37.3526],[36.4039,37.3521],[36.4075,37.3553],[36.4126,37.3573],[36.4119,37.3633],[36.4142,37.3659],[36.4197,37.3658],[36.4212,37.3627],[36.4263,37.363],[36.4305,37.3689],[36.4488,37.3686],[36.4538,37.3692],[36.4602,37.3728],[36.4632,37.3724],[36.4686,37.3761],[36.4745,37.384],[36.4751,37.395],[36.471,37.4076],[36.4653,37.4141],[36.4788,37.4168],[36.5046,37.4284],[36.514,37.4402],[36.5186,37.4402],[36.5252,37.436],[36.5402,37.4327],[36.5504,37.4265],[36.5632,37.4213],[36.5775,37.4162],[36.5861,37.4118],[36.585,37.4063],[36.579,37.4013],[36.5733,37.3943],[36.5629,37.3876],[36.5582,37.3808],[36.5439,37.3708],[36.5247,37.3551],[36.5301,37.3527],[36.5527,37.3493],[36.5784,37.347],[36.6121,37.3481],[36.6282,37.3452],[36.6405,37.3491],[36.6528,37.3521],[36.6713,37.361],[36.6856,37.3641],[36.6914,37.3583],[36.6822,37.3457],[36.6697,37.3302],[36.6503,37.3188],[36.6422,37.3103],[36.6351,37.3061],[36.6316,37.3018],[36.6305,37.2979],[36.6594,37.2724],[36.688,37.2782],[36.6851,37.2705],[36.6757,37.2632],[36.6743,37.259],[36.6763,37.2548],[36.6742,37.2473],[36.6711,37.2421],[36.6767,37.2429],[36.6892,37.2407],[36.6927,37.2328],[36.692,37.2265],[36.6965,37.2203],[36.6931,37.2162],[36.6795,37.184],[36.6565,37.1711],[36.6479,37.162],[36.6462,37.1579],[36.6371,37.1555],[36.6257,37.1537],[36.6217,37.1445],[36.618,37.1411],[36.6215,37.1337],[36.6238,37.1261],[36.6176,37.1186],[36.6072,37.111],[36.6007,37.1089],[36.5959,37.1031],[36.588,37.1024],[36.5828,37.0952],[36.5735,37.0925],[36.572,37.0728],[36.5623,37.0513],[36.5506,37.0486],[36.5481,37.041],[36.5394,37.0318],[36.5239,37.0127],[36.505,37.0003],[36.487,36.9915],[36.472,36.9875],[36.4607,36.9788],[36.4571,36.9653],[36.4474,36.9451],[36.4428,36.9331],[36.4329,36.9314],[36.4112,36.9299],[36.3991,36.9297],[36.369,36.9317],[36.3488,36.9421],[36.335,36.9473],[36.3168,36.9517],[36.3038,36.9532],[36.2934,36.9563],[36.2825,36.9587],[36.2699,36.9626],[36.2464,36.963],[36.2354,36.9647],[36.2259,36.9775],[36.206,36.9781],[36.2149,36.99],[36.2175,36.9982],[36.2159,37.0044],[36.2058,37.0046],[36.1971,36.9983],[36.1897,36.9963],[36.1866,36.9941],[36.1581,36.9931],[36.1393,36.9948],[36.1267,36.9967],[36.1153,36.9992],[36.0941,37.0032],[36.0702,37.0033],[36.0576,37.0082]]]}},{"type":"Feature","properties":{"name":"Düzce","number":81},"geometry":{"type":"Polygon","coordinates":[[[31.8536,41.0083],[31.8505,41.0032],[31.845,40.9988],[31.8388,40.998],[31.7958,40.9721],[31.7877,40.9703],[31.7855,40.965],[31.7807,40.9608],[31.7771,40.9679],[31.7764,40.973],[31.7711,40.9772],[31.767,40.9776],[31.7613,40.9804],[31.7566,40.9852],[31.7503,40.9878],[31.7396,40.9841],[31.7314,40.9829],[31.7176,40.9793],[31.716,40.9757],[31.7121,40.976],[31.7055,40.9705],[31.7007,40.9693],[31.6921,40.97],[31.6798,40.9646],[31.6782,40.9618],[31.67,40.9603],[31.663,40.9551],[31.6535,40.9542],[31.6501,40.9555],[31.644,40.9505],[31.643,40.9208],[31.6369,40.9136],[31.6205,40.9085],[31.6157,40.9008],[31.61,40.895],[31.6035,40.8902],[31.5945,40.8849],[31.5753,40.8779],[31.5672,40.8741],[31.5528,40.8699],[31.5485,40.8699],[31.5383,40.8675],[31.533,40.8612],[31.5456,40.8027],[31.5262,40.8025],[31.519,40.8018],[31.5016,40.7937],[31.478,40.7837],[31.4728,40.7821],[31.458,40.7809],[31.4428,40.7788],[31.4376,40.7731],[31.4247,40.7668],[31.4152,40.7628],[31.4158,40.758],[31.4144,40.7481],[31.4092,40.7385],[31.4077,40.7284],[31.4018,40.7151],[31.3946,40.7023],[31.3911,40.6979],[31.3849,40.6874],[31.3855,40.6839],[31.3848,40.6742],[31.3858,40.6709],[31.3812,40.6659],[31.3767,40.6629],[31.375,40.6598],[31.3701,40.6579],[31.3641,40.6517],[31.3557,40.6482],[31.3486,40.6479],[31.3393,40.6443],[31.3112,40.6408],[31.3028,40.629],[31.2793,40.6282],[31.2714,40.6325],[31.2645,40.6397],[31.2549,40.6399],[31.2473,40.644],[31.2337,40.6358],[31.2263,40.6231],[31.2064,40.6229],[31.1895,40.6242],[31.1687,40.6356],[31.1602,40.6392],[31.1481,40.6414],[31.1256,40.6487],[31.1118,40.654],[31.0924,40.6548],[31.0716,40.6502],[31.0359,40.6394],[31.0118,40.6305],[30.9693,40.6248],[30.9399,40.6316],[30.9408,40.6504],[30.923,40.655],[30.9186,40.6599],[30.9255,40.6695],[30.9254,40.6734],[30.9305,40.6774],[30.9356,40.6836],[30.9354,40.6921],[30.939,40.6971],[30.9386,40.7012],[30.9415,40.7039],[30.941,40.711],[30.9381,40.7127],[30.9258,40.7105],[30.9245,40.7156],[30.9195,40.7157],[30.9136,40.72],[30.9102,40.7253],[30.8924,40.7293],[30.891,40.7308],[30.8916,40.7408],[30.8931,40.7422],[30.8911,40.747],[30.8857,40.7495],[30.8788,40.7475],[30.8651,40.7474],[30.8552,40.7447],[30.8439,40.7399],[30.8395,40.7399],[30.8302,40.7514],[30.8329,40.7548],[30.8303,40.7596],[30.8283,40.7697],[30.8223,40.7739],[30.8272,40.7826],[30.8325,40.7849],[30.8364,40.7836],[30.8406,40.7865],[30.8406,40.7888],[30.8366,40.7958],[30.8362,40.8005],[30.8395,40.8045],[30.8478,40.8084],[30.8596,40.8121],[30.8642,40.815],[30.8781,40.8187],[30.8945,40.8182],[30.8946,40.8237],[30.8967,40.8255],[30.9036,40.8257],[30.9057,40.8273],[30.9142,40.8283],[30.9179,40.8313],[30.9194,40.8375],[30.9152,40.8405],[30.9035,40.8412],[30.8982,40.8351],[30.8922,40.8378],[30.8823,40.8374],[30.8743,40.8385],[30.8684,40.8406],[30.8671,40.8433],[30.8703,40.8514],[30.8737,40.8561],[30.8817,40.8621],[30.8794,40.87],[30.8646,40.8773],[30.8491,40.8771],[30.8455,40.8781],[30.8406,40.8821],[30.8238,40.8839],[30.8244,40.8907],[30.8231,40.8937],[30.8243,40.9001],[30.8284,40.9008],[30.8323,40.9098],[30.8388,40.9108],[30.846,40.9098],[30.8577,40.9115],[30.8627,40.9139],[30.8664,40.9119],[30.8729,40.9119],[30.8782,40.9141],[30.8839,40.9143],[30.8907,40.9172],[30.8982,40.9161],[30.9081,40.9238],[30.9081,40.9255],[30.9011,40.9271],[30.8961,40.9311],[30.8969,40.9338],[30.9021,40.9382],[30.9106,40.9417],[30.9116,40.9462],[30.9169,40.9491],[30.9161,40.9537],[30.9315,40.962],[30.9318,40.9648],[30.9359,40.969],[30.941,40.9774],[30.9455,40.977],[30.9482,40.9795],[30.9542,40.9805],[30.9568,40.9835],[30.9627,40.986],[30.9597,40.9907],[30.9615,40.9939],[30.9579,40.996],[30.9527,40.9957],[30.9514,41.0011],[30.9616,41.0018],[30.965,41.0042],[30.9612,41.0083],[30.9687,41.0085],[30.9763,41.0099],[30.98,41.0126],[30.9863,41.0221],[30.9847,41.028],[30.9905,41.0269],[30.9935,41.0304],[31.0041,41.0302],[31.0106,41.0391],[31.0125,41.0452],[31.0091,41.0482],[31.0045,41.0483],[30.9982,41.0423],[30.9847,41.0426],[30.982,41.0463],[30.9848,41.0504],[30.9844,41.0536],[30.9777,41.0611],[30.9709,41.0602],[30.9673,41.0616],[30.9675,41.0654],[30.9598,41.0624],[30.956,41.0623],[30.958,41.0679],[30.9666,41.0722],[30.9675,41.0748],[30.9683,41.0736],[30.9804,41.0725],[31.0079,41.0725],[31.0173,41.0734],[31.0203,41.0764],[31.0473,41.0762],[31.065,41.0774],[31.0796,41.0798],[31.0903,41.0838],[31.0918,41.0865],[31.1051,41.0875],[31.1104,41.0893],[31.1389,41.0906],[31.1532,41.0916],[31.1835,41.0944],[31.2075,41.097],[31.235,41.1012],[31.2517,41.1044],[31.2602,41.1072],[31.2823,41.1126],[31.293,41.1158],[31.2957,41.1142],[31.3013,41.1053],[31.3087,41.1019],[31.307,41.0949],[31.3074,41.087],[31.3123,41.0738],[31.32,41.0613],[31.3275,41.0467],[31.3231,41.0228],[31.3362,41.024],[31.3613,41.0218],[31.3794,41.0235],[31.3926,41.0201],[31.4222,41.0258],[31.4406,41.0286],[31.4663,41.0307],[31.5135,41.0374],[31.5387,41.0399],[31.5707,41.0463],[31.5987,41.0478],[31.614,41.0499],[31.6323,41.051],[31.6554,41.0488],[31.7044,41.0418],[31.7544,41.0329],[31.7814,41.0293],[31.7903,41.0296],[31.8001,41.0243],[31.8075,41.0187],[31.8337,41.0123],[31.8536,41.0083]]]}}]}